name,latitude,longitude,category,description,place_id,price_egp
Persou II,25.9896679,33.5691741,historical,Persou II is an ancient Egyptian historical site that forms part of Egypt's extraordinary archaeological heritage. The site offers visitors a direct connection to the civilization that built one of the greatest empires of the ancient world.,1,
Taha Hussien statue,28.1025353,30.756442,cultural,"The statue of Taha Hussein, Egypt's iconic writer and intellectual known as the 'Dean of Arabic Literature,' commemorates one of the most influential figures in modern Arabic culture. Born blind in 1889, Taha Hussein overcame extraordinary obstacles to become Egypt's Minister of Education and a champion of free public education. His works including 'An Egyptian Childhood' remain classics of world literature.",6,
The Scroll,28.1043969,30.7553237,cultural,"The Scroll is a cultural institution in Egypt that preserves and presents aspects of Egyptian heritage, history, and artistic traditions for visitors and researchers alike.",7,
Horus sculpture,28.1142241,30.7499796,cultural,"Horus sculpture is a cultural institution in Egypt that preserves and presents aspects of Egyptian heritage, history, and artistic traditions for visitors and researchers alike.",8,
Fraser Tombs,28.1621148,30.7769237,historical,"The Fraser Tombs at Tihna el-Gebel in Minya governorate are a group of Old Kingdom rock-cut tombs dating to the 6th Dynasty, named after the 19th-century explorer who first documented them. The tombs contain well-preserved painted reliefs depicting daily life, agricultural scenes, and offering rituals. The site offers a relatively undiscovered window into provincial elite culture of ancient Egypt.",12,
Tihna El-Gebel,28.182739,30.7754992,historical,"Tihna el-Gebel (ancient Akoris) in Minya is an important archaeological site spanning multiple periods from the Old Kingdom through the Roman era. The site includes rock-cut tombs, a Ptolemaic temple to Thoth, and evidence of ancient quarrying activities. Its cliff-face contains hieroglyphic inscriptions recording royal expeditions and administrative activities.",13,
Aqabat,27.4735558,28.259682,other,"Aqabat is a point of interest in Egypt, contributing to the country's diverse cultural, historical, and natural landscape.",16,
Badra Valley,27.3343398,28.1877849,other,"Badra Valley is a point of interest in Egypt, contributing to the country's diverse cultural, historical, and natural landscape.",17,
White Desert,27.3528126,28.1707532,other,"The White Desert National Park in Egypt's Western Desert is one of the world's most otherworldly natural landscapes. Shaped by millennia of wind erosion, enormous chalk formations rise from the sandy floor in surreal shapes resembling mushrooms, icebergs, and animals. The park, located near Farafra Oasis, is most magical at sunrise and sunset when the white rocks glow gold and pink.",18,
The Mushrooms (Aish el-Ghorab),27.3569797,28.1705013,other,"The Mushrooms (Aish el-Ghorab) is a point of interest in Egypt, contributing to the country's diverse cultural, historical, and natural landscape.",20,
White Rabbit,27.2647752,28.1995507,other,"White Rabbit is a point of interest in Egypt, contributing to the country's diverse cultural, historical, and natural landscape.",21,
Rock Mushroom,27.2776046,28.2004509,other,"Rock Mushroom is a point of interest in Egypt, contributing to the country's diverse cultural, historical, and natural landscape.",22,
Wonderfull area with white rocks,27.2810611,28.1918618,other,"Wonderfull area with white rocks is a point of interest in Egypt, contributing to the country's diverse cultural, historical, and natural landscape.",23,
Agabat valley (limestone shrooms),27.4697656,28.4359003,other,"Agabat valley (limestone shrooms) is a point of interest in Egypt, contributing to the country's diverse cultural, historical, and natural landscape.",24,
Flower,28.4070315,35.0021796,cultural,"Flower is a cultural institution in Egypt that preserves and presents aspects of Egyptian heritage, history, and artistic traditions for visitors and researchers alike.",28,
Flower,28.4064965,35.0024814,cultural,"Flower is a cultural institution in Egypt that preserves and presents aspects of Egyptian heritage, history, and artistic traditions for visitors and researchers alike.",29,
Flower,28.4061874,35.0020489,cultural,"Flower is a cultural institution in Egypt that preserves and presents aspects of Egyptian heritage, history, and artistic traditions for visitors and researchers alike.",30,
Flower,28.4066947,35.0018011,cultural,"Flower is a cultural institution in Egypt that preserves and presents aspects of Egyptian heritage, history, and artistic traditions for visitors and researchers alike.",31,
Flower,28.4066565,35.0022047,cultural,"Flower is a cultural institution in Egypt that preserves and presents aspects of Egyptian heritage, history, and artistic traditions for visitors and researchers alike.",32,
Flower,28.4066704,35.002038,cultural,"Flower is a cultural institution in Egypt that preserves and presents aspects of Egyptian heritage, history, and artistic traditions for visitors and researchers alike.",33,
Flower,28.4065753,35.0020177,cultural,"Flower is a cultural institution in Egypt that preserves and presents aspects of Egyptian heritage, history, and artistic traditions for visitors and researchers alike.",34,
Flower,28.4065337,35.0021867,cultural,"Flower is a cultural institution in Egypt that preserves and presents aspects of Egyptian heritage, history, and artistic traditions for visitors and researchers alike.",35,
Neptuna,23.6186333,36.2037666,other,"Neptuna is a point of interest in Egypt, contributing to the country's diverse cultural, historical, and natural landscape.",44,
Khanka,23.6166601,36.2047145,other,"Khanka is a point of interest in Egypt, contributing to the country's diverse cultural, historical, and natural landscape.",45,
قلعة الجندي,29.8514696,33.1304623,other,"قلعة الجندي is a point of interest in Egypt, contributing to the country's diverse cultural, historical, and natural landscape.",46,
St. Antony's cave,28.9114738,32.3545669,other,"St. Antony's cave is a point of interest in Egypt, contributing to the country's diverse cultural, historical, and natural landscape.",47,
متحف جاير أندرسون,30.0283804,31.2507258,cultural,متحف جاير أندرسون في القاهرة الإسلامية يتكوّن من منزلين تاريخيين من القرن السابع عشر يصوّران الحياة المنزلية في مصر الإسلامية. جمعه المقدم البريطاني جاير أندرسون ويحتوي على أثاث وتحف إسلامية وأسلحة وعملات نفيسة. يُعدّ نموذجاً استثنائياً للعمارة المنزلية المملوكية المحفوظة.,51,80.0
سي أف سي سي,30.0839215,31.3330909,other,"سي أف سي سي is a point of interest in Egypt, contributing to the country's diverse cultural, historical, and natural landscape.",52,
مسلة المطرية,30.1294036,31.3074812,cultural,"مسلة المطرية is a cultural institution in Egypt that preserves and presents aspects of Egyptian heritage, history, and artistic traditions for visitors and researchers alike.",58,
المتخف الجيولوجي المصري,29.9961855,31.2287249,cultural,"المتخف الجيولوجي المصري is a cultural institution in Egypt that preserves and presents aspects of Egyptian heritage, history, and artistic traditions for visitors and researchers alike.",65,
falluka rides,29.9569275,31.2505059,other,"falluka rides is a point of interest in Egypt, contributing to the country's diverse cultural, historical, and natural landscape.",66,
طلعت حرب,30.0476098,31.2384944,cultural,تمثال طلعت حرب يحتفي بمؤسس بنك مصر عام 1920 ورائد الاقتصاد الوطني المصري. ناضل من أجل إنشاء صناعة وطنية مستقلة في مواجهة الهيمنة الاقتصادية الأجنبية. يقف التمثال في الميدان المسمى باسمه في وسط القاهرة التجاري.,68,
Imhotep Temple,29.8692525,31.2173005,historical,"The Imhotep Museum at Saqqara celebrates the genius of Imhotep, the architect of the first pyramid and later deified as a god of medicine. Built near the Step Pyramid complex, it houses remarkable artifacts discovered at Saqqara including gilded mummy masks, canopic jars, and ancient papyri. The museum offers essential context for understanding this pivotal site of Egypt's funerary heritage.",70,180.0
Serapheum,29.8760471,31.2100388,other,"Serapheum is a point of interest in Egypt, contributing to the country's diverse cultural, historical, and natural landscape.",71,
Rokn Farouk,29.8470384,31.2948309,cultural,"Rokn Farouk is a cultural institution in Egypt that preserves and presents aspects of Egyptian heritage, history, and artistic traditions for visitors and researchers alike.",75,
Wax museum,29.8601958,31.3257085,cultural,"Cairo's Wax Museum features life-size wax figures of prominent Egyptian historical and cultural figures including pharaohs, political leaders, artists, and sports personalities. Located in the entertainment district, it offers an interactive way to engage with Egypt's diverse heritage from ancient to modern times.",76,80.0
متحف أم كلثوم,30.0076221,31.2248842,cultural,متحف أم كلثوم في جزيرة الروضة بالقاهرة يحتفي بحياة كوكب الشرق أعظم مطربة في تاريخ الموسيقى العربية. يعرض ملابسها الشخصية ونظاراتها الشهيرة وصور نادرة وتسجيلات موسيقية من مسيرتها الممتدة عبر أربعة عقود. يقدم المتحف صورة حية عن الثقافة المصرية الشعبية في القرن العشرين.,77,40.0
أهرام أبو صير,29.8960933,31.2055264,historical,أهرام أبو صير is an ancient Egyptian historical site that forms part of Egypt's extraordinary archaeological heritage. The site offers visitors a direct connection to the civilization that built one of the greatest empires of the ancient world.,81,
معبد الشمس,29.8662695,31.2169648,cultural,"معبد الشمس is an ancient Egyptian temple site representing the country's rich religious and architectural heritage. These sacred spaces served as centers of worship, ritual, and economic activity in the ancient world.",82,
Wissa Wassef Art Center,29.9692025,31.176465,cultural,"Wissa Wassef Art Center is a cultural institution in Egypt that preserves and presents aspects of Egyptian heritage, history, and artistic traditions for visitors and researchers alike.",87,
سعد زغلول,30.043433,31.2271103,cultural,تمثال سعد زغلول يخلّد ذكرى زعيم الثورة المصرية عام 1919 ورمز الكفاح الوطني ضد الاحتلال البريطاني. قاد سعد زغلول الوفد المصري في مفاوضات الاستقلال وأسّس حزب الوفد الوطني. يُعدّ من أبرز رموز الهوية الوطنية المصرية الحديثة.,93,
تمثال نجيب محفوظ,30.060569,31.2082276,cultural,تمثال نجيب محفوظ يُكرّم الروائي المصري الوحيد الحائز على جائزة نوبل للآداب عام 1988. ارتبطت أعماله بأحياء القاهرة التاريخية ولا سيما أرباض القاهرة الفاطمية التي صوّرها في ثلاثيته الشهيرة. يُعدّ نجيب محفوظ صوت الضمير الأدبي للمجتمع المصري في القرن العشرين.,94,
Tombs of 3rd Dynasty,29.8768204,31.2132845,other,Tombs of 3rd Dynasty is an ancient Egyptian historical site that forms part of Egypt's extraordinary archaeological heritage. The site offers visitors a direct connection to the civilization that built one of the greatest empires of the ancient world.,95,
Philosopher's Circle,29.8748295,31.2125335,historical,"The Philosopher's Circle in Alexandria is a unique cultural landmark featuring statues of ancient Greek philosophers and thinkers who studied at or were associated with ancient Alexandria. The circle commemorates the city's golden age as the intellectual capital of the Hellenistic world, home to the Library of Alexandria and the Mouseion research center.",96,
Pyramid of Inének Int,29.8536023,31.2188051,historical,"The pyramid of Inének-Inti at Saqqara is an Old Kingdom pyramid from the 6th Dynasty, built for a queen consort of Pepi I. Though largely ruined today, its burial chamber preserves Pyramid Texts inscribed on the walls, offering valuable insight into ancient Egyptian funerary beliefs and royal rituals.",97,
Pyramid of Ânkhésenpépi II,29.8531752,31.2180183,historical,The pyramid of Ankhesenpepi II at Saqqara dates to the 6th Dynasty and was built for a queen who served as regent for her son Pepi II. The complex includes a mortuary temple and subsidiary pyramids. Its Pyramid Texts represent some of the oldest religious writings in human history.,98,
Pyramid of Ânkhésenpépi III,29.8536735,31.2179984,historical,"The pyramid of Ankhesenpepi III is one of several queens' pyramids located at South Saqqara, dating to the late Old Kingdom 6th Dynasty. The structure, though heavily damaged, forms part of the extensive royal necropolis at Saqqara that spans multiple dynasties.",99,
مسجد خاير بك,30.0358707,31.260191,other,مسجد خاير بك is a mosque serving the local Muslim community and representing Egypt's Islamic architectural heritage. Egypt's mosques range from medieval masterpieces to modern places of worship.,101,
جامع ومدرسة أم السلطان شعبان,30.0371528,31.2595924,other,"جامع ومدرسة أم السلطان شعبان is a point of interest in Egypt, contributing to the country's diverse cultural, historical, and natural landscape.",102,
مسجد و مقام بدر الدين العيني,30.0447584,31.2632964,other,مسجد و مقام بدر الدين العيني is a mosque serving the local Muslim community and representing Egypt's Islamic architectural heritage. Egypt's mosques range from medieval masterpieces to modern places of worship.,106,
مدفن سليمان باشا الفرنساوي,30.0096136,31.2285789,historical,مدفن سليمان باشا الفرنساوي is an ancient Egyptian historical site that forms part of Egypt's extraordinary archaeological heritage. The site offers visitors a direct connection to the civilization that built one of the greatest empires of the ancient world.,107,
Public garden,29.9432957,31.0930256,outdoor,"Public garden is an outdoor natural or recreational area in Egypt, offering visitors the opportunity to experience the country's diverse landscapes from the Nile Valley to the desert and Mediterranean coast.",110,
Ain Helwan,29.860913,31.324357,outdoor,"Ain Helwan is an outdoor natural or recreational area in Egypt, offering visitors the opportunity to experience the country's diverse landscapes from the Nile Valley to the desert and Mediterranean coast.",115,
MUST Opera House,29.9966129,30.9652826,other,"MUST Opera House is a point of interest in Egypt, contributing to the country's diverse cultural, historical, and natural landscape.",118,
Art al-lewa,30.0498157,31.1872587,other,"Art al-lewa is a point of interest in Egypt, contributing to the country's diverse cultural, historical, and natural landscape.",120,
المشربية,30.0439378,31.1999059,cultural,"المشربية is a cultural institution in Egypt that preserves and presents aspects of Egyptian heritage, history, and artistic traditions for visitors and researchers alike.",122,
Egyptian Textile Museum,30.049967,31.2613757,cultural,"The Egyptian Textile Museum in Cairo's Islamic Quarter is the first museum in the Arab world dedicated entirely to textiles. Located in a restored historic building, it traces the 5,000-year history of Egyptian textile production from pharaonic linen to Islamic tapestries and Coptic weavings. The collection includes rare Fatimid-era tiraz fabrics and royal garments.",126,80.0
تمثال اتحاد الكاف,29.9955542,30.9625645,other,"تمثال اتحاد الكاف is a point of interest in Egypt, contributing to the country's diverse cultural, historical, and natural landscape.",129,
Talaat Harb Culture Center,30.0238453,31.2524145,cultural,"Talaat Harb Culture Center is a cultural institution in Egypt that preserves and presents aspects of Egyptian heritage, history, and artistic traditions for visitors and researchers alike.",135,
المريوطية,30.0697,31.2019873,cultural,"المريوطية is a cultural institution in Egypt that preserves and presents aspects of Egyptian heritage, history, and artistic traditions for visitors and researchers alike.",139,
شبرا,30.0784996,31.2433049,cultural,"شبرا is a cultural institution in Egypt that preserves and presents aspects of Egyptian heritage, history, and artistic traditions for visitors and researchers alike.",140,
Ahmed Mido,30.0786802,31.2434138,cultural,"Ahmed Mido is a cultural institution in Egypt that preserves and presents aspects of Egyptian heritage, history, and artistic traditions for visitors and researchers alike.",141,
Mohamed Fares,29.8434547,31.340682,other,"Mohamed Fares is a point of interest in Egypt, contributing to the country's diverse cultural, historical, and natural landscape.",142,
كورنيش المقطم,30.0161162,31.2757109,other,"كورنيش المقطم is a point of interest in Egypt, contributing to the country's diverse cultural, historical, and natural landscape.",143,
خان الخليلي و ش الحسين,30.047772,31.261014,cultural,"خان الخليلي و ش الحسين is a cultural institution in Egypt that preserves and presents aspects of Egyptian heritage, history, and artistic traditions for visitors and researchers alike.",144,
تلة الهضبة الحديق الاهرام,29.9698056,31.1073204,other,"تلة الهضبة الحديق الاهرام is a point of interest in Egypt, contributing to the country's diverse cultural, historical, and natural landscape.",145,
7ay l 10,30.0491881,31.3790205,other,"7ay l 10 is a point of interest in Egypt, contributing to the country's diverse cultural, historical, and natural landscape.",148,
Mohamed Awad,29.9965768,31.2941209,other,"Mohamed Awad is a point of interest in Egypt, contributing to the country's diverse cultural, historical, and natural landscape.",149,
المنزل - أكتوبر,29.9518724,30.9213208,cultural,"المنزل - أكتوبر is a cultural institution in Egypt that preserves and presents aspects of Egyptian heritage, history, and artistic traditions for visitors and researchers alike.",156,
Arch Valley CNC company,29.9449937,31.0486152,cultural,"Arch Valley CNC company is a cultural institution in Egypt that preserves and presents aspects of Egyptian heritage, history, and artistic traditions for visitors and researchers alike.",159,
برج الدوحه 11 ش دجله,30.047909,31.1954244,other,"برج الدوحه 11 ش دجله is a point of interest in Egypt, contributing to the country's diverse cultural, historical, and natural landscape.",161,
ايجوث,30.0476021,31.2450357,cultural,"ايجوث is a cultural institution in Egypt that preserves and presents aspects of Egyptian heritage, history, and artistic traditions for visitors and researchers alike.",163,
كومباوند الكرمه ريزيدنس مصر,30.0517604,30.9588135,other,"كومباوند الكرمه ريزيدنس مصر is a point of interest in Egypt, contributing to the country's diverse cultural, historical, and natural landscape.",170,
Mozart,30.0538978,31.1980511,cultural,"Mozart is a cultural institution in Egypt that preserves and presents aspects of Egyptian heritage, history, and artistic traditions for visitors and researchers alike.",174,
بتروتريد,29.9777086,31.2784966,cultural,"بتروتريد is a cultural institution in Egypt that preserves and presents aspects of Egyptian heritage, history, and artistic traditions for visitors and researchers alike.",178,
مستشفى ناصر,30.0965672,31.2406548,cultural,"مستشفى ناصر is a cultural institution in Egypt that preserves and presents aspects of Egyptian heritage, history, and artistic traditions for visitors and researchers alike.",181,
مترو دقي,30.0386086,31.2122581,cultural,"مترو دقي is a cultural institution in Egypt that preserves and presents aspects of Egyptian heritage, history, and artistic traditions for visitors and researchers alike.",182,
رمسيس,30.0616901,31.2470284,cultural,"رمسيس is a cultural institution in Egypt that preserves and presents aspects of Egyptian heritage, history, and artistic traditions for visitors and researchers alike.",184,
العتبة,30.0509915,31.2499736,cultural,"العتبة is a cultural institution in Egypt that preserves and presents aspects of Egyptian heritage, history, and artistic traditions for visitors and researchers alike.",185,
موقف العاشر,30.0487931,31.378874,cultural,"موقف العاشر is a cultural institution in Egypt that preserves and presents aspects of Egyptian heritage, history, and artistic traditions for visitors and researchers alike.",186,
التعليم الخاص,30.0380547,31.3413567,cultural,"التعليم الخاص is a cultural institution in Egypt that preserves and presents aspects of Egyptian heritage, history, and artistic traditions for visitors and researchers alike.",187,
العودة,30.0532485,31.342352,cultural,"العودة is a cultural institution in Egypt that preserves and presents aspects of Egyptian heritage, history, and artistic traditions for visitors and researchers alike.",188,
مركز الفتح,29.9633978,31.2582621,cultural,"مركز الفتح is a cultural institution in Egypt that preserves and presents aspects of Egyptian heritage, history, and artistic traditions for visitors and researchers alike.",189,
مصاري,30.0450738,31.2401143,cultural,"مصاري is a cultural institution in Egypt that preserves and presents aspects of Egyptian heritage, history, and artistic traditions for visitors and researchers alike.",190,
محل اواعي,30.0508375,31.2424482,cultural,"محل اواعي is a cultural institution in Egypt that preserves and presents aspects of Egyptian heritage, history, and artistic traditions for visitors and researchers alike.",191,
دقي,30.0389658,31.2099693,cultural,"دقي is a cultural institution in Egypt that preserves and presents aspects of Egyptian heritage, history, and artistic traditions for visitors and researchers alike.",193,
تركترون,30.0461664,31.3547934,cultural,"تركترون is a cultural institution in Egypt that preserves and presents aspects of Egyptian heritage, history, and artistic traditions for visitors and researchers alike.",194,
اول الشارع,30.0684326,31.3363238,cultural,"اول الشارع is a cultural institution in Egypt that preserves and presents aspects of Egyptian heritage, history, and artistic traditions for visitors and researchers alike.",195,
سراج مول,30.0512224,31.3501105,cultural,"سراج مول is a cultural institution in Egypt that preserves and presents aspects of Egyptian heritage, history, and artistic traditions for visitors and researchers alike.",196,
هوندا,30.0169758,31.2290052,cultural,"هوندا is a cultural institution in Egypt that preserves and presents aspects of Egyptian heritage, history, and artistic traditions for visitors and researchers alike.",197,
شركه رفتراك مصر للتبريد,30.1389147,31.3968,other,"شركه رفتراك مصر للتبريد is a point of interest in Egypt, contributing to the country's diverse cultural, historical, and natural landscape.",199,
رسم زجاج و اركت وكروشية,30.0531415,30.9880123,cultural,"رسم زجاج و اركت وكروشية is a cultural institution in Egypt that preserves and presents aspects of Egyptian heritage, history, and artistic traditions for visitors and researchers alike.",202,
شركة إيواي للسياحة,30.1068587,31.3266973,cultural,"شركة إيواي للسياحة is a cultural institution in Egypt that preserves and presents aspects of Egyptian heritage, history, and artistic traditions for visitors and researchers alike.",204,
No name,30.1189384,31.3063474,other,"No name is a point of interest in Egypt, contributing to the country's diverse cultural, historical, and natural landscape.",205,
Arabeya Apartments,30.0666781,31.2087436,other,"Arabeya Apartments is a point of interest in Egypt, contributing to the country's diverse cultural, historical, and natural landscape.",207,
Photo point of Pyramids,29.9688067,31.1265741,other,Photo point of Pyramids is an ancient Egyptian historical site that forms part of Egypt's extraordinary archaeological heritage. The site offers visitors a direct connection to the civilization that built one of the greatest empires of the ancient world.,210,
آثار عين شمس . مدينة اون القديمة .,30.1260972,31.3192333,other,"آثار عين شمس . مدينة اون القديمة . is a point of interest in Egypt, contributing to the country's diverse cultural, historical, and natural landscape.",211,
49 Amman Street,30.0411108,31.2042596,other,"49 Amman Street is a point of interest in Egypt, contributing to the country's diverse cultural, historical, and natural landscape.",216,
كهروميكا,30.0364304,31.2177982,cultural,"كهروميكا is a cultural institution in Egypt that preserves and presents aspects of Egyptian heritage, history, and artistic traditions for visitors and researchers alike.",218,
كوبري قصر النيل,30.0436895,31.2298343,other,"كوبري قصر النيل is a point of interest in Egypt, contributing to the country's diverse cultural, historical, and natural landscape.",224,
Unfinished Northern Pyramid of Zawyet El Aryan,29.9401222,31.151556,historical,Unfinished Northern Pyramid of Zawyet El Aryan is an ancient Egyptian historical site that forms part of Egypt's extraordinary archaeological heritage. The site offers visitors a direct connection to the civilization that built one of the greatest empires of the ancient world.,232,
Double Pyramid,29.89306,31.20306,historical,Double Pyramid is an ancient Egyptian historical site that forms part of Egypt's extraordinary archaeological heritage. The site offers visitors a direct connection to the civilization that built one of the greatest empires of the ancient world.,233,
Lepsius XXIV,29.893528,31.202861,historical,Lepsius XXIV is an ancient Egyptian historical site that forms part of Egypt's extraordinary archaeological heritage. The site offers visitors a direct connection to the civilization that built one of the greatest empires of the ancient world.,234,
Pyramid of Khentkaus II,29.894139,31.2025,historical,Pyramid of Khentkaus II is an ancient Egyptian historical site that forms part of Egypt's extraordinary archaeological heritage. The site offers visitors a direct connection to the civilization that built one of the greatest empires of the ancient world.,235,
Unfinished Pyramid of Abusir,29.89861,31.20167,other,Unfinished Pyramid of Abusir is an ancient Egyptian historical site that forms part of Egypt's extraordinary archaeological heritage. The site offers visitors a direct connection to the civilization that built one of the greatest empires of the ancient world.,236,
Qakare Ibi,29.84167,31.21778,historical,"Qakare Ibi is a point of interest in Egypt, contributing to the country's diverse cultural, historical, and natural landscape.",237,
Pyramid of Reherishefnakht,29.85389,31.21778,historical,Pyramid of Reherishefnakht is an ancient Egyptian historical site that forms part of Egypt's extraordinary archaeological heritage. The site offers visitors a direct connection to the civilization that built one of the greatest empires of the ancient world.,238,
Layer Pyramid,29.93282,31.161262,historical,Layer Pyramid is an ancient Egyptian historical site that forms part of Egypt's extraordinary archaeological heritage. The site offers visitors a direct connection to the civilization that built one of the greatest empires of the ancient world.,239,
المجموعة ٢,30.0796697,31.4048892,cultural,"المجموعة ٢ is a cultural institution in Egypt that preserves and presents aspects of Egyptian heritage, history, and artistic traditions for visitors and researchers alike.",241,
STAR INK,29.9543832,31.2592845,cultural,"STAR INK is a cultural institution in Egypt that preserves and presents aspects of Egyptian heritage, history, and artistic traditions for visitors and researchers alike.",242,
الميدان المركزي للمصاطب والمقابر الصخرية,29.973947,31.1380005,other,"الميدان المركزي للمصاطب والمقابر الصخرية is a point of interest in Egypt, contributing to the country's diverse cultural, historical, and natural landscape.",244,
Southern field of mainly rock cut tombs,29.9689654,31.1398941,other,Southern field of mainly rock cut tombs is an ancient Egyptian historical site that forms part of Egypt's extraordinary archaeological heritage. The site offers visitors a direct connection to the civilization that built one of the greatest empires of the ancient world.,245,
Mastabas and rock cut tombs,29.9743792,31.1346424,other,Mastabas and rock cut tombs is an ancient Egyptian historical site that forms part of Egypt's extraordinary archaeological heritage. The site offers visitors a direct connection to the civilization that built one of the greatest empires of the ancient world.,246,
المقبرة الغربية,29.9799042,31.1309892,other,"المقبرة الغربية is a point of interest in Egypt, contributing to the country's diverse cultural, historical, and natural landscape.",248,
Work,29.9855985,31.3046659,cultural,"Work is a cultural institution in Egypt that preserves and presents aspects of Egyptian heritage, history, and artistic traditions for visitors and researchers alike.",251,
تمثال قصر النيل,30.0439664,31.231621,other,"تمثال قصر النيل is a point of interest in Egypt, contributing to the country's diverse cultural, historical, and natural landscape.",255,
Carrefour MAADI,29.9822264,31.3161741,other,"Carrefour MAADI is a point of interest in Egypt, contributing to the country's diverse cultural, historical, and natural landscape.",256,
الحى السادس مدينة نصر,30.0506511,31.3119196,other,"الحى السادس مدينة نصر is a point of interest in Egypt, contributing to the country's diverse cultural, historical, and natural landscape.",258,
Cairo Photography Club,29.959,31.257741,other,"Cairo Photography Club is a point of interest in Egypt, contributing to the country's diverse cultural, historical, and natural landscape.",261,
Fisher Boats,29.9982082,31.2254095,other,"Fisher Boats is a point of interest in Egypt, contributing to the country's diverse cultural, historical, and natural landscape.",262,
Fisher Boats,29.9957645,31.2257365,other,"Fisher Boats is a point of interest in Egypt, contributing to the country's diverse cultural, historical, and natural landscape.",263,
دار مناسبات مسجد الشرطة,30.0520993,31.2762919,other,دار مناسبات مسجد الشرطة is a mosque serving the local Muslim community and representing Egypt's Islamic architectural heritage. Egypt's mosques range from medieval masterpieces to modern places of worship.,264,
أم كلثوم,30.0640916,31.2157202,cultural,"أم كلثوم is a cultural institution in Egypt that preserves and presents aspects of Egyptian heritage, history, and artistic traditions for visitors and researchers alike.",267,
جامعة القاهرة,30.0287374,31.207713,cultural,"جامعة القاهرة is a cultural institution in Egypt that preserves and presents aspects of Egyptian heritage, history, and artistic traditions for visitors and researchers alike.",268,
العودة,30.066004,31.1743549,cultural,"العودة is a cultural institution in Egypt that preserves and presents aspects of Egyptian heritage, history, and artistic traditions for visitors and researchers alike.",269,
Mogamma Nasr El Din,30.011417,31.205376,other,"Mogamma Nasr El Din is a point of interest in Egypt, contributing to the country's diverse cultural, historical, and natural landscape.",270,
Sasa Sakr Quraish,29.9861423,31.291293,other,"Sasa Sakr Quraish is a point of interest in Egypt, contributing to the country's diverse cultural, historical, and natural landscape.",271,
Apple,29.9547,31.0038741,cultural,"Apple is a cultural institution in Egypt that preserves and presents aspects of Egyptian heritage, history, and artistic traditions for visitors and researchers alike.",272,
بداية طريق شبرا بنها الجديد,30.1496727,31.2577607,other,"بداية طريق شبرا بنها الجديد is a point of interest in Egypt, contributing to the country's diverse cultural, historical, and natural landscape.",276,
تحت الكوبري للعبور للجهة المقابلة,30.093321,31.3386382,other,"تحت الكوبري للعبور للجهة المقابلة is a point of interest in Egypt, contributing to the country's diverse cultural, historical, and natural landscape.",278,
برج النواوى السكنى,30.0858049,31.2906424,other,"برج النواوى السكنى is a point of interest in Egypt, contributing to the country's diverse cultural, historical, and natural landscape.",279,
مكتب المحامي,30.0036873,31.173352,cultural,"مكتب المحامي is a cultural institution in Egypt that preserves and presents aspects of Egyptian heritage, history, and artistic traditions for visitors and researchers alike.",281,
Main Entrance Gate,30.0169542,31.3897913,other,"Main Entrance Gate is a point of interest in Egypt, contributing to the country's diverse cultural, historical, and natural landscape.",283,
مسجد صبحي حسين,30.0000041,31.3308456,other,مسجد صبحي حسين is a mosque serving the local Muslim community and representing Egypt's Islamic architectural heritage. Egypt's mosques range from medieval masterpieces to modern places of worship.,284,
أبراج الصفا و المروة,29.9901734,31.1621553,other,"أبراج الصفا و المروة is a point of interest in Egypt, contributing to the country's diverse cultural, historical, and natural landscape.",287,
Magic House,29.9807791,31.1380728,other,"Magic House is a point of interest in Egypt, contributing to the country's diverse cultural, historical, and natural landscape.",289,
شركة سيما للمواد الغذائية,29.9726675,31.1635427,cultural,"شركة سيما للمواد الغذائية is a cultural institution in Egypt that preserves and presents aspects of Egyptian heritage, history, and artistic traditions for visitors and researchers alike.",292,
Leith ibn saud mosque,30.0076121,31.2577156,other,Leith ibn saud mosque is a mosque serving the local Muslim community and representing Egypt's Islamic architectural heritage. Egypt's mosques range from medieval masterpieces to modern places of worship.,296,
My new home,30.0668366,30.9478739,other,"My new home is a point of interest in Egypt, contributing to the country's diverse cultural, historical, and natural landscape.",303,
captain ashraf taher home,30.1079842,31.3428974,other,"captain ashraf taher home is a point of interest in Egypt, contributing to the country's diverse cultural, historical, and natural landscape.",307,
Cairo home,30.0750677,30.9812816,other,"Cairo home is a point of interest in Egypt, contributing to the country's diverse cultural, historical, and natural landscape.",308,
Barakat Home (6th of Oct),29.960197,30.9401359,other,"Barakat Home (6th of Oct) is a point of interest in Egypt, contributing to the country's diverse cultural, historical, and natural landscape.",314,
نادى المحامين النهرى,29.9907548,31.2283862,other,"نادى المحامين النهرى is a point of interest in Egypt, contributing to the country's diverse cultural, historical, and natural landscape.",319,
miraj hall,29.9559813,31.153332,other,"miraj hall is a point of interest in Egypt, contributing to the country's diverse cultural, historical, and natural landscape.",323,
ABUSIMBEL PAPYRUS,29.9813351,31.1430577,cultural,"ABUSIMBEL PAPYRUS is a cultural institution in Egypt that preserves and presents aspects of Egyptian heritage, history, and artistic traditions for visitors and researchers alike.",324,
مقر سناك شوت,29.9964033,31.3127957,cultural,"مقر سناك شوت is a cultural institution in Egypt that preserves and presents aspects of Egyptian heritage, history, and artistic traditions for visitors and researchers alike.",327,
Farida home,29.9945901,30.982463,other,"Farida home is a point of interest in Egypt, contributing to the country's diverse cultural, historical, and natural landscape.",335,
مقر اكسلوسيف,29.9690249,31.3348687,cultural,"مقر اكسلوسيف is a cultural institution in Egypt that preserves and presents aspects of Egyptian heritage, history, and artistic traditions for visitors and researchers alike.",336,
Hnaton Carpet School,29.8633751,31.2327498,other,"Hnaton Carpet School is a point of interest in Egypt, contributing to the country's diverse cultural, historical, and natural landscape.",337,
شارع الهرم اختصار,30.0036367,31.1857381,other,"شارع الهرم اختصار is a point of interest in Egypt, contributing to the country's diverse cultural, historical, and natural landscape.",342,
اولكر,30.1088902,31.1994124,cultural,"اولكر is a cultural institution in Egypt that preserves and presents aspects of Egyptian heritage, history, and artistic traditions for visitors and researchers alike.",343,
مسجد رامو,29.9820436,30.979335,other,مسجد رامو is a mosque serving the local Muslim community and representing Egypt's Islamic architectural heritage. Egypt's mosques range from medieval masterpieces to modern places of worship.,344,
شغل,30.0000793,31.2648544,cultural,"شغل is a cultural institution in Egypt that preserves and presents aspects of Egyptian heritage, history, and artistic traditions for visitors and researchers alike.",345,
Dok Dok Boating,30.0367696,31.2289963,other,"Dok Dok Boating is a point of interest in Egypt, contributing to the country's diverse cultural, historical, and natural landscape.",348,
Sharia al Muizz Li Din Allah,30.0467278,31.2600713,other,"Sharia al Muizz Li Din Allah is a point of interest in Egypt, contributing to the country's diverse cultural, historical, and natural landscape.",349,
مصور احمد سامي,30.0383492,31.1964311,cultural,"مصور احمد سامي is a cultural institution in Egypt that preserves and presents aspects of Egyptian heritage, history, and artistic traditions for visitors and researchers alike.",350,
سيدنا الحسين,30.0465867,31.2614212,cultural,"سيدنا الحسين is a cultural institution in Egypt that preserves and presents aspects of Egyptian heritage, history, and artistic traditions for visitors and researchers alike.",351,
السيدة نفيسه,30.019316,31.2510038,cultural,"السيدة نفيسه is a cultural institution in Egypt that preserves and presents aspects of Egyptian heritage, history, and artistic traditions for visitors and researchers alike.",352,
EGY hawamdya,29.8901274,31.2720231,other,"EGY hawamdya is a point of interest in Egypt, contributing to the country's diverse cultural, historical, and natural landscape.",365,
Houra Mht,29.9993741,31.1510642,other,"Houra Mht is a point of interest in Egypt, contributing to the country's diverse cultural, historical, and natural landscape.",371,
Masjid AlPasha,30.0211054,31.2252474,other,"Masjid AlPasha is a point of interest in Egypt, contributing to the country's diverse cultural, historical, and natural landscape.",373,
ashraf,30.1294985,31.2741646,other,"ashraf is a point of interest in Egypt, contributing to the country's diverse cultural, historical, and natural landscape.",377,
new home,30.0041448,31.0488784,other,"new home is a point of interest in Egypt, contributing to the country's diverse cultural, historical, and natural landscape.",382,
Zamalek tree,30.0466497,31.2250489,other,"Zamalek tree is a point of interest in Egypt, contributing to the country's diverse cultural, historical, and natural landscape.",387,
32 ريينا أب تاون كايرو د/وائل حبيب,30.024972,31.3133971,other,"32 ريينا أب تاون كايرو د/وائل حبيب is a point of interest in Egypt, contributing to the country's diverse cultural, historical, and natural landscape.",389,
Anubieion,29.8751644,31.2230149,other,"Anubieion is a point of interest in Egypt, contributing to the country's diverse cultural, historical, and natural landscape.",393,
nasr city h,30.0459416,31.3275669,other,"nasr city h is a point of interest in Egypt, contributing to the country's diverse cultural, historical, and natural landscape.",398,
apartamento,30.1406644,31.3609787,other,"apartamento is a point of interest in Egypt, contributing to the country's diverse cultural, historical, and natural landscape.",399,
apartamento verdadero,30.1390253,31.3617387,other,"apartamento verdadero is a point of interest in Egypt, contributing to the country's diverse cultural, historical, and natural landscape.",400,
منزل عبدالباسط محمود حسن,30.1464667,31.2324835,other,"منزل عبدالباسط محمود حسن is a point of interest in Egypt, contributing to the country's diverse cultural, historical, and natural landscape.",401,
Bubasteion,29.8735271,31.2239814,historical,Bubasteion is an ancient Egyptian historical site that forms part of Egypt's extraordinary archaeological heritage. The site offers visitors a direct connection to the civilization that built one of the greatest empires of the ancient world.,402,
Tomb of Meresankh III,29.9778003,31.1377395,other,Tomb of Meresankh III is an ancient Egyptian historical site that forms part of Egypt's extraordinary archaeological heritage. The site offers visitors a direct connection to the civilization that built one of the greatest empires of the ancient world.,410,
Shahbor Studio,29.97128,31.1425487,other,"Shahbor Studio is a point of interest in Egypt, contributing to the country's diverse cultural, historical, and natural landscape.",414,
منزل ابو دعاء المصري,30.0093403,31.3381087,other,"منزل ابو دعاء المصري is a point of interest in Egypt, contributing to the country's diverse cultural, historical, and natural landscape.",416,
Photo point of Pyramids,29.974455,31.1239021,other,Photo point of Pyramids is an ancient Egyptian historical site that forms part of Egypt's extraordinary archaeological heritage. The site offers visitors a direct connection to the civilization that built one of the greatest empires of the ancient world.,418,
Panorama point II.,29.9664651,31.1279181,other,"Panorama point II. is a point of interest in Egypt, contributing to the country's diverse cultural, historical, and natural landscape.",419,
Anubis Kingdom Pyramids Hotel,29.9738329,31.1408581,other,Anubis Kingdom Pyramids Hotel is an ancient Egyptian historical site that forms part of Egypt's extraordinary archaeological heritage. The site offers visitors a direct connection to the civilization that built one of the greatest empires of the ancient world.,420,
Pyramids View apartment,29.9739005,31.1421593,other,Pyramids View apartment is an ancient Egyptian historical site that forms part of Egypt's extraordinary archaeological heritage. The site offers visitors a direct connection to the civilization that built one of the greatest empires of the ancient world.,423,
Al Masar Art Gallery,30.0594759,31.2242203,cultural,"Al Masar Art Gallery is a cultural institution in Egypt that preserves and presents aspects of Egyptian heritage, history, and artistic traditions for visitors and researchers alike.",431,
Pyramids Power Inn,29.9724605,31.1429041,other,Pyramids Power Inn is an ancient Egyptian historical site that forms part of Egypt's extraordinary archaeological heritage. The site offers visitors a direct connection to the civilization that built one of the greatest empires of the ancient world.,432,
تويوتا AMG,29.9846213,31.3573363,cultural,"تويوتا AMG is a cultural institution in Egypt that preserves and presents aspects of Egyptian heritage, history, and artistic traditions for visitors and researchers alike.",433,
عمارة 55 شارع الطيران,30.0762043,31.3208128,other,"عمارة 55 شارع الطيران is a point of interest in Egypt, contributing to the country's diverse cultural, historical, and natural landscape.",434,
عمارة اول مايو رقم 8,30.0685063,31.3384587,other,"عمارة اول مايو رقم 8 is a point of interest in Egypt, contributing to the country's diverse cultural, historical, and natural landscape.",435,
Amira Adoum,30.0766085,31.334273,other,"Amira Adoum is a point of interest in Egypt, contributing to the country's diverse cultural, historical, and natural landscape.",436,
Bayt Yakan,30.0367215,31.2583465,other,"Bayt Yakan is a point of interest in Egypt, contributing to the country's diverse cultural, historical, and natural landscape.",438,
Cleopatra’s Museum,29.9972735,31.217199,cultural,"Cleopatra’s Museum is a cultural institution in Egypt that preserves and presents aspects of Egyptian heritage, history, and artistic traditions for visitors and researchers alike.",443,
Qattah,30.2170479,30.9668449,historical,Qattah is an ancient Egyptian historical site that forms part of Egypt's extraordinary archaeological heritage. The site offers visitors a direct connection to the civilization that built one of the greatest empires of the ancient world.,445,
Masr 5614,30.0617969,31.3400787,other,"Masr 5614 is a point of interest in Egypt, contributing to the country's diverse cultural, historical, and natural landscape.",447,
Building No 18,30.0087746,31.207135,other,"Building No 18 is a point of interest in Egypt, contributing to the country's diverse cultural, historical, and natural landscape.",452,
سيمون بوليفار,30.0423713,31.2330885,cultural,"سيمون بوليفار is a cultural institution in Egypt that preserves and presents aspects of Egyptian heritage, history, and artistic traditions for visitors and researchers alike.",461,
تمثال السيد عمر مكرم,30.0439284,31.2347865,cultural,"تمثال السيد عمر مكرم is a cultural institution in Egypt that preserves and presents aspects of Egyptian heritage, history, and artistic traditions for visitors and researchers alike.",463,
Contemporary Image Collective (CIC) - مركز الصورة المعاصرة,30.0498341,31.2403083,other,"Contemporary Image Collective (CIC) - مركز الصورة المعاصرة is a point of interest in Egypt, contributing to the country's diverse cultural, historical, and natural landscape.",479,
Hesham Kamal,30.0013548,31.0147588,other,"Hesham Kamal is a point of interest in Egypt, contributing to the country's diverse cultural, historical, and natural landscape.",482,
مسجد الكمال,30.0026376,31.0120185,other,مسجد الكمال is a mosque serving the local Muslim community and representing Egypt's Islamic architectural heritage. Egypt's mosques range from medieval masterpieces to modern places of worship.,487,
مسجد أبو شقه,30.0112345,31.018107,other,مسجد أبو شقه is a mosque serving the local Muslim community and representing Egypt's Islamic architectural heritage. Egypt's mosques range from medieval masterpieces to modern places of worship.,490,
مقر العمل,30.1082353,31.3146685,cultural,"مقر العمل is a cultural institution in Egypt that preserves and presents aspects of Egyptian heritage, history, and artistic traditions for visitors and researchers alike.",495,
SWISS ARCHEOLOGICAL MUSEUM,30.0621364,31.2239665,cultural,"SWISS ARCHEOLOGICAL MUSEUM is a cultural institution in Egypt that preserves and presents aspects of Egyptian heritage, history, and artistic traditions for visitors and researchers alike.",503,
Alabaster sphinx,29.8495549,31.2548784,cultural,"Alabaster sphinx is a cultural institution in Egypt that preserves and presents aspects of Egyptian heritage, history, and artistic traditions for visitors and researchers alike.",505,
Statue of Rameses II,29.8495976,31.2556299,cultural,"Statue of Rameses II is a cultural institution in Egypt that preserves and presents aspects of Egyptian heritage, history, and artistic traditions for visitors and researchers alike.",506,
Statue of Rameses II,29.8494326,31.2543496,cultural,"Statue of Rameses II is a cultural institution in Egypt that preserves and presents aspects of Egyptian heritage, history, and artistic traditions for visitors and researchers alike.",507,
local bazaar,30.0489115,31.252135,other,"local bazaar is a point of interest in Egypt, contributing to the country's diverse cultural, historical, and natural landscape.",511,
مقام شيخ الاسلام زكريا الأنصاري,30.0119285,31.258363,other,"مقام شيخ الاسلام زكريا الأنصاري is a point of interest in Egypt, contributing to the country's diverse cultural, historical, and natural landscape.",512,
Doaa Zaki,29.9547861,30.9326832,other,"Doaa Zaki is a point of interest in Egypt, contributing to the country's diverse cultural, historical, and natural landscape.",522,
منزل محمد سيد احمد الخولي,30.0367036,31.1856824,other,"منزل محمد سيد احمد الخولي is a point of interest in Egypt, contributing to the country's diverse cultural, historical, and natural landscape.",527,
منزل اشرف محمد سيداحمد,30.0427836,31.1727926,other,"منزل اشرف محمد سيداحمد is a point of interest in Egypt, contributing to the country's diverse cultural, historical, and natural landscape.",528,
Chan el-Chalili,30.0475461,31.2624073,other,"Chan el-Chalili is a point of interest in Egypt, contributing to the country's diverse cultural, historical, and natural landscape.",531,
ال90 فدان منطقه 9 عماره 24,29.8573907,31.3864532,other,"ال90 فدان منطقه 9 عماره 24 is a point of interest in Egypt, contributing to the country's diverse cultural, historical, and natural landscape.",537,
ال90 فدان منطقه 1 عماره 11,29.8571073,31.3883786,other,"ال90 فدان منطقه 1 عماره 11 is a point of interest in Egypt, contributing to the country's diverse cultural, historical, and natural landscape.",538,
ابناء الشيخ للالكترونيات,30.0529965,31.4009084,cultural,"ابناء الشيخ للالكترونيات is a cultural institution in Egypt that preserves and presents aspects of Egyptian heritage, history, and artistic traditions for visitors and researchers alike.",539,
Photo point of Pyramids,29.9678802,31.1250045,other,Photo point of Pyramids is an ancient Egyptian historical site that forms part of Egypt's extraordinary archaeological heritage. The site offers visitors a direct connection to the civilization that built one of the greatest empires of the ancient world.,540,
House of Kharazati,30.0521212,31.2622164,other,"House of Kharazati is a point of interest in Egypt, contributing to the country's diverse cultural, historical, and natural landscape.",542,
حازم حمزه لصيانه السخانات الغاز,30.0657031,31.1760878,cultural,"حازم حمزه لصيانه السخانات الغاز is a cultural institution in Egypt that preserves and presents aspects of Egyptian heritage, history, and artistic traditions for visitors and researchers alike.",543,
Studio Emad Eddin Foundation,30.0557471,31.244208,cultural,"Studio Emad Eddin Foundation is a cultural institution in Egypt that preserves and presents aspects of Egyptian heritage, history, and artistic traditions for visitors and researchers alike.",544,
Oriental weavers,30.1068908,31.3673902,cultural,"Oriental weavers is a cultural institution in Egypt that preserves and presents aspects of Egyptian heritage, history, and artistic traditions for visitors and researchers alike.",546,
Rasha home,30.0004732,31.1726928,other,"Rasha home is a point of interest in Egypt, contributing to the country's diverse cultural, historical, and natural landscape.",551,
Takiyyat Ibrahim al-Gulshani,30.0429799,31.2568082,other,"Takiyyat Ibrahim al-Gulshani is a point of interest in Egypt, contributing to the country's diverse cultural, historical, and natural landscape.",552,
متحف جمال عبد الناصر,30.0865458,31.3106874,cultural,"متحف جمال عبد الناصر is a cultural institution in Egypt that preserves and presents aspects of Egyptian heritage, history, and artistic traditions for visitors and researchers alike.",554,40.0
معرض معدات مطابخ وكافيهات,29.9584208,30.9459175,cultural,"معرض معدات مطابخ وكافيهات is a cultural institution in Egypt that preserves and presents aspects of Egyptian heritage, history, and artistic traditions for visitors and researchers alike.",556,
متحف آدم حنين,29.9719641,31.1751941,cultural,"متحف آدم حنين is a cultural institution in Egypt that preserves and presents aspects of Egyptian heritage, history, and artistic traditions for visitors and researchers alike.",557,
Palace Gate of Al Amir Manjak,30.0340889,31.2563769,other,"Palace Gate of Al Amir Manjak is a point of interest in Egypt, contributing to the country's diverse cultural, historical, and natural landscape.",563,
حازم حمزه لصيانه السخانات الغاز,30.0656147,31.1760926,cultural,"حازم حمزه لصيانه السخانات الغاز is a cultural institution in Egypt that preserves and presents aspects of Egyptian heritage, history, and artistic traditions for visitors and researchers alike.",564,
المتحف الحربي القومي,30.0309246,31.2625649,cultural,المتحف الحربي القومي في قلعة صلاح الدين بالقاهرة يوثّق تاريخ الجيش المصري عبر العصور. يضم مجموعة ضخمة من الأسلحة والمدافع والزي العسكري والخرائط الحربية. تُعدّ معروضاته المتعلقة بحرب أكتوبر 1973 من أبرز أجنحة المتحف.,573,30.0
سبيل وكتاب عبدالرحمن كتخدا,30.050709,31.261593,cultural,"سبيل وكتاب عبدالرحمن كتخدا is a cultural institution in Egypt that preserves and presents aspects of Egyptian heritage, history, and artistic traditions for visitors and researchers alike.",574,
Elgabry horse club,29.9737227,31.142124,other,"Elgabry horse club is a point of interest in Egypt, contributing to the country's diverse cultural, historical, and natural landscape.",578,
تمثال نهضة مصر,30.0282948,31.2158727,cultural,"تمثال نهضة مصر is a cultural institution in Egypt that preserves and presents aspects of Egyptian heritage, history, and artistic traditions for visitors and researchers alike.",580,
Ice skating,30.1032428,31.3867592,other,"Ice skating is a point of interest in Egypt, contributing to the country's diverse cultural, historical, and natural landscape.",581,
تمثال احمد شوقي,30.0307033,31.2126557,cultural,"تمثال احمد شوقي is a cultural institution in Egypt that preserves and presents aspects of Egyptian heritage, history, and artistic traditions for visitors and researchers alike.",583,
Falak Art Gallery,30.0371418,31.2331189,other,"Falak Art Gallery is a point of interest in Egypt, contributing to the country's diverse cultural, historical, and natural landscape.",584,
AbdelAziz Ahmed علي عزوز ابوعلوة,30.1541124,31.0343386,other,"AbdelAziz Ahmed علي عزوز ابوعلوة is a point of interest in Egypt, contributing to the country's diverse cultural, historical, and natural landscape.",585,
موقع ميلاد الثورة المصرية 2011,30.0445853,31.2356095,other,"موقع ميلاد الثورة المصرية 2011 is a point of interest in Egypt, contributing to the country's diverse cultural, historical, and natural landscape.",586,
موقع ميلاد ثورة 30 يونيو,30.0441957,31.2357769,other,"موقع ميلاد ثورة 30 يونيو is a point of interest in Egypt, contributing to the country's diverse cultural, historical, and natural landscape.",588,
أون,30.1292477,31.3079279,historical,أون is an ancient Egyptian historical site that forms part of Egypt's extraordinary archaeological heritage. The site offers visitors a direct connection to the civilization that built one of the greatest empires of the ancient world.,589,
موقع الانقلاب المصري عام 2013,30.0828773,31.3160006,other,"موقع الانقلاب المصري عام 2013 is a point of interest in Egypt, contributing to the country's diverse cultural, historical, and natural landscape.",590,
تمثال الشيخ زايد,30.0194236,31.0072661,cultural,"تمثال الشيخ زايد is a cultural institution in Egypt that preserves and presents aspects of Egyptian heritage, history, and artistic traditions for visitors and researchers alike.",592,
Sun Temple Palace,29.8983124,31.2091759,other,"Sun Temple Palace is an ancient Egyptian temple site representing the country's rich religious and architectural heritage. These sacred spaces served as centers of worship, ritual, and economic activity in the ancient world.",593,
entrance gate to Sun Temple Palace guesthouse,29.8980182,31.2086805,other,"entrance gate to Sun Temple Palace guesthouse is an ancient Egyptian temple site representing the country's rich religious and architectural heritage. These sacred spaces served as centers of worship, ritual, and economic activity in the ancient world.",594,
open horse way from pyramids to town,29.8867143,31.212712,other,open horse way from pyramids to town is an ancient Egyptian historical site that forms part of Egypt's extraordinary archaeological heritage. The site offers visitors a direct connection to the civilization that built one of the greatest empires of the ancient world.,596,
بيت السناري,30.0329644,31.2428189,cultural,"بيت السناري is a cultural institution in Egypt that preserves and presents aspects of Egyptian heritage, history, and artistic traditions for visitors and researchers alike.",608,
loads of horse and buggy rides in the desert sand right along the fence,29.9590344,31.1284628,other,"loads of horse and buggy rides in the desert sand right along the fence is a point of interest in Egypt, contributing to the country's diverse cultural, historical, and natural landscape.",609,
ضريح أنور السادات,30.0654033,31.3138664,historical,ضريح أنور السادات is an ancient Egyptian historical site that forms part of Egypt's extraordinary archaeological heritage. The site offers visitors a direct connection to the civilization that built one of the greatest empires of the ancient world.,610,
ضريح جمال عبد الناصر,30.0833742,31.2942979,historical,ضريح جمال عبد الناصر is an ancient Egyptian historical site that forms part of Egypt's extraordinary archaeological heritage. The site offers visitors a direct connection to the civilization that built one of the greatest empires of the ancient world.,611,
قبر محمد مرسي,30.0294477,31.3519114,historical,قبر محمد مرسي is an ancient Egyptian historical site that forms part of Egypt's extraordinary archaeological heritage. The site offers visitors a direct connection to the civilization that built one of the greatest empires of the ancient world.,612,
The pyramid complex of king Khufu,29.9806333,31.1338581,historical,"The pyramid complex of King Khufu at Giza stands as one of humanity's greatest architectural achievements. The site includes the Great Pyramid, boat pits, mortuary temple, and causeways connecting to the Nile valley temple. This 4,500-year-old monument continues to reveal new secrets to archaeologists through ongoing excavations.",618,400.0
Pyramid complex of Khufu (Cheops in Greek),29.9794364,31.1355056,historical,"The Khufu pyramid complex at Giza encompasses the Great Pyramid, three subsidiary pyramids, the Great Sphinx, and the Valley Temple. This UNESCO World Heritage site represents the pinnacle of ancient Egyptian architectural achievement. The complex took approximately 20 years to complete and required an estimated 2.3 million stone blocks.",620,400.0
The sanctuary // Dynasty 26 tomb shaft,29.9792063,31.1354453,historical,The sanctuary // Dynasty 26 tomb shaft is an ancient Egyptian historical site that forms part of Egypt's extraordinary archaeological heritage. The site offers visitors a direct connection to the civilization that built one of the greatest empires of the ancient world.,624,
متحف قصر عابدين,30.0434053,31.2478331,cultural,متحف قصر عابدين الموجود في قصر الحكم التاريخي بوسط القاهرة يضم مجموعات ملكية نادرة تشمل الأسلحة والأوسمة والهدايا الدبلوماسية. بُني القصر في 1874 في عهد الخديوي إسماعيل وشكّل المقر الرسمي لحكام مصر حتى ثورة 1952.,625,100.0
Ramses II,30.0470641,31.2335474,historical,"Ramses II is a point of interest in Egypt, contributing to the country's diverse cultural, historical, and natural landscape.",626,
Sphinx of Thutmosis III,30.0469477,31.2335511,cultural,"Sphinx of Thutmosis III is a cultural institution in Egypt that preserves and presents aspects of Egyptian heritage, history, and artistic traditions for visitors and researchers alike.",627,
Sphinx of Thutmosis III,30.0469513,31.2337049,cultural,"Sphinx of Thutmosis III is a cultural institution in Egypt that preserves and presents aspects of Egyptian heritage, history, and artistic traditions for visitors and researchers alike.",628,
Ramses II,30.0470677,31.2337012,historical,"Ramses II is a point of interest in Egypt, contributing to the country's diverse cultural, historical, and natural landscape.",629,
Auguste Mariette,30.0470017,31.232889,cultural,"Auguste Mariette is a cultural institution in Egypt that preserves and presents aspects of Egyptian heritage, history, and artistic traditions for visitors and researchers alike.",630,
Pyramids view guest house,29.9902273,31.1311026,other,Pyramids view guest house is an ancient Egyptian historical site that forms part of Egypt's extraordinary archaeological heritage. The site offers visitors a direct connection to the civilization that built one of the greatest empires of the ancient world.,631,
متحف أنور السادات,29.9981468,31.2169877,cultural,متحف الرئيس أنور السادات يوثّق حياة الزعيم المصري الذي حصل على جائزة نوبل للسلام ووقّع معاهدة السلام مع إسرائيل عام 1979. يعرض وثائق تاريخية نادرة وأغراضه الشخصية وصوراً من مسيرته السياسية وحرب أكتوبر 1973.,632,40.0
متحف تاريخ مصر الحديث,29.9981468,31.2168924,cultural,"متحف تاريخ مصر الحديث is a cultural institution in Egypt that preserves and presents aspects of Egyptian heritage, history, and artistic traditions for visitors and researchers alike.",633,
متحف بناة الأهرامات,29.998149,31.216811,cultural,"متحف بناة الأهرامات is a cultural institution in Egypt that preserves and presents aspects of Egyptian heritage, history, and artistic traditions for visitors and researchers alike.",634,100.0
متحف التحنيط,29.9981504,31.216728,cultural,متحف التحنيط في الأقصر هو المتحف الوحيد في العالم المخصص لعلم وفن التحنيط الفرعوني. يضم مومياوات بشرية وحيوانية وأدوات التحنيط وخامات العطور والأحجبة المستخدمة في الطقوس الجنائزية. يقدم رؤية علمية وروحانية فريدة عن تصوّر المصريين القدماء للموت والحياة الأخرى.,635,100.0
المتحف القبطى,29.9981511,31.2166442,cultural,"المتحف القبطي في القاهرة القديمة يحتضن أكبر مجموعة من الآثار القبطية في العالم. تأسس عام 1910 ويضم أكثر من 16,000 قطعة تشمل المخطوطات والأيقونات والمنسوجات والفخاريات التي توثّق تراث المسيحية المصرية.",636,100.0
متحف نابليون,29.9981525,31.2165645,cultural,"متحف نابليون is a cultural institution in Egypt that preserves and presents aspects of Egyptian heritage, history, and artistic traditions for visitors and researchers alike.",637,
متحف المخترعين,29.9981511,31.2164971,cultural,"متحف المخترعين is a cultural institution in Egypt that preserves and presents aspects of Egyptian heritage, history, and artistic traditions for visitors and researchers alike.",638,
Islamic Museum,29.9965532,31.218377,cultural,"The Museum of Islamic Art in central Cairo holds one of the world's most important collections of Islamic art and artifacts, spanning 1,400 years of Islamic civilization. The museum houses over 100,000 objects including rare manuscripts, metalwork, ceramics, and textiles from Egypt, Persia, Turkey, and across the Islamic world. Reopened after extensive restoration following a bomb attack in 2014.",639,100.0
مقبرة توت عنخ أمون,29.9965582,31.2182907,other,"مقبرة توت عنخ أمون is a point of interest in Egypt, contributing to the country's diverse cultural, historical, and natural landscape.",640,
متحف عبد الناصر,29.9965639,31.2182073,cultural,"متحف عبد الناصر is a cultural institution in Egypt that preserves and presents aspects of Egyptian heritage, history, and artistic traditions for visitors and researchers alike.",641,40.0
أحمد شوقى,30.0447126,31.2274919,cultural,"أحمد شوقى is a cultural institution in Egypt that preserves and presents aspects of Egyptian heritage, history, and artistic traditions for visitors and researchers alike.",642,
متحف التراث,29.9976227,31.2172423,cultural,"متحف التراث is a cultural institution in Egypt that preserves and presents aspects of Egyptian heritage, history, and artistic traditions for visitors and researchers alike.",644,
متحف الحياة اليومية لمصر الفرعونية,29.9976041,31.217422,cultural,"متحف الحياة اليومية لمصر الفرعونية is a cultural institution in Egypt that preserves and presents aspects of Egyptian heritage, history, and artistic traditions for visitors and researchers alike.",645,
Sakan Masr EMPC Compound - Main Gate,29.9556284,31.0250524,other,"Sakan Masr EMPC Compound - Main Gate is a point of interest in Egypt, contributing to the country's diverse cultural, historical, and natural landscape.",647,
El Waha Home,30.0382971,31.3764511,other,"El Waha Home is a point of interest in Egypt, contributing to the country's diverse cultural, historical, and natural landscape.",651,
SS Thistlegorm,27.814092,33.9200482,other,"SS Thistlegorm is a point of interest in Egypt, contributing to the country's diverse cultural, historical, and natural landscape.",653,
Shark Reef,27.7257079,34.259035,other,"Shark Reef is a point of interest in Egypt, contributing to the country's diverse cultural, historical, and natural landscape.",654,
Anemone City,27.7274421,34.2588554,other,"Anemone City is a point of interest in Egypt, contributing to the country's diverse cultural, historical, and natural landscape.",655,
Satellite Reef,27.7244542,34.2575222,other,"Satellite Reef is a point of interest in Egypt, contributing to the country's diverse cultural, historical, and natural landscape.",656,
Yolanda Reef,27.7247011,34.2583484,other,"Yolanda Reef is a point of interest in Egypt, contributing to the country's diverse cultural, historical, and natural landscape.",657,
Ras Ghozlani,27.7894435,34.2619429,other,"Ras Ghozlani is a point of interest in Egypt, contributing to the country's diverse cultural, historical, and natural landscape.",658,
Far Garden,27.9150053,34.3588754,other,"Far Garden is a point of interest in Egypt, contributing to the country's diverse cultural, historical, and natural landscape.",659,
Amphoras,27.8692787,34.3252798,other,"Amphoras is a point of interest in Egypt, contributing to the country's diverse cultural, historical, and natural landscape.",660,
Jackfish Alley,27.7441533,34.2569889,other,"Jackfish Alley is a point of interest in Egypt, contributing to the country's diverse cultural, historical, and natural landscape.",661,
Near Garden,27.9081038,34.3467116,other,"Near Garden is a point of interest in Egypt, contributing to the country's diverse cultural, historical, and natural landscape.",662,
Middle Garden,27.9129604,34.3511212,other,"Middle Garden is a point of interest in Egypt, contributing to the country's diverse cultural, historical, and natural landscape.",663,
Sinai Grand Casino,27.918536,34.3403121,other,"Sinai Grand Casino is a point of interest in Egypt, contributing to the country's diverse cultural, historical, and natural landscape.",666,
Dunraven,27.7033333,34.1216666,other,"Dunraven is a point of interest in Egypt, contributing to the country's diverse cultural, historical, and natural landscape.",668,
Ras Katy,27.8466578,34.3024876,other,"Ras Katy is a point of interest in Egypt, contributing to the country's diverse cultural, historical, and natural landscape.",669,
Ras Umm Sid,27.847261,34.31648,other,"Ras Umm Sid is a point of interest in Egypt, contributing to the country's diverse cultural, historical, and natural landscape.",670,
Animation Dessole Seti Sharm,27.8633049,34.2959938,other,"Animation Dessole Seti Sharm is a point of interest in Egypt, contributing to the country's diverse cultural, historical, and natural landscape.",672,
Mangrove trees,27.7292689,34.2467835,other,"Mangrove trees is a point of interest in Egypt, contributing to the country's diverse cultural, historical, and natural landscape.",674,
Turtle Bay,27.8644615,34.3229602,other,"Turtle Bay is a point of interest in Egypt, contributing to the country's diverse cultural, historical, and natural landscape.",675,
Pinky Wall,27.8795604,34.3220161,other,"Pinky Wall is a point of interest in Egypt, contributing to the country's diverse cultural, historical, and natural landscape.",676,
White island,27.7442598,34.1637749,other,"White island is a point of interest in Egypt, contributing to the country's diverse cultural, historical, and natural landscape.",686,
Old Quay Beach,27.7360188,34.2410701,other,"Old Quay Beach is a point of interest in Egypt, contributing to the country's diverse cultural, historical, and natural landscape.",689,
Shark & Yolanda Reef,27.7281718,34.2566574,other,"Shark & Yolanda Reef is a point of interest in Egypt, contributing to the country's diverse cultural, historical, and natural landscape.",690,
Shark Observatory Clifftop,27.7318843,34.2602631,other,"Shark Observatory Clifftop is a point of interest in Egypt, contributing to the country's diverse cultural, historical, and natural landscape.",691,
Ras Um Sid,27.8482308,34.310403,other,"Ras Um Sid is a point of interest in Egypt, contributing to the country's diverse cultural, historical, and natural landscape.",700,
King Tut Museum,27.9074779,34.3188138,cultural,"The King Tutankhamun Museum offers an immersive experience recreating the discovery of the famous boy pharaoh's tomb by Howard Carter in 1922. Featuring replica artifacts from the original Tutankhamun collection, it provides an accessible introduction to one of archaeology's most celebrated finds. The museum includes life-size reproductions of the nested coffins and funerary treasures.",704,150.0
Hollywood park sharm,27.9281335,34.3455117,other,"Hollywood park sharm is a point of interest in Egypt, contributing to the country's diverse cultural, historical, and natural landscape.",707,
Marsa Kharita,27.8246951,34.2667686,other,"Marsa Kharita is a point of interest in Egypt, contributing to the country's diverse cultural, historical, and natural landscape.",708,
Marsa Bareika,27.7866024,34.2177797,other,"Marsa Bareika is a point of interest in Egypt, contributing to the country's diverse cultural, historical, and natural landscape.",709,
Sharm,27.908208,34.3244795,other,"Sharm is a point of interest in Egypt, contributing to the country's diverse cultural, historical, and natural landscape.",710,
Shark Observatory,27.7310555,34.2597859,other,"Shark Observatory is a point of interest in Egypt, contributing to the country's diverse cultural, historical, and natural landscape.",711,
South Sinai Governorate,27.8955101,34.3039262,other,"South Sinai Governorate is a point of interest in Egypt, contributing to the country's diverse cultural, historical, and natural landscape.",717,
el Fanara Beach,27.8482533,34.3141824,other,"el Fanara Beach is a point of interest in Egypt, contributing to the country's diverse cultural, historical, and natural landscape.",718,
Old quay,27.7379401,34.238864,other,"Old quay is a point of interest in Egypt, contributing to the country's diverse cultural, historical, and natural landscape.",720,
Hidden bay,27.7342382,34.2457746,other,"Hidden bay is a point of interest in Egypt, contributing to the country's diverse cultural, historical, and natural landscape.",721,
Mangrove channel,27.7279086,34.2479521,other,"Mangrove channel is a point of interest in Egypt, contributing to the country's diverse cultural, historical, and natural landscape.",724,
Earthquake crack,27.728068,34.2581653,other,"Earthquake crack is a point of interest in Egypt, contributing to the country's diverse cultural, historical, and natural landscape.",726,
Earthquake crack,27.7279252,34.2576349,other,"Earthquake crack is a point of interest in Egypt, contributing to the country's diverse cultural, historical, and natural landscape.",727,
Earthquake crack,27.7299718,34.2566693,other,"Earthquake crack is a point of interest in Egypt, contributing to the country's diverse cultural, historical, and natural landscape.",728,
Amirati Beach,27.8618271,34.2895379,other,"Amirati Beach is a point of interest in Egypt, contributing to the country's diverse cultural, historical, and natural landscape.",730,
Dolphins,27.8607955,34.3028897,other,"Dolphins is a point of interest in Egypt, contributing to the country's diverse cultural, historical, and natural landscape.",734,
Compass,27.9025639,34.3127282,other,"Compass is a point of interest in Egypt, contributing to the country's diverse cultural, historical, and natural landscape.",736,
Mohamed Ali Pacha,27.8662583,34.296414,other,"Mohamed Ali Pacha is a point of interest in Egypt, contributing to the country's diverse cultural, historical, and natural landscape.",740,
Faraana atv safari,27.9442758,34.313349,other,"Faraana atv safari is a point of interest in Egypt, contributing to the country's diverse cultural, historical, and natural landscape.",741,
Pennut’s Tomb,22.7371389,32.2611775,other,Pennut’s Tomb is an ancient Egyptian historical site that forms part of Egypt's extraordinary archaeological heritage. The site offers visitors a direct connection to the civilization that built one of the greatest empires of the ancient world.,742,
حديقة حيوان دسوق,31.1248036,30.6448135,other,"حديقة حيوان دسوق is a point of interest in Egypt, contributing to the country's diverse cultural, historical, and natural landscape.",744,
نصب المصحف الشريف,31.1282526,30.6451251,other,"نصب المصحف الشريف is a point of interest in Egypt, contributing to the country's diverse cultural, historical, and natural landscape.",749,
كوم فرين,30.8646311,30.4843172,historical,كوم فرين is an ancient Egyptian historical site that forms part of Egypt's extraordinary archaeological heritage. The site offers visitors a direct connection to the civilization that built one of the greatest empires of the ancient world.,755,
Naucratis,30.8996243,30.5923303,other,"Naucratis is a point of interest in Egypt, contributing to the country's diverse cultural, historical, and natural landscape.",756,
Amphitheater,25.9663789,34.3621962,other,"Amphitheater is a point of interest in Egypt, contributing to the country's diverse cultural, historical, and natural landscape.",761,
Lake Rayan from Mt Medawara,29.1803327,30.3506529,other,"Lake Rayan from Mt Medawara is a point of interest in Egypt, contributing to the country's diverse cultural, historical, and natural landscape.",766,
Magic Lake from Mt Medawara,29.1715509,30.3500423,other,"Magic Lake from Mt Medawara is a point of interest in Egypt, contributing to the country's diverse cultural, historical, and natural landscape.",767,
Observation of a narrow Sandsea,28.9853081,30.4061646,other,"Observation of a narrow Sandsea is a point of interest in Egypt, contributing to the country's diverse cultural, historical, and natural landscape.",768,
الشاطئ المسحور,29.1545377,30.4169,outdoor,"الشاطئ المسحور is an outdoor natural or recreational area in Egypt, offering visitors the opportunity to experience the country's diverse landscapes from the Nile Valley to the desert and Mediterranean coast.",769,
Blue Hole Memorial,28.5732169,34.5384791,other,"Blue Hole Memorial is a point of interest in Egypt, contributing to the country's diverse cultural, historical, and natural landscape.",771,
The Bells,28.5734535,34.5392697,other,"The Bells is a point of interest in Egypt, contributing to the country's diverse cultural, historical, and natural landscape.",772,
Blue Hole,28.5723028,34.5373553,other,"Blue Hole is a point of interest in Egypt, contributing to the country's diverse cultural, historical, and natural landscape.",776,
Canyon,28.554359,34.5212059,other,"Canyon is a point of interest in Egypt, contributing to the country's diverse cultural, historical, and natural landscape.",777,
camel tomb,28.6961625,34.3954707,other,camel tomb is an ancient Egyptian historical site that forms part of Egypt's extraordinary archaeological heritage. The site offers visitors a direct connection to the civilization that built one of the greatest empires of the ancient world.,778,
tafoni,28.8999505,34.4373091,other,"tafoni is a point of interest in Egypt, contributing to the country's diverse cultural, historical, and natural landscape.",779,
Hadudah,28.7713253,34.4340271,other,"Hadudah is a point of interest in Egypt, contributing to the country's diverse cultural, historical, and natural landscape.",780,
Hedeide,28.7599078,34.4377742,other,"Hedeide is a point of interest in Egypt, contributing to the country's diverse cultural, historical, and natural landscape.",781,
Naqb Mehamed,28.9277289,34.4912286,other,"Naqb Mehamed is a point of interest in Egypt, contributing to the country's diverse cultural, historical, and natural landscape.",782,
Wadi Rum,28.9109012,34.4217753,other,"Wadi Rum is a point of interest in Egypt, contributing to the country's diverse cultural, historical, and natural landscape.",783,
White Canyon Entrance,28.8795771,34.4302315,other,"White Canyon Entrance is a point of interest in Egypt, contributing to the country's diverse cultural, historical, and natural landscape.",784,
Mushroom,28.8967052,34.4706156,other,"Mushroom is a point of interest in Egypt, contributing to the country's diverse cultural, historical, and natural landscape.",787,
Mushroom,28.8139185,34.4472427,other,"Mushroom is a point of interest in Egypt, contributing to the country's diverse cultural, historical, and natural landscape.",788,
Mushroom,28.9275448,34.4924907,other,"Mushroom is a point of interest in Egypt, contributing to the country's diverse cultural, historical, and natural landscape.",789,
Mushroom,28.9255425,34.4965278,other,"Mushroom is a point of interest in Egypt, contributing to the country's diverse cultural, historical, and natural landscape.",790,
Mushroom,28.791381,34.4258908,other,"Mushroom is a point of interest in Egypt, contributing to the country's diverse cultural, historical, and natural landscape.",791,
Cathedral,28.8946913,34.4316626,other,"Cathedral is a point of interest in Egypt, contributing to the country's diverse cultural, historical, and natural landscape.",792,
Saddle,28.5720833,34.5375978,other,"Saddle is a point of interest in Egypt, contributing to the country's diverse cultural, historical, and natural landscape.",798,
Blue and Bells view stp,28.5747696,34.5399879,other,"Blue and Bells view stp is a point of interest in Egypt, contributing to the country's diverse cultural, historical, and natural landscape.",799,
blue lagoon View STP,28.6356525,34.5785017,other,"blue lagoon View STP is a point of interest in Egypt, contributing to the country's diverse cultural, historical, and natural landscape.",800,
ship wreck,28.8769173,34.8323912,other,"ship wreck is a point of interest in Egypt, contributing to the country's diverse cultural, historical, and natural landscape.",803,
Blue hole,28.5725321,34.5375154,other,"Blue hole is a point of interest in Egypt, contributing to the country's diverse cultural, historical, and natural landscape.",805,
el-Hammam,25.5157525,30.5430379,historical,el-Hammam is an ancient Egyptian historical site that forms part of Egypt's extraordinary archaeological heritage. The site offers visitors a direct connection to the civilization that built one of the greatest empires of the ancient world.,806,
Ain el-Charab (Ain et-Turba),25.4809898,30.5559743,historical,Ain el-Charab (Ain et-Turba) is an ancient Egyptian historical site that forms part of Egypt's extraordinary archaeological heritage. The site offers visitors a direct connection to the civilization that built one of the greatest empires of the ancient world.,807,
Bab el-Mukhenig,26.8691308,33.0359623,historical,Bab el-Mukhenig is an ancient Egyptian historical site that forms part of Egypt's extraordinary archaeological heritage. The site offers visitors a direct connection to the civilization that built one of the greatest empires of the ancient world.,809,
Badr Museum,27.0619204,27.9684299,cultural,"Badr Museum in Farafra Oasis in the Western Desert is a unique artistic and cultural institution created entirely by local artist Badr Abdel Moghny. The museum showcases his paintings, sculptures, and pottery celebrating Bedouin life and desert culture. The building itself, constructed from mud-brick in traditional style, is itself a work of art.",811,50.0
العرابة المدفونة,26.175,31.911111,historical,العرابة المدفونة is an ancient Egyptian historical site that forms part of Egypt's extraordinary archaeological heritage. The site offers visitors a direct connection to the civilization that built one of the greatest empires of the ancient world.,812,
Tomb T Tomb of Pharaoh Den,26.1744336,31.9077693,other,Tomb T Tomb of Pharaoh Den is an ancient Egyptian historical site that forms part of Egypt's extraordinary archaeological heritage. The site offers visitors a direct connection to the civilization that built one of the greatest empires of the ancient world.,813,
Pyramid of Ahmose,26.175,31.93778,historical,"The pyramid of Ahmose I at Abydos is associated with the founder of the 18th Dynasty and the New Kingdom, who expelled the Hyksos and reunified Egypt around 1550 BCE. Unlike typical pyramids, it was a cenotaph rather than an actual burial place. Nearby at Abydos is a remarkable painted pyramid chapel and a large brick pyramid that stands as a monument to this transformative pharaoh.",815,
Mortuary temple of Senwosret III,26.1782655,31.9295357,historical,"The mortuary temple of Senwosret III at Dahshur dates to the Middle Kingdom's 12th Dynasty. Senwosret III was one of ancient Egypt's most powerful kings, famous for his military campaigns into Nubia and his administrative reforms. The complex once included a causeway, valley temple, and subsidiary pyramids for royal women.",817,100.0
al-Maḥāsna,26.2606441,31.8401232,historical,al-Maḥāsna is an ancient Egyptian historical site that forms part of Egypt's extraordinary archaeological heritage. The site offers visitors a direct connection to the civilization that built one of the greatest empires of the ancient world.,818,
Tomb of Anedjib (X),26.1750269,31.9071242,historical,Tomb of Anedjib (X) is an ancient Egyptian historical site that forms part of Egypt's extraordinary archaeological heritage. The site offers visitors a direct connection to the civilization that built one of the greatest empires of the ancient world.,819,
Tomb of Djet (Z),26.1748076,31.9076058,historical,Tomb of Djet (Z) is an ancient Egyptian historical site that forms part of Egypt's extraordinary archaeological heritage. The site offers visitors a direct connection to the civilization that built one of the greatest empires of the ancient world.,820,
Tomb of Djer (O),26.1752649,31.9079027,historical,Tomb of Djer (O) is an ancient Egyptian historical site that forms part of Egypt's extraordinary archaeological heritage. The site offers visitors a direct connection to the civilization that built one of the greatest empires of the ancient world.,821,
S 9 (Abydos),26.1713576,31.9250733,historical,S 9 (Abydos) is an ancient Egyptian historical site that forms part of Egypt's extraordinary archaeological heritage. The site offers visitors a direct connection to the civilization that built one of the greatest empires of the ancient world.,822,
Kom El Sultan,26.1925455,31.9111476,historical,Kom El Sultan is an ancient Egyptian historical site that forms part of Egypt's extraordinary archaeological heritage. The site offers visitors a direct connection to the civilization that built one of the greatest empires of the ancient world.,823,
Wadi Qabr Rijm-Shea 'leq,24.1194728,35.2754634,historical,Wadi Qabr Rijm-Shea 'leq is an ancient Egyptian historical site that forms part of Egypt's extraordinary archaeological heritage. The site offers visitors a direct connection to the civilization that built one of the greatest empires of the ancient world.,825,
نقطة لاما Lama point,23.5031616,25.5748104,other,"نقطة لاما Lama point is a point of interest in Egypt, contributing to the country's diverse cultural, historical, and natural landscape.",826,
Qift,25.9961949,32.8161441,historical,Qift is an ancient Egyptian historical site that forms part of Egypt's extraordinary archaeological heritage. The site offers visitors a direct connection to the civilization that built one of the greatest empires of the ancient world.,828,
Pyramid of Naqada,25.94056,32.70917,other,Pyramid of Naqada is an ancient Egyptian historical site that forms part of Egypt's extraordinary archaeological heritage. The site offers visitors a direct connection to the civilization that built one of the greatest empires of the ancient world.,829,
svu theater,26.1920215,32.7425499,other,"svu theater is a point of interest in Egypt, contributing to the country's diverse cultural, historical, and natural landscape.",830,
Pyramid of Nubt,25.9765548,32.7329707,other,Pyramid of Nubt is an ancient Egyptian historical site that forms part of Egypt's extraordinary archaeological heritage. The site offers visitors a direct connection to the civilization that built one of the greatest empires of the ancient world.,834,
Sunset view,29.1923655,25.4785569,other,"Sunset view is a point of interest in Egypt, contributing to the country's diverse cultural, historical, and natural landscape.",844,
قلعة المويلح,27.6821316,35.476073,historical,"قلعة المويلح is a point of interest in Egypt, contributing to the country's diverse cultural, historical, and natural landscape.",846,
جبل الكريستال Crystal Mountain,27.6617066,28.4300922,other,"جبل الكريستال Crystal Mountain is a point of interest in Egypt, contributing to the country's diverse cultural, historical, and natural landscape.",847,
Crystal Mountain,27.6437708,28.4300627,other,"Crystal Mountain is a point of interest in Egypt, contributing to the country's diverse cultural, historical, and natural landscape.",848,
East Abu Dabab 3,25.3441825,34.7774058,other,"East Abu Dabab 3 is a point of interest in Egypt, contributing to the country's diverse cultural, historical, and natural landscape.",849,
Ras Shona,25.4684135,34.6819826,other,"Ras Shona is a point of interest in Egypt, contributing to the country's diverse cultural, historical, and natural landscape.",850,
Abu Dabab 6,25.3248029,34.7983978,other,"Abu Dabab 6 is a point of interest in Egypt, contributing to the country's diverse cultural, historical, and natural landscape.",851,
Shaab Shona,25.4698771,34.6828121,other,"Shaab Shona is a point of interest in Egypt, contributing to the country's diverse cultural, historical, and natural landscape.",852,
Abu Dabab 4,25.34062,34.79488,other,"Abu Dabab 4 is a point of interest in Egypt, contributing to the country's diverse cultural, historical, and natural landscape.",856,
Door to the sea,25.3414947,34.738897,other,"Door to the sea is a point of interest in Egypt, contributing to the country's diverse cultural, historical, and natural landscape.",869,
Chariot,25.3416492,34.7389895,other,"Chariot is a point of interest in Egypt, contributing to the country's diverse cultural, historical, and natural landscape.",870,
Concorde House Reef (Dive Spot),25.3813405,34.7183208,other,"Concorde House Reef (Dive Spot) is a point of interest in Egypt, contributing to the country's diverse cultural, historical, and natural landscape.",871,
Hermes Bay (Dugong),25.3219566,34.7445343,other,"Hermes Bay (Dugong) is a point of interest in Egypt, contributing to the country's diverse cultural, historical, and natural landscape.",872,
ProCenter Tommy Friedl El Naaba,25.3201422,34.7442929,other,"ProCenter Tommy Friedl El Naaba is a point of interest in Egypt, contributing to the country's diverse cultural, historical, and natural landscape.",874,
Dunes Viewpoint,26.541896,27.8632948,other,"Dunes Viewpoint is a point of interest in Egypt, contributing to the country's diverse cultural, historical, and natural landscape.",877,
Light House,28.4984313,34.5206951,other,"Light House is a point of interest in Egypt, contributing to the country's diverse cultural, historical, and natural landscape.",887,
Eel Garden,28.5053487,34.5212322,other,"Eel Garden is a point of interest in Egypt, contributing to the country's diverse cultural, historical, and natural landscape.",888,
Wadi Connection,28.4943621,34.4536865,outdoor,"Wadi Connection is an outdoor natural or recreational area in Egypt, offering visitors the opportunity to experience the country's diverse landscapes from the Nile Valley to the desert and Mediterranean coast.",897,
Residence Arabesque,28.501272,34.5172942,other,"Residence Arabesque is a point of interest in Egypt, contributing to the country's diverse cultural, historical, and natural landscape.",912,
Canyon,28.4826336,34.468533,other,"Canyon is a point of interest in Egypt, contributing to the country's diverse cultural, historical, and natural landscape.",913,
Bonduc,28.4837563,34.4691236,other,"Bonduc is a point of interest in Egypt, contributing to the country's diverse cultural, historical, and natural landscape.",914,
Canyon,28.5186708,34.5043039,other,"Canyon is a point of interest in Egypt, contributing to the country's diverse cultural, historical, and natural landscape.",918,
grotto,28.5133477,34.4940099,other,"grotto is a point of interest in Egypt, contributing to the country's diverse cultural, historical, and natural landscape.",919,
Maria Schroeder,28.1905701,34.4468801,other,"Maria Schroeder is a point of interest in Egypt, contributing to the country's diverse cultural, historical, and natural landscape.",921,
Mangroves,28.1823455,34.4420083,other,"Mangroves is a point of interest in Egypt, contributing to the country's diverse cultural, historical, and natural landscape.",923,
Asala square,28.5069406,34.5172595,other,"Asala square is a point of interest in Egypt, contributing to the country's diverse cultural, historical, and natural landscape.",924,
جبل الطويلات,28.4856776,34.4701454,other,"جبل الطويلات is a point of interest in Egypt, contributing to the country's diverse cultural, historical, and natural landscape.",926,
Dahabian Oasis,28.5027686,34.5168523,other,"Dahabian Oasis is a point of interest in Egypt, contributing to the country's diverse cultural, historical, and natural landscape.",928,
Welcome in Dahab,28.5231181,34.4724203,cultural,"Welcome in Dahab is a cultural institution in Egypt that preserves and presents aspects of Egyptian heritage, history, and artistic traditions for visitors and researchers alike.",937,
Nasyet Mekky,28.4946648,34.5175735,other,"Nasyet Mekky is a point of interest in Egypt, contributing to the country's diverse cultural, historical, and natural landscape.",938,
Street Art,28.5001401,34.5154531,cultural,"Street Art is a cultural institution in Egypt that preserves and presents aspects of Egyptian heritage, history, and artistic traditions for visitors and researchers alike.",939,
Blue Hole appartement,28.4933125,34.5158036,other,"Blue Hole appartement is a point of interest in Egypt, contributing to the country's diverse cultural, historical, and natural landscape.",944,
Doplhins,28.4862395,34.5094876,cultural,"Doplhins is a cultural institution in Egypt that preserves and presents aspects of Egyptian heritage, history, and artistic traditions for visitors and researchers alike.",952,
Dahab,28.4828199,34.5012163,cultural,"Dahab is a cultural institution in Egypt that preserves and presents aspects of Egyptian heritage, history, and artistic traditions for visitors and researchers alike.",953,
The Islands diving site,28.4774174,34.5124118,other,"The Islands diving site is a point of interest in Egypt, contributing to the country's diverse cultural, historical, and natural landscape.",957,
Family house,28.4910639,34.5138126,other,"Family house is a point of interest in Egypt, contributing to the country's diverse cultural, historical, and natural landscape.",961,
Gina Motel,28.4937174,34.5148856,other,"Gina Motel is a point of interest in Egypt, contributing to the country's diverse cultural, historical, and natural landscape.",963,
Dahab: Minicasa,28.5079922,34.5156299,other,"Dahab: Minicasa is a point of interest in Egypt, contributing to the country's diverse cultural, historical, and natural landscape.",967,
Eel Garden Villas Dahab,28.505566,34.5195327,other,"Eel Garden Villas Dahab is a point of interest in Egypt, contributing to the country's diverse cultural, historical, and natural landscape.",969,
Tangerine House Dahab,28.5058049,34.5151414,other,"Tangerine House Dahab is a point of interest in Egypt, contributing to the country's diverse cultural, historical, and natural landscape.",970,
Twin House Dahab,28.5029006,34.5199373,other,"Twin House Dahab is a point of interest in Egypt, contributing to the country's diverse cultural, historical, and natural landscape.",971,
White House Dahab,28.5067185,34.5192017,other,"White House Dahab is a point of interest in Egypt, contributing to the country's diverse cultural, historical, and natural landscape.",972,
Sunrise Apartment Dahab,28.5027093,34.519364,other,"Sunrise Apartment Dahab is a point of interest in Egypt, contributing to the country's diverse cultural, historical, and natural landscape.",973,
Archeological site Akhetaton,27.6451003,30.8985614,other,"Archeological site Akhetaton is a point of interest in Egypt, contributing to the country's diverse cultural, historical, and natural landscape.",975,
Pyramid of Khui,27.30778,30.87167,other,Pyramid of Khui is an ancient Egyptian historical site that forms part of Egypt's extraordinary archaeological heritage. The site offers visitors a direct connection to the civilization that built one of the greatest empires of the ancient world.,976,
Southern tombs,27.6104256,30.9148957,historical,Southern tombs is an ancient Egyptian historical site that forms part of Egypt's extraordinary archaeological heritage. The site offers visitors a direct connection to the civilization that built one of the greatest empires of the ancient world.,977,
Southern tombs,27.6162806,30.9199101,historical,Southern tombs is an ancient Egyptian historical site that forms part of Egypt's extraordinary archaeological heritage. The site offers visitors a direct connection to the civilization that built one of the greatest empires of the ancient world.,978,
Southern tombs,27.6148249,30.9193441,historical,Southern tombs is an ancient Egyptian historical site that forms part of Egypt's extraordinary archaeological heritage. The site offers visitors a direct connection to the civilization that built one of the greatest empires of the ancient world.,979,
Southern tombs,27.6142355,30.9191644,historical,Southern tombs is an ancient Egyptian historical site that forms part of Egypt's extraordinary archaeological heritage. The site offers visitors a direct connection to the civilization that built one of the greatest empires of the ancient world.,980,
Southern tombs,27.6142617,30.9183276,historical,Southern tombs is an ancient Egyptian historical site that forms part of Egypt's extraordinary archaeological heritage. The site offers visitors a direct connection to the civilization that built one of the greatest empires of the ancient world.,981,
Southern tombs,27.6142046,30.9181774,historical,Southern tombs is an ancient Egyptian historical site that forms part of Egypt's extraordinary archaeological heritage. The site offers visitors a direct connection to the civilization that built one of the greatest empires of the ancient world.,982,
Southern tombs,27.6138576,30.9181184,historical,Southern tombs is an ancient Egyptian historical site that forms part of Egypt's extraordinary archaeological heritage. The site offers visitors a direct connection to the civilization that built one of the greatest empires of the ancient world.,983,
Southern tombs,27.6136568,30.9182417,historical,Southern tombs is an ancient Egyptian historical site that forms part of Egypt's extraordinary archaeological heritage. The site offers visitors a direct connection to the civilization that built one of the greatest empires of the ancient world.,984,
Southern tombs,27.6134393,30.9183142,historical,Southern tombs is an ancient Egyptian historical site that forms part of Egypt's extraordinary archaeological heritage. The site offers visitors a direct connection to the civilization that built one of the greatest empires of the ancient world.,985,
Southern tombs,27.6131624,30.9183651,historical,Southern tombs is an ancient Egyptian historical site that forms part of Egypt's extraordinary archaeological heritage. The site offers visitors a direct connection to the civilization that built one of the greatest empires of the ancient world.,986,
Southern tombs,27.6120014,30.916395,historical,Southern tombs is an ancient Egyptian historical site that forms part of Egypt's extraordinary archaeological heritage. The site offers visitors a direct connection to the civilization that built one of the greatest empires of the ancient world.,987,
Southern tombs,27.6122272,30.9163615,historical,Southern tombs is an ancient Egyptian historical site that forms part of Egypt's extraordinary archaeological heritage. The site offers visitors a direct connection to the civilization that built one of the greatest empires of the ancient world.,988,
Southern tombs,27.6122391,30.9166525,historical,Southern tombs is an ancient Egyptian historical site that forms part of Egypt's extraordinary archaeological heritage. The site offers visitors a direct connection to the civilization that built one of the greatest empires of the ancient world.,989,
Southern tombs,27.6122617,30.916855,historical,Southern tombs is an ancient Egyptian historical site that forms part of Egypt's extraordinary archaeological heritage. The site offers visitors a direct connection to the civilization that built one of the greatest empires of the ancient world.,990,
Southern tombs,27.6122795,30.9173968,historical,Southern tombs is an ancient Egyptian historical site that forms part of Egypt's extraordinary archaeological heritage. The site offers visitors a direct connection to the civilization that built one of the greatest empires of the ancient world.,991,
Southern tombs,27.6124173,30.9173486,historical,Southern tombs is an ancient Egyptian historical site that forms part of Egypt's extraordinary archaeological heritage. The site offers visitors a direct connection to the civilization that built one of the greatest empires of the ancient world.,992,
Southern tombs,27.612497,30.9179105,historical,Southern tombs is an ancient Egyptian historical site that forms part of Egypt's extraordinary archaeological heritage. The site offers visitors a direct connection to the civilization that built one of the greatest empires of the ancient world.,993,
Southern tombs,27.6126895,30.9173955,historical,Southern tombs is an ancient Egyptian historical site that forms part of Egypt's extraordinary archaeological heritage. The site offers visitors a direct connection to the civilization that built one of the greatest empires of the ancient world.,994,
Southern tombs,27.6125279,30.9173901,historical,Southern tombs is an ancient Egyptian historical site that forms part of Egypt's extraordinary archaeological heritage. The site offers visitors a direct connection to the civilization that built one of the greatest empires of the ancient world.,995,
"Stelae ""U"", Athon's Sun-hymn",27.6456245,30.9381625,other,"Stelae ""U"", Athon's Sun-hymn is a point of interest in Egypt, contributing to the country's diverse cultural, historical, and natural landscape.",996,
Mareia,30.9951309,29.6566185,historical,Mareia is an ancient Egyptian historical site that forms part of Egypt's extraordinary archaeological heritage. The site offers visitors a direct connection to the civilization that built one of the greatest empires of the ancient world.,1005,
Kom el-Nagous,30.9560804,29.5404993,historical,Kom el-Nagous is an ancient Egyptian historical site that forms part of Egypt's extraordinary archaeological heritage. The site offers visitors a direct connection to the civilization that built one of the greatest empires of the ancient world.,1010,
Work house,30.8873839,29.5787988,other,"Work house is a point of interest in Egypt, contributing to the country's diverse cultural, historical, and natural landscape.",1020,
South Gate（To Old Abu-Mema）,30.8501229,29.6636069,other,"South Gate（To Old Abu-Mema） is a point of interest in Egypt, contributing to the country's diverse cultural, historical, and natural landscape.",1021,
Abu Mena UNESCO World Heritage Site,30.8410692,29.6633763,historical,Abu Mena UNESCO World Heritage Site is an ancient Egyptian historical site that forms part of Egypt's extraordinary archaeological heritage. The site offers visitors a direct connection to the civilization that built one of the greatest empires of the ancient world.,1022,
Rosana Owners Beach,30.9154952,29.4314614,other,"Rosana Owners Beach is a point of interest in Egypt, contributing to the country's diverse cultural, historical, and natural landscape.",1028,
Rosana Rent Beach,30.9169072,29.4346645,other,"Rosana Rent Beach is a point of interest in Egypt, contributing to the country's diverse cultural, historical, and natural landscape.",1029,
Rosana Owners Beach,30.915669,29.4320468,other,"Rosana Owners Beach is a point of interest in Egypt, contributing to the country's diverse cultural, historical, and natural landscape.",1031,
قرية سيد درويش بنجر السكر,30.8195073,29.589377,other,"قرية سيد درويش بنجر السكر is a point of interest in Egypt, contributing to the country's diverse cultural, historical, and natural landscape.",1033,
قرية سيد درويش بنجر السكر,30.8195073,29.589377,other,"قرية سيد درويش بنجر السكر is a point of interest in Egypt, contributing to the country's diverse cultural, historical, and natural landscape.",1034,
قرية الزهور بنجر السكر,30.7987595,29.568735,other,"قرية الزهور بنجر السكر is a point of interest in Egypt, contributing to the country's diverse cultural, historical, and natural landscape.",1035,
قرية 18 بنجر السكر,30.8125193,29.65082,other,"قرية 18 بنجر السكر is a point of interest in Egypt, contributing to the country's diverse cultural, historical, and natural landscape.",1036,
قرية سلامة حجازي بنجر السكر,30.8023708,29.6059737,other,"قرية سلامة حجازي بنجر السكر is a point of interest in Egypt, contributing to the country's diverse cultural, historical, and natural landscape.",1037,
قرية 19 بنجر السكر,30.7899461,29.6486878,other,"قرية 19 بنجر السكر is a point of interest in Egypt, contributing to the country's diverse cultural, historical, and natural landscape.",1038,
قرية 17 بنجر السكر,30.7959469,29.6800442,other,"قرية 17 بنجر السكر is a point of interest in Egypt, contributing to the country's diverse cultural, historical, and natural landscape.",1039,
قرية العلا بنجر السكر,30.8243786,29.6253652,other,"قرية العلا بنجر السكر is a point of interest in Egypt, contributing to the country's diverse cultural, historical, and natural landscape.",1040,
جبل موسى,28.5388088,33.9751845,other,"جبل موسى is a point of interest in Egypt, contributing to the country's diverse cultural, historical, and natural landscape.",1046,
دير الأربعين,28.5361427,33.9650848,other,"دير الأربعين is a point of interest in Egypt, contributing to the country's diverse cultural, historical, and natural landscape.",1047,
إيكولج جبل سينا,28.5200806,33.9938057,other,"إيكولج جبل سينا is a point of interest in Egypt, contributing to the country's diverse cultural, historical, and natural landscape.",1048,
Moses mountain,28.5389324,33.9754411,other,"Moses mountain is a point of interest in Egypt, contributing to the country's diverse cultural, historical, and natural landscape.",1049,
هرم اللاهون,29.2362253,30.9709336,historical,هرم اللاهون أو هرم سنوسرت الثاني بالفيوم يعود إلى عصر الدولة الوسطى من الأسرة الثانية عشرة. تميز بأسلوب بناء مبتكر استخدم الطوب اللبن بدلاً من الحجر الكلسي كبنية داخلية مع واجهة حجرية خارجية. اكتُشفت فيه مجوهرات ملكية رائعة تعود لأميرات الأسرة الحاكمة.,1058,
المصنع,29.1044715,31.1850002,cultural,"المصنع is a cultural institution in Egypt that preserves and presents aspects of Egyptian heritage, history, and artistic traditions for visitors and researchers alike.",1061,
Heracleopolis Magna,29.0855154,30.9345621,historical,Heracleopolis Magna is an ancient Egyptian historical site that forms part of Egypt's extraordinary archaeological heritage. The site offers visitors a direct connection to the civilization that built one of the greatest empires of the ancient world.,1062,
مقبرة ال أشرف عبدالله روبي,29.1243615,31.1854499,other,"مقبرة ال أشرف عبدالله روبي is a point of interest in Egypt, contributing to the country's diverse cultural, historical, and natural landscape.",1065,
منزل الفقير الى الله,29.0299622,31.0849393,other,"منزل الفقير الى الله is a point of interest in Egypt, contributing to the country's diverse cultural, historical, and natural landscape.",1066,
منزل الاستاذ رجب سيد,29.0833965,31.090684,other,"منزل الاستاذ رجب سيد is a point of interest in Egypt, contributing to the country's diverse cultural, historical, and natural landscape.",1067,
منزل المستشار محمد عزت,29.1035727,30.9815456,other,"منزل المستشار محمد عزت is a point of interest in Egypt, contributing to the country's diverse cultural, historical, and natural landscape.",1068,
Fag el-Gamous Cemetery,29.3925614,31.0415622,historical,Fag el-Gamous Cemetery is an ancient Egyptian historical site that forms part of Egypt's extraordinary archaeological heritage. The site offers visitors a direct connection to the civilization that built one of the greatest empires of the ancient world.,1069,
منزل الحاج مدحت سعفان,31.210692,31.3554483,other,"منزل الحاج مدحت سعفان is a point of interest in Egypt, contributing to the country's diverse cultural, historical, and natural landscape.",1072,
Leontopolis,30.682516,31.3542098,historical,Leontopolis is an ancient Egyptian historical site that forms part of Egypt's extraordinary archaeological heritage. The site offers visitors a direct connection to the civilization that built one of the greatest empires of the ancient world.,1077,
كورنيش كفر الجزار,30.4700119,31.1731165,other,"كورنيش كفر الجزار is a point of interest in Egypt, contributing to the country's diverse cultural, historical, and natural landscape.",1082,
Quesna,30.5283368,31.1706156,historical,Quesna is an ancient Egyptian historical site that forms part of Egypt's extraordinary archaeological heritage. The site offers visitors a direct connection to the civilization that built one of the greatest empires of the ancient world.,1091,
منزل المقدس/عطيه جرجس ميخائيل سعيد,30.5167704,31.347478,other,"منزل المقدس/عطيه جرجس ميخائيل سعيد is a point of interest in Egypt, contributing to the country's diverse cultural, historical, and natural landscape.",1092,
منزل الحاج مجدى أبونصر,30.3099693,31.1152315,other,"منزل الحاج مجدى أبونصر is a point of interest in Egypt, contributing to the country's diverse cultural, historical, and natural landscape.",1101,
منزل الحاج مجدى محمد أبونصر,30.3096016,31.1155847,other,"منزل الحاج مجدى محمد أبونصر is a point of interest in Egypt, contributing to the country's diverse cultural, historical, and natural landscape.",1102,
ليونتوبوليس,30.2934024,31.3326198,historical,ليونتوبوليس is an ancient Egyptian historical site that forms part of Egypt's extraordinary archaeological heritage. The site offers visitors a direct connection to the civilization that built one of the greatest empires of the ancient world.,1104,
خلود,29.8230968,31.3845021,cultural,"خلود is a cultural institution in Egypt that preserves and presents aspects of Egyptian heritage, history, and artistic traditions for visitors and researchers alike.",1108,
هرم الملائكة الإثنين,29.7833376,31.2000317,historical,هرم الملائكة الإثنين is an ancient Egyptian historical site that forms part of Egypt's extraordinary archaeological heritage. The site offers visitors a direct connection to the civilization that built one of the greatest empires of the ancient world.,1109,
هرم سنوسرت الثالث,29.8190131,31.2184739,historical,هرم سنوسرت الثالث في دهشور يعود للأسرة الثانية عشرة ويتميز بارتفاعه البالغ 78 متراً. يضم نظاماً معقداً من الممرات والحجرات الداخلية. حوله مقابر أفراد الأسرة الملكية التي أسفرت عن اكتشاف كنوز من الذهب والأحجار الكريمة.,1110,
Northern Mazghuna pyramid,29.7675,31.22083,historical,Northern Mazghuna pyramid is an ancient Egyptian historical site that forms part of Egypt's extraordinary archaeological heritage. The site offers visitors a direct connection to the civilization that built one of the greatest empires of the ancient world.,1113,
Southern Mazghuna pyramid,29.76167,31.22083,historical,Southern Mazghuna pyramid is an ancient Egyptian historical site that forms part of Egypt's extraordinary archaeological heritage. The site offers visitors a direct connection to the civilization that built one of the greatest empires of the ancient world.,1114,
SAK S 3,29.8339722,31.223775,other,"SAK S 3 is a point of interest in Egypt, contributing to the country's diverse cultural, historical, and natural landscape.",1115,
Tip of the Red Pyramid,29.8086337,31.2062597,other,Tip of the Red Pyramid is an ancient Egyptian historical site that forms part of Egypt's extraordinary archaeological heritage. The site offers visitors a direct connection to the civilization that built one of the greatest empires of the ancient world.,1116,
Hetepheres's Pyramid,29.788689,31.2095033,other,Hetepheres's Pyramid is an ancient Egyptian historical site that forms part of Egypt's extraordinary archaeological heritage. The site offers visitors a direct connection to the civilization that built one of the greatest empires of the ancient world.,1117,
دوار العمده عطاالله ابوسريع,29.8120851,31.2670856,other,"دوار العمده عطاالله ابوسريع is a point of interest in Egypt, contributing to the country's diverse cultural, historical, and natural landscape.",1122,
شارع الحاج حسن الديب,29.7038764,31.2869286,other,"شارع الحاج حسن الديب is a point of interest in Egypt, contributing to the country's diverse cultural, historical, and natural landscape.",1125,
شارع الحاج حسن الديب,29.7038997,31.2871968,other,"شارع الحاج حسن الديب is a point of interest in Egypt, contributing to the country's diverse cultural, historical, and natural landscape.",1126,
Bakchias,29.5410545,31.007865,historical,Bakchias is an ancient Egyptian historical site that forms part of Egypt's extraordinary archaeological heritage. The site offers visitors a direct connection to the civilization that built one of the greatest empires of the ancient world.,1128,
Revesta Dahshur,29.7844562,31.2329319,other,"Revesta Dahshur is a point of interest in Egypt, contributing to the country's diverse cultural, historical, and natural landscape.",1129,
منزل مهندس مصطفـى أبـو عــمار,29.6232902,31.320113,other,"منزل مهندس مصطفـى أبـو عــمار is a point of interest in Egypt, contributing to the country's diverse cultural, historical, and natural landscape.",1130,
Mountain of the dead,29.2112889,25.524822,other,"Mountain of the dead is a point of interest in Egypt, contributing to the country's diverse cultural, historical, and natural landscape.",1133,
Ancient houses here,29.2099366,25.4892723,other,"Ancient houses here is a point of interest in Egypt, contributing to the country's diverse cultural, historical, and natural landscape.",1134,
Ruins,29.2063437,25.4898766,other,"Ruins is a point of interest in Egypt, contributing to the country's diverse cultural, historical, and natural landscape.",1136,
مديرية المساحه ببورسعيد,31.2713842,32.2760715,other,"مديرية المساحه ببورسعيد is a point of interest in Egypt, contributing to the country's diverse cultural, historical, and natural landscape.",1141,
الشغل,31.2408908,32.3357768,cultural,"الشغل is a cultural institution in Egypt that preserves and presents aspects of Egyptian heritage, history, and artistic traditions for visitors and researchers alike.",1142,
مسجد التوفيقي,31.266038,32.2982815,cultural,"مسجد التوفيقي is a cultural institution in Egypt that preserves and presents aspects of Egyptian heritage, history, and artistic traditions for visitors and researchers alike.",1146,
Gadou Rooms,31.2711508,32.2728351,other,"Gadou Rooms is a point of interest in Egypt, contributing to the country's diverse cultural, historical, and natural landscape.",1148,
متحف بور سعيد الحربي,31.2701213,32.2999977,cultural,"متحف بور سعيد الحربي is a cultural institution in Egypt that preserves and presents aspects of Egyptian heritage, history, and artistic traditions for visitors and researchers alike.",1149,25.0
قصر ثقافة بورسعيد,31.2623839,32.2869257,other,"قصر ثقافة بورسعيد is a point of interest in Egypt, contributing to the country's diverse cultural, historical, and natural landscape.",1150,
sometimes flamingos in winter,31.2211658,32.3162646,other,"sometimes flamingos in winter is a point of interest in Egypt, contributing to the country's diverse cultural, historical, and natural landscape.",1181,
Ferdinand’s old house (abandoned),31.266757,32.3100874,other,"Ferdinand’s old house (abandoned) is a point of interest in Egypt, contributing to the country's diverse cultural, historical, and natural landscape.",1183,
Port Said cultural centre/coworking,31.2665747,32.3098859,other,"Port Said cultural centre/coworking is a point of interest in Egypt, contributing to the country's diverse cultural, historical, and natural landscape.",1184,
برج الفيروز 9,31.2639301,32.2784563,other,"برج الفيروز 9 is a point of interest in Egypt, contributing to the country's diverse cultural, historical, and natural landscape.",1187,
برج الهدي 5,31.2635059,32.279995,other,"برج الهدي 5 is a point of interest in Egypt, contributing to the country's diverse cultural, historical, and natural landscape.",1188,
برج هدي 6,31.2639582,32.278138,other,"برج هدي 6 is a point of interest in Egypt, contributing to the country's diverse cultural, historical, and natural landscape.",1189,
برج طيبه 8,31.2642002,32.2785235,other,"برج طيبه 8 is a point of interest in Egypt, contributing to the country's diverse cultural, historical, and natural landscape.",1191,
برج تبارك 3,31.2646441,32.2843791,other,"برج تبارك 3 is a point of interest in Egypt, contributing to the country's diverse cultural, historical, and natural landscape.",1192,
برج الفيروز 4,31.263073,32.284076,other,"برج الفيروز 4 is a point of interest in Egypt, contributing to the country's diverse cultural, historical, and natural landscape.",1193,
Mousa Ltd.,29.8325573,32.6295495,other,"Mousa Ltd. is a point of interest in Egypt, contributing to the country's diverse cultural, historical, and natural landscape.",1208,
Island Beach,29.4579384,32.7512716,other,"Island Beach is a point of interest in Egypt, contributing to the country's diverse cultural, historical, and natural landscape.",1210,
قبر آغا خان,24.0882795,32.8788351,other,"قبر آغا خان is a point of interest in Egypt, contributing to the country's diverse cultural, historical, and natural landscape.",1219,
The monument of Friendship between Egypt and Soviet Union,23.9708504,32.8670191,other,"The monument of Friendship between Egypt and Soviet Union is a point of interest in Egypt, contributing to the country's diverse cultural, historical, and natural landscape.",1221,
Outer Court,24.0250902,32.8838357,other,"Outer Court is a point of interest in Egypt, contributing to the country's diverse cultural, historical, and natural landscape.",1224,
Forecourt,24.025471,32.8840246,other,"Forecourt is a point of interest in Egypt, contributing to the country's diverse cultural, historical, and natural landscape.",1225,
Chapel of Mandulis,24.0247857,32.8839572,other,"Chapel of Mandulis is a point of interest in Egypt, contributing to the country's diverse cultural, historical, and natural landscape.",1226,
Temple of Asclepius,24.0250879,32.8840063,other,"Temple of Asclepius is an ancient Egyptian temple site representing the country's rich religious and architectural heritage. These sacred spaces served as centers of worship, ritual, and economic activity in the ancient world.",1227,
Birth-house,24.0254935,32.883896,other,"Birth-house is a point of interest in Egypt, contributing to the country's diverse cultural, historical, and natural landscape.",1228,
Nile Museum,24.0408009,32.8839688,cultural,"The Nile Museum in Aswan is dedicated to the history, ecology, and culture of the Nile River, the lifeblood of Egyptian civilization. The museum explores the Nile's significance from ancient times to the present, including its hydrology, the peoples who depend on it, and the impact of the Aswan High Dam on Egyptian society and geography.",1236,50.0
Famine Stela,24.0577562,32.8721805,other,"Famine Stela is a point of interest in Egypt, contributing to the country's diverse cultural, historical, and natural landscape.",1238,
Theatre Fauzi Fauzi,24.1131659,32.8996358,other,"Theatre Fauzi Fauzi is a point of interest in Egypt, contributing to the country's diverse cultural, historical, and natural landscape.",1244,
Sharia as-Souq,24.0978441,32.9011722,other,"Sharia as-Souq is a point of interest in Egypt, contributing to the country's diverse cultural, historical, and natural landscape.",1247,
Swimming Beach,24.064429,32.864834,other,"Swimming Beach is a point of interest in Egypt, contributing to the country's diverse cultural, historical, and natural landscape.",1253,
Taharka Nubian House,24.092531,32.8900466,other,"Taharka Nubian House is a point of interest in Egypt, contributing to the country's diverse cultural, historical, and natural landscape.",1254,
Baba Dool,24.0928438,32.8900781,other,"Baba Dool is a point of interest in Egypt, contributing to the country's diverse cultural, historical, and natural landscape.",1256,
Nubian Village,24.061572,32.8642968,other,"Nubian Village is a point of interest in Egypt, contributing to the country's diverse cultural, historical, and natural landscape.",1257,
Hisn al-Bab,24.0118265,32.890506,historical,Hisn al-Bab is an ancient Egyptian historical site that forms part of Egypt's extraordinary archaeological heritage. The site offers visitors a direct connection to the civilization that built one of the greatest empires of the ancient world.,1260,
Elefantina Sobek,24.091591,32.8901832,other,"Elefantina Sobek is a point of interest in Egypt, contributing to the country's diverse cultural, historical, and natural landscape.",1263,
Camel Riding Station,24.0896787,32.8802837,other,"Camel Riding Station is a point of interest in Egypt, contributing to the country's diverse cultural, historical, and natural landscape.",1264,
Shellaly Ka,24.0655932,32.8709586,other,"Shellaly Ka is a point of interest in Egypt, contributing to the country's diverse cultural, historical, and natural landscape.",1265,
Masha Mman,24.0494477,32.8595841,other,"Masha Mman is a point of interest in Egypt, contributing to the country's diverse cultural, historical, and natural landscape.",1266,
Aladeen’s Nile Felucca Ride,24.0847416,32.8899501,other,"Aladeen’s Nile Felucca Ride is a point of interest in Egypt, contributing to the country's diverse cultural, historical, and natural landscape.",1267,
NUBA one,24.091516,32.8894762,other,"NUBA one is a point of interest in Egypt, contributing to the country's diverse cultural, historical, and natural landscape.",1270,
Nubian Village,24.0811994,32.8785457,other,"Nubian Village is a point of interest in Egypt, contributing to the country's diverse cultural, historical, and natural landscape.",1271,
مجدي يعقوب,24.0853762,32.8913168,cultural,"مجدي يعقوب is a cultural institution in Egypt that preserves and presents aspects of Egyptian heritage, history, and artistic traditions for visitors and researchers alike.",1274,
Nubian Queen,24.0906798,32.8908668,other,"Nubian Queen is a point of interest in Egypt, contributing to the country's diverse cultural, historical, and natural landscape.",1275,
Old Nubian house with a crocodile,24.1080572,32.890877,other,"Old Nubian house with a crocodile is a point of interest in Egypt, contributing to the country's diverse cultural, historical, and natural landscape.",1279,
Old Nubian house with henna tattooing,24.1078461,32.8905762,other,"Old Nubian house with henna tattooing is a point of interest in Egypt, contributing to the country's diverse cultural, historical, and natural landscape.",1280,
"Nubian house, restaurant and massage",24.0863602,32.8870829,other,"Nubian house, restaurant and massage is a point of interest in Egypt, contributing to the country's diverse cultural, historical, and natural landscape.",1281,
Nubian Village,24.0614079,32.8641923,other,"Nubian Village is a point of interest in Egypt, contributing to the country's diverse cultural, historical, and natural landscape.",1286,
Qh36 Tomb of sirenput I,24.1035641,32.8899211,historical,Qh36 Tomb of sirenput I is an ancient Egyptian historical site that forms part of Egypt's extraordinary archaeological heritage. The site offers visitors a direct connection to the civilization that built one of the greatest empires of the ancient world.,1290,
35d,24.1029314,32.8901556,historical,35d is an ancient Egyptian historical site that forms part of Egypt's extraordinary archaeological heritage. The site offers visitors a direct connection to the civilization that built one of the greatest empires of the ancient world.,1291,
hieroglyphs,24.0801552,32.8853208,historical,hieroglyphs is an ancient Egyptian historical site that forms part of Egypt's extraordinary archaeological heritage. The site offers visitors a direct connection to the civilization that built one of the greatest empires of the ancient world.,1292,
Late Khnum Temple Main Entrance,24.0840335,32.8866393,historical,Late Khnum Temple Main Entrance is an ancient Egyptian historical site that forms part of Egypt's extraordinary archaeological heritage. The site offers visitors a direct connection to the civilization that built one of the greatest empires of the ancient world.,1293,
Gateway of Amenhotep II,24.084089,32.8858671,historical,Gateway of Amenhotep II is an ancient Egyptian historical site that forms part of Egypt's extraordinary archaeological heritage. The site offers visitors a direct connection to the civilization that built one of the greatest empires of the ancient world.,1294,
Satet Temple of Sesostris I,24.0850932,32.8865532,historical,Satet Temple of Sesostris I is an ancient Egyptian historical site that forms part of Egypt's extraordinary archaeological heritage. The site offers visitors a direct connection to the civilization that built one of the greatest empires of the ancient world.,1295,
Barque Sanctuary of Sesostris I,24.0853083,32.8866051,historical,Barque Sanctuary of Sesostris I is an ancient Egyptian historical site that forms part of Egypt's extraordinary archaeological heritage. The site offers visitors a direct connection to the civilization that built one of the greatest empires of the ancient world.,1296,
Satet Temple of Monthuhotep II,24.0852787,32.8863987,historical,Satet Temple of Monthuhotep II is an ancient Egyptian historical site that forms part of Egypt's extraordinary archaeological heritage. The site offers visitors a direct connection to the civilization that built one of the greatest empires of the ancient world.,1297,
hieroglyphs,24.0794338,32.8958921,historical,hieroglyphs is an ancient Egyptian historical site that forms part of Egypt's extraordinary archaeological heritage. The site offers visitors a direct connection to the civilization that built one of the greatest empires of the ancient world.,1298,
hieroglyphs,24.0580971,32.8732161,historical,hieroglyphs is an ancient Egyptian historical site that forms part of Egypt's extraordinary archaeological heritage. The site offers visitors a direct connection to the civilization that built one of the greatest empires of the ancient world.,1299,
hieroglyphs,24.0573918,32.8743252,historical,hieroglyphs is an ancient Egyptian historical site that forms part of Egypt's extraordinary archaeological heritage. The site offers visitors a direct connection to the civilization that built one of the greatest empires of the ancient world.,1300,
hieroglyphs,24.0573085,32.8736962,historical,hieroglyphs is an ancient Egyptian historical site that forms part of Egypt's extraordinary archaeological heritage. The site offers visitors a direct connection to the civilization that built one of the greatest empires of the ancient world.,1301,
Nile Valley Viewpoint,24.0656751,32.8634693,other,"Nile Valley Viewpoint is a point of interest in Egypt, contributing to the country's diverse cultural, historical, and natural landscape.",1302,
Nubian Palace,24.0625731,32.8638687,other,"Nubian Palace is a point of interest in Egypt, contributing to the country's diverse cultural, historical, and natural landscape.",1306,
Qh35h,24.1030645,32.8901587,historical,Qh35h is an ancient Egyptian historical site that forms part of Egypt's extraordinary archaeological heritage. The site offers visitors a direct connection to the civilization that built one of the greatest empires of the ancient world.,1308,
Qh35i,24.1031078,32.8901933,historical,Qh35i is an ancient Egyptian historical site that forms part of Egypt's extraordinary archaeological heritage. The site offers visitors a direct connection to the civilization that built one of the greatest empires of the ancient world.,1309,
Qh35e,24.1029779,32.8901689,historical,Qh35e is an ancient Egyptian historical site that forms part of Egypt's extraordinary archaeological heritage. The site offers visitors a direct connection to the civilization that built one of the greatest empires of the ancient world.,1310,
Qh35a,24.1028278,32.890319,historical,Qh35a is an ancient Egyptian historical site that forms part of Egypt's extraordinary archaeological heritage. The site offers visitors a direct connection to the civilization that built one of the greatest empires of the ancient world.,1311,
Qh35n,24.1034126,32.8901772,historical,Qh35n is an ancient Egyptian historical site that forms part of Egypt's extraordinary archaeological heritage. The site offers visitors a direct connection to the civilization that built one of the greatest empires of the ancient world.,1312,
Qh35l,24.1032347,32.8902588,historical,Qh35l is an ancient Egyptian historical site that forms part of Egypt's extraordinary archaeological heritage. The site offers visitors a direct connection to the civilization that built one of the greatest empires of the ancient world.,1313,
Qh35o,24.1034296,32.8901576,historical,Qh35o is an ancient Egyptian historical site that forms part of Egypt's extraordinary archaeological heritage. The site offers visitors a direct connection to the civilization that built one of the greatest empires of the ancient world.,1314,
Tomb of mwkho & sabni,24.1009908,32.8893599,historical,Tomb of mwkho & sabni is an ancient Egyptian historical site that forms part of Egypt's extraordinary archaeological heritage. The site offers visitors a direct connection to the civilization that built one of the greatest empires of the ancient world.,1315,
Qh35c,24.1029303,32.8902782,historical,Qh35c is an ancient Egyptian historical site that forms part of Egypt's extraordinary archaeological heritage. The site offers visitors a direct connection to the civilization that built one of the greatest empires of the ancient world.,1316,
Qh26a,24.1011689,32.8896875,historical,Qh26a is an ancient Egyptian historical site that forms part of Egypt's extraordinary archaeological heritage. The site offers visitors a direct connection to the civilization that built one of the greatest empires of the ancient world.,1317,
Qh35f,24.1029822,32.8901532,historical,Qh35f is an ancient Egyptian historical site that forms part of Egypt's extraordinary archaeological heritage. The site offers visitors a direct connection to the civilization that built one of the greatest empires of the ancient world.,1318,
Qh35b,24.1028951,32.8902793,historical,Qh35b is an ancient Egyptian historical site that forms part of Egypt's extraordinary archaeological heritage. The site offers visitors a direct connection to the civilization that built one of the greatest empires of the ancient world.,1319,
Qh35m,24.1033519,32.8902026,historical,Qh35m is an ancient Egyptian historical site that forms part of Egypt's extraordinary archaeological heritage. The site offers visitors a direct connection to the civilization that built one of the greatest empires of the ancient world.,1320,
Sunset,24.0872998,32.8849402,other,"Sunset is a point of interest in Egypt, contributing to the country's diverse cultural, historical, and natural landscape.",1322,
Basmatic Nubian,24.0873703,32.8849958,other,"Basmatic Nubian is a point of interest in Egypt, contributing to the country's diverse cultural, historical, and natural landscape.",1325,
Nubian Life Nile View Seko Kato,24.0871615,32.8848381,other,"Nubian Life Nile View Seko Kato is a point of interest in Egypt, contributing to the country's diverse cultural, historical, and natural landscape.",1326,
Samara,24.0895255,32.8872073,other,"Samara is a point of interest in Egypt, contributing to the country's diverse cultural, historical, and natural landscape.",1327,
Nubian Lotus,24.0902895,32.88815,other,"Nubian Lotus is a point of interest in Egypt, contributing to the country's diverse cultural, historical, and natural landscape.",1328,
La Veranda,24.0925536,32.8900707,other,"La Veranda is a point of interest in Egypt, contributing to the country's diverse cultural, historical, and natural landscape.",1329,
Nubia Soul,24.0870963,32.8858157,other,"Nubia Soul is a point of interest in Egypt, contributing to the country's diverse cultural, historical, and natural landscape.",1333,
Abazido,24.0902626,32.8880463,other,"Abazido is a point of interest in Egypt, contributing to the country's diverse cultural, historical, and natural landscape.",1334,
Kosh Royal,24.0920937,32.8903352,other,"Kosh Royal is a point of interest in Egypt, contributing to the country's diverse cultural, historical, and natural landscape.",1335,
Nuba Tod,24.0908506,32.8914464,other,"Nuba Tod is a point of interest in Egypt, contributing to the country's diverse cultural, historical, and natural landscape.",1336,
Otasho,24.0926435,32.889927,other,"Otasho is a point of interest in Egypt, contributing to the country's diverse cultural, historical, and natural landscape.",1339,
El Prince,24.0903187,32.8884443,other,"El Prince is a point of interest in Egypt, contributing to the country's diverse cultural, historical, and natural landscape.",1340,
Hamo House,24.0915641,32.8888009,other,"Hamo House is a point of interest in Egypt, contributing to the country's diverse cultural, historical, and natural landscape.",1341,
Nobatia,24.0925957,32.8899969,historical,"Nobatia is a point of interest in Egypt, contributing to the country's diverse cultural, historical, and natural landscape.",1342,
Jameica,24.0896368,32.8906244,other,"Jameica is a point of interest in Egypt, contributing to the country's diverse cultural, historical, and natural landscape.",1345,
Nubia Museum,24.0792057,32.8887082,historical,"The Nubia Museum in Aswan is dedicated to preserving the rich culture and heritage of Nubia, much of which was submerged following the construction of the Aswan High Dam. The beautifully designed museum houses over 3,000 artifacts spanning thousands of years of Nubian history. It features reconstructed traditional Nubian houses and explains the dramatic rescue of Abu Simbel Temples.",1350,100.0
The temple of Isis,24.0841311,32.8933504,historical,"The Temple of Isis at Philae Island near Aswan is one of Egypt's most romantically situated ancient monuments, surrounded by the waters of Lake Nasser. Originally located on Philae Island, it was dismantled and relocated to Agilkia Island in a massive UNESCO rescue operation after the construction of the Aswan High Dam. The temple is renowned for its well-preserved reliefs and its Sound and Light Show.",1353,180.0
Royal Tomb of Eknathon,27.6263998,30.984953,other,Royal Tomb of Eknathon is an ancient Egyptian historical site that forms part of Egypt's extraordinary archaeological heritage. The site offers visitors a direct connection to the civilization that built one of the greatest empires of the ancient world.,1357,
Aya Kamal Assuit,27.2680047,31.2814196,other,"Aya Kamal Assuit is a point of interest in Egypt, contributing to the country's diverse cultural, historical, and natural landscape.",1358,
Vuvuzella Park,27.2629346,31.2757323,other,"Vuvuzella Park is a point of interest in Egypt, contributing to the country's diverse cultural, historical, and natural landscape.",1375,
"El Tor, Egypt",28.2395324,33.6134707,historical,"El Tor, Egypt is an ancient Egyptian historical site that forms part of Egypt's extraordinary archaeological heritage. The site offers visitors a direct connection to the civilization that built one of the greatest empires of the ancient world.",1377,
Hamam Musa,28.267159,33.5960474,other,"Hamam Musa is a point of interest in Egypt, contributing to the country's diverse cultural, historical, and natural landscape.",1379,
Raitho Monastery,28.2395063,33.6151369,other,"Raitho Monastery is a point of interest in Egypt, contributing to the country's diverse cultural, historical, and natural landscape.",1380,
Temple of Dendur,23.38306,32.95,other,"Temple of Dendur is an ancient Egyptian temple site representing the country's rich religious and architectural heritage. These sacred spaces served as centers of worship, ritual, and economic activity in the ancient world.",1381,
Gebel el-Muzawaka,25.6810829,28.8382409,historical,Gebel el-Muzawaka is an ancient Egyptian historical site that forms part of Egypt's extraordinary archaeological heritage. The site offers visitors a direct connection to the civilization that built one of the greatest empires of the ancient world.,1383,
Old Citadel of Mut,25.4862925,28.9805375,other,"Old Citadel of Mut is a point of interest in Egypt, contributing to the country's diverse cultural, historical, and natural landscape.",1389,
Shag Rock,27.7731513,33.8846486,other,"Shag Rock is a point of interest in Egypt, contributing to the country's diverse cultural, historical, and natural landscape.",1391,
The Kingstone,27.7731949,33.8853565,other,"The Kingstone is a point of interest in Egypt, contributing to the country's diverse cultural, historical, and natural landscape.",1392,
Barge de Gubal,27.6779833,33.8046,other,"Barge de Gubal is a point of interest in Egypt, contributing to the country's diverse cultural, historical, and natural landscape.",1393,
Ulysses,27.6867,33.8021333,other,"Ulysses is a point of interest in Egypt, contributing to the country's diverse cultural, historical, and natural landscape.",1394,
جمعيه مسجد الكمال,29.9589388,30.8973981,other,جمعيه مسجد الكمال is a mosque serving the local Muslim community and representing Egypt's Islamic architectural heritage. Egypt's mosques range from medieval masterpieces to modern places of worship.,1398,
Zamzam AC factory,29.9092536,30.9068205,other,"Zamzam AC factory is a point of interest in Egypt, contributing to the country's diverse cultural, historical, and natural landscape.",1399,
مسجد الرحمة,31.5136842,31.8333285,other,مسجد الرحمة is a mosque serving the local Muslim community and representing Egypt's Islamic architectural heritage. Egypt's mosques range from medieval masterpieces to modern places of worship.,1408,
Farskor,31.3354749,31.7208207,other,"Farskor is a point of interest in Egypt, contributing to the country's diverse cultural, historical, and natural landscape.",1415,
Abandoned district,31.4304188,31.5487271,other,"Abandoned district is a point of interest in Egypt, contributing to the country's diverse cultural, historical, and natural landscape.",1421,
٢غرفه كوابل,31.4082931,31.8802655,cultural,"٢غرفه كوابل is a cultural institution in Egypt that preserves and presents aspects of Egyptian heritage, history, and artistic traditions for visitors and researchers alike.",1422,
غرفه كوابل,31.4083888,31.8802254,cultural,"غرفه كوابل is a cultural institution in Egypt that preserves and presents aspects of Egyptian heritage, history, and artistic traditions for visitors and researchers alike.",1423,
غرفه,31.4080774,31.8811291,cultural,"غرفه is a cultural institution in Egypt that preserves and presents aspects of Egyptian heritage, history, and artistic traditions for visitors and researchers alike.",1424,
غرفه,31.4080865,31.8811411,cultural,"غرفه is a cultural institution in Egypt that preserves and presents aspects of Egyptian heritage, history, and artistic traditions for visitors and researchers alike.",1425,
غرفه,31.408338,31.8802895,cultural,"غرفه is a cultural institution in Egypt that preserves and presents aspects of Egyptian heritage, history, and artistic traditions for visitors and researchers alike.",1426,
غرفه,31.4068145,31.8856666,cultural,"غرفه is a cultural institution in Egypt that preserves and presents aspects of Egyptian heritage, history, and artistic traditions for visitors and researchers alike.",1427,
غرفه,31.4067991,31.8855766,cultural,"غرفه is a cultural institution in Egypt that preserves and presents aspects of Egyptian heritage, history, and artistic traditions for visitors and researchers alike.",1428,
غرفه,31.4068261,31.8856146,cultural,"غرفه is a cultural institution in Egypt that preserves and presents aspects of Egyptian heritage, history, and artistic traditions for visitors and researchers alike.",1429,
غرفه ٨ بجوار المساكن البيضاء,31.409435,31.8763881,cultural,"غرفه ٨ بجوار المساكن البيضاء is a cultural institution in Egypt that preserves and presents aspects of Egyptian heritage, history, and artistic traditions for visitors and researchers alike.",1430,
غرفه,31.4094641,31.87639,cultural,"غرفه is a cultural institution in Egypt that preserves and presents aspects of Egyptian heritage, history, and artistic traditions for visitors and researchers alike.",1431,
غرفه ١٠,31.4098019,31.87544,cultural,"غرفه ١٠ is a cultural institution in Egypt that preserves and presents aspects of Egyptian heritage, history, and artistic traditions for visitors and researchers alike.",1432,
غرفه ٩ امام المسجد,31.4098237,31.875431,cultural,"غرفه ٩ امام المسجد is a cultural institution in Egypt that preserves and presents aspects of Egyptian heritage, history, and artistic traditions for visitors and researchers alike.",1433,
غرفه,31.410953,31.8714472,cultural,"غرفه is a cultural institution in Egypt that preserves and presents aspects of Egyptian heritage, history, and artistic traditions for visitors and researchers alike.",1434,
غرفه أمام وحده طب الاسره,31.411173,31.8709037,cultural,"غرفه أمام وحده طب الاسره is a cultural institution in Egypt that preserves and presents aspects of Egyptian heritage, history, and artistic traditions for visitors and researchers alike.",1435,
غرفه ٢ اما وحدهطب الاسره,31.411176,31.8709343,cultural,"غرفه ٢ اما وحدهطب الاسره is a cultural institution in Egypt that preserves and presents aspects of Egyptian heritage, history, and artistic traditions for visitors and researchers alike.",1436,
غرفه امام مستشفي الطلبه,31.4112899,31.8705293,cultural,"غرفه امام مستشفي الطلبه is a cultural institution in Egypt that preserves and presents aspects of Egyptian heritage, history, and artistic traditions for visitors and researchers alike.",1437,
غرفه ٢ امام مستشفي الطلبه,31.4113267,31.8705747,cultural,"غرفه ٢ امام مستشفي الطلبه is a cultural institution in Egypt that preserves and presents aspects of Egyptian heritage, history, and artistic traditions for visitors and researchers alike.",1438,
غرفه امام مجلس المرأه,31.4097744,31.8753581,cultural,"غرفه امام مجلس المرأه is a cultural institution in Egypt that preserves and presents aspects of Egyptian heritage, history, and artistic traditions for visitors and researchers alike.",1439,
غرفه,31.4097435,31.8753971,cultural,"غرفه is a cultural institution in Egypt that preserves and presents aspects of Egyptian heritage, history, and artistic traditions for visitors and researchers alike.",1440,
غرفه بريمه بعدالتعديه,31.4083628,31.8802393,cultural,"غرفه بريمه بعدالتعديه is a cultural institution in Egypt that preserves and presents aspects of Egyptian heritage, history, and artistic traditions for visitors and researchers alike.",1441,
غرفه بريمه مدينه الاثاث,31.4081223,31.8811382,cultural,"غرفه بريمه مدينه الاثاث is a cultural institution in Egypt that preserves and presents aspects of Egyptian heritage, history, and artistic traditions for visitors and researchers alike.",1442,
غرفه,31.4072691,31.8814346,cultural,"غرفه is a cultural institution in Egypt that preserves and presents aspects of Egyptian heritage, history, and artistic traditions for visitors and researchers alike.",1443,
غرفه,31.4083608,31.8802631,cultural,"غرفه is a cultural institution in Egypt that preserves and presents aspects of Egyptian heritage, history, and artistic traditions for visitors and researchers alike.",1444,
غرفه محلي,31.4081471,31.8811971,cultural,"غرفه محلي is a cultural institution in Egypt that preserves and presents aspects of Egyptian heritage, history, and artistic traditions for visitors and researchers alike.",1445,
غرفه,31.4068001,31.8855541,cultural,"غرفه is a cultural institution in Egypt that preserves and presents aspects of Egyptian heritage, history, and artistic traditions for visitors and researchers alike.",1446,
Welcome to Egypt,30.5904057,32.3115566,other,"Welcome to Egypt is a point of interest in Egypt, contributing to the country's diverse cultural, historical, and natural landscape.",1463,
Tell al-Rataba,30.5485661,31.9643933,historical,Tell al-Rataba is an ancient Egyptian historical site that forms part of Egypt's extraordinary archaeological heritage. The site offers visitors a direct connection to the civilization that built one of the greatest empires of the ancient world.,1466,
موقع بداية عملية بدر,30.4221657,32.3532786,other,"موقع بداية عملية بدر is a point of interest in Egypt, contributing to the country's diverse cultural, historical, and natural landscape.",1467,
فورت لاكان (خط بارليف),30.6216052,32.3401819,other,"فورت لاكان (خط بارليف) is a point of interest in Egypt, contributing to the country's diverse cultural, historical, and natural landscape.",1468,
موقع بداية حرب أكتوبر,30.4217257,32.3533049,other,"موقع بداية حرب أكتوبر is a point of interest in Egypt, contributing to the country's diverse cultural, historical, and natural landscape.",1469,
ديمة السباع Dimeh el Sebaa (Soknopaiu Nesos),29.5324772,30.6695672,other,"ديمة السباع Dimeh el Sebaa (Soknopaiu Nesos) is a point of interest in Egypt, contributing to the country's diverse cultural, historical, and natural landscape.",1472,
QQ Seif,29.4601113,30.4516348,other,"QQ Seif is a point of interest in Egypt, contributing to the country's diverse cultural, historical, and natural landscape.",1474,
Soknopaïou Nesos,29.5358741,30.6685887,historical,Soknopaïou Nesos is an ancient Egyptian historical site that forms part of Egypt's extraordinary archaeological heritage. The site offers visitors a direct connection to the civilization that built one of the greatest empires of the ancient world.,1475,
متحف كوم اوشيم,29.518671,30.8981092,cultural,"متحف كوم اوشيم is a cultural institution in Egypt that preserves and presents aspects of Egyptian heritage, history, and artistic traditions for visitors and researchers alike.",1476,40.0
Point of Attila Gulyas 230115-c,29.6849977,30.8233196,other,"Point of Attila Gulyas 230115-c is a point of interest in Egypt, contributing to the country's diverse cultural, historical, and natural landscape.",1477,
Point of Attila Gulyas 230115-b,29.7583411,30.9012139,other,"Point of Attila Gulyas 230115-b is a point of interest in Egypt, contributing to the country's diverse cultural, historical, and natural landscape.",1478,
Point of Attila Gulyas 230115-d,29.5391092,30.6682545,historical,Point of Attila Gulyas 230115-d is an ancient Egyptian historical site that forms part of Egypt's extraordinary archaeological heritage. The site offers visitors a direct connection to the civilization that built one of the greatest empires of the ancient world.,1479,
Watermelon Valley,29.511316,30.6024706,other,"Watermelon Valley is a point of interest in Egypt, contributing to the country's diverse cultural, historical, and natural landscape.",1480,
Tunis Village,29.3999654,30.4893831,other,"Tunis Village is a point of interest in Egypt, contributing to the country's diverse cultural, historical, and natural landscape.",1481,
Dunes Viewpoint,25.3758644,30.3938686,other,"Dunes Viewpoint is a point of interest in Egypt, contributing to the country's diverse cultural, historical, and natural landscape.",1485,
قلعة الصالح,31.183333,29.866667,other,"قلعة الصالح is a point of interest in Egypt, contributing to the country's diverse cultural, historical, and natural landscape.",1487,
ميناء الدخيلة,31.1405959,29.786457,other,"ميناء الدخيلة is a point of interest in Egypt, contributing to the country's diverse cultural, historical, and natural landscape.",1495,
كورنيش المكس,31.1520298,29.8424444,other,"كورنيش المكس is a point of interest in Egypt, contributing to the country's diverse cultural, historical, and natural landscape.",1496,
مقابر الأنفوشي,31.202136,29.8740445,historical,مقابر الأنفوشي is an ancient Egyptian historical site that forms part of Egypt's extraordinary archaeological heritage. The site offers visitors a direct connection to the civilization that built one of the greatest empires of the ancient world.,1498,
نقطة البداية حرب 1967,31.2390267,34.2423949,other,"نقطة البداية حرب 1967 is a point of interest in Egypt, contributing to the country's diverse cultural, historical, and natural landscape.",1502,
منزل عائلة الحاج سيف النصر سعد نصر الطحاوي,30.8610514,31.9692446,other,"منزل عائلة الحاج سيف النصر سعد نصر الطحاوي is a point of interest in Egypt, contributing to the country's diverse cultural, historical, and natural landscape.",1511,
Tell Abu-Seifa,30.8610087,32.3522515,historical,Tell Abu-Seifa is an ancient Egyptian historical site that forms part of Egypt's extraordinary archaeological heritage. The site offers visitors a direct connection to the civilization that built one of the greatest empires of the ancient world.,1512,
Minshat Abu Omar,30.9129617,32.0251797,historical,Minshat Abu Omar is an ancient Egyptian historical site that forms part of Egypt's extraordinary archaeological heritage. The site offers visitors a direct connection to the civilization that built one of the greatest empires of the ancient world.,1513,
موقع بداية حرب الاستنزاف,31.1141174,32.3097139,other,"موقع بداية حرب الاستنزاف is a point of interest in Egypt, contributing to the country's diverse cultural, historical, and natural landscape.",1515,
معبد أمنوفيس الثالث,25.1375,32.827778,other,"معبد أمنوفيس الثالث is an ancient Egyptian temple site representing the country's rich religious and architectural heritage. These sacred spaces served as centers of worship, ritual, and economic activity in the ancient world.",1518,
El Kab,25.1202789,32.7982639,other,"El Kab is a point of interest in Egypt, contributing to the country's diverse cultural, historical, and natural landscape.",1519,
محطة التجميع لمياه الصرف,25.2446774,32.4807608,other,"محطة التجميع لمياه الصرف is a point of interest in Egypt, contributing to the country's diverse cultural, historical, and natural landscape.",1521,
فرن عطية اندراوس وشركاه-ش جسر السيالة,25.297495,32.5504472,other,"فرن عطية اندراوس وشركاه-ش جسر السيالة is a point of interest in Egypt, contributing to the country's diverse cultural, historical, and natural landscape.",1522,
آثار الجبلين,25.4860283,32.4938552,other,"آثار الجبلين is a point of interest in Egypt, contributing to the country's diverse cultural, historical, and natural landscape.",1542,
مسجد عبد الرحيم الطيب بالدير,25.3316861,32.5795793,other,مسجد عبد الرحيم الطيب بالدير is a mosque serving the local Muslim community and representing Egypt's Islamic architectural heritage. Egypt's mosques range from medieval masterpieces to modern places of worship.,1544,
مزلقان نجع أبو سعيد,25.4455614,32.5435635,other,"مزلقان نجع أبو سعيد is a point of interest in Egypt, contributing to the country's diverse cultural, historical, and natural landscape.",1546,
بداية مخر ابو سعيد,25.447994,32.5452357,other,"بداية مخر ابو سعيد is a point of interest in Egypt, contributing to the country's diverse cultural, historical, and natural landscape.",1551,
ماسورة نجع ابو سعيد,25.4457325,32.5435566,other,"ماسورة نجع ابو سعيد is a point of interest in Egypt, contributing to the country's diverse cultural, historical, and natural landscape.",1552,
مخر جزيرة راجح,25.2314141,32.6355225,other,"مخر جزيرة راجح is a point of interest in Egypt, contributing to the country's diverse cultural, historical, and natural landscape.",1561,
Caravanserai,25.2940242,32.5560973,other,"Caravanserai is a point of interest in Egypt, contributing to the country's diverse cultural, historical, and natural landscape.",1569,
19th century houses,25.2960246,32.5565128,other,"19th century houses is a point of interest in Egypt, contributing to the country's diverse cultural, historical, and natural landscape.",1570,
Qasr Dusch,24.5799485,30.716262,historical,Qasr Dusch is an ancient Egyptian historical site that forms part of Egypt's extraordinary archaeological heritage. The site offers visitors a direct connection to the civilization that built one of the greatest empires of the ancient world.,1571,
آل عبده صالح حسب الله آل رزيق,24.456637,32.8937106,other,"آل عبده صالح حسب الله آل رزيق is a point of interest in Egypt, contributing to the country's diverse cultural, historical, and natural landscape.",1573,
الجزيرة البيضاء,30.2780695,32.402328,other,"الجزيرة البيضاء is a point of interest in Egypt, contributing to the country's diverse cultural, historical, and natural landscape.",1574,
TT69 (Menna),25.7321656,32.6089693,other,"TT69 (Menna) is a point of interest in Egypt, contributing to the country's diverse cultural, historical, and natural landscape.",1579,
رمسيس الثالث,25.7390669,32.6010879,historical,رمسيس الثالث is an ancient Egyptian historical site that forms part of Egypt's extraordinary archaeological heritage. The site offers visitors a direct connection to the civilization that built one of the greatest empires of the ancient world.,1581,
تحوتموزس الثالث,25.7378879,32.6010177,historical,تحوتموزس الثالث is an ancient Egyptian historical site that forms part of Egypt's extraordinary archaeological heritage. The site offers visitors a direct connection to the civilization that built one of the greatest empires of the ancient world.,1582,
دير الملك,25.8015578,32.6979745,other,"دير الملك is a point of interest in Egypt, contributing to the country's diverse cultural, historical, and natural landscape.",1586,
رمسيس الأول,25.739829,32.6015478,historical,رمسيس الأول is an ancient Egyptian historical site that forms part of Egypt's extraordinary archaeological heritage. The site offers visitors a direct connection to the civilization that built one of the greatest empires of the ancient world.,1587,
سبته,25.7382878,32.6001626,historical,سبته is an ancient Egyptian historical site that forms part of Egypt's extraordinary archaeological heritage. The site offers visitors a direct connection to the civilization that built one of the greatest empires of the ancient world.,1588,
توت أنغ أمون,25.7402889,32.6012989,historical,توت أنغ أمون is an ancient Egyptian historical site that forms part of Egypt's extraordinary archaeological heritage. The site offers visitors a direct connection to the civilization that built one of the greatest empires of the ancient world.,1589,
حرمهب,25.7407544,32.6007525,historical,حرمهب is an ancient Egyptian historical site that forms part of Egypt's extraordinary archaeological heritage. The site offers visitors a direct connection to the civilization that built one of the greatest empires of the ancient world.,1590,
تحوتموس الأول,25.7389897,32.5995842,historical,تحوتموس الأول is an ancient Egyptian historical site that forms part of Egypt's extraordinary archaeological heritage. The site offers visitors a direct connection to the civilization that built one of the greatest empires of the ancient world.,1591,
أمين هوتيب,25.7400385,32.5998227,historical,أمين هوتيب is an ancient Egyptian historical site that forms part of Egypt's extraordinary archaeological heritage. The site offers visitors a direct connection to the civilization that built one of the greatest empires of the ancient world.,1592,
رمسيس الخامس و السادس,25.7406493,32.600399,historical,رمسيس الخامس و السادس is an ancient Egyptian historical site that forms part of Egypt's extraordinary archaeological heritage. The site offers visitors a direct connection to the civilization that built one of the greatest empires of the ancient world.,1593,
رمسيس الرابع,25.7417202,32.6016924,historical,رمسيس الرابع is an ancient Egyptian historical site that forms part of Egypt's extraordinary archaeological heritage. The site offers visitors a direct connection to the civilization that built one of the greatest empires of the ancient world.,1594,
رمسيس العاشر,25.7395484,32.6022109,historical,رمسيس العاشر is an ancient Egyptian historical site that forms part of Egypt's extraordinary archaeological heritage. The site offers visitors a direct connection to the civilization that built one of the greatest empires of the ancient world.,1595,
ميرينبتاه,25.7409834,32.6000718,historical,ميرينبتاه is an ancient Egyptian historical site that forms part of Egypt's extraordinary archaeological heritage. The site offers visitors a direct connection to the civilization that built one of the greatest empires of the ancient world.,1596,
أمنميزيس,25.7395572,32.6012341,historical,أمنميزيس is an ancient Egyptian historical site that forms part of Egypt's extraordinary archaeological heritage. The site offers visitors a direct connection to the civilization that built one of the greatest empires of the ancient world.,1597,
ستي الأول,25.73937,32.6015191,historical,ستي الأول is an ancient Egyptian historical site that forms part of Egypt's extraordinary archaeological heritage. The site offers visitors a direct connection to the civilization that built one of the greatest empires of the ancient world.,1598,
رمسيس التاسع,25.7402643,32.6022832,historical,رمسيس التاسع is an ancient Egyptian historical site that forms part of Egypt's extraordinary archaeological heritage. The site offers visitors a direct connection to the civilization that built one of the greatest empires of the ancient world.,1599,
KV21,25.739645,32.602774,historical,KV21 is an ancient Egyptian historical site that forms part of Egypt's extraordinary archaeological heritage. The site offers visitors a direct connection to the civilization that built one of the greatest empires of the ancient world.,1600,
يويا و ثيو,25.7409568,32.6029317,historical,يويا و ثيو is an ancient Egyptian historical site that forms part of Egypt's extraordinary archaeological heritage. The site offers visitors a direct connection to the civilization that built one of the greatest empires of the ancient world.,1601,
أبناء رمسيس الثاني,25.7405781,32.6022151,historical,أبناء رمسيس الثاني is an ancient Egyptian historical site that forms part of Egypt's extraordinary archaeological heritage. The site offers visitors a direct connection to the civilization that built one of the greatest empires of the ancient world.,1602,
Thutmes IV,25.7384508,32.6034052,historical,Thutmes IV is an ancient Egyptian historical site that forms part of Egypt's extraordinary archaeological heritage. The site offers visitors a direct connection to the civilization that built one of the greatest empires of the ancient world.,1603,
ستي الثاني,25.7383764,32.5993746,historical,ستي الثاني is an ancient Egyptian historical site that forms part of Egypt's extraordinary archaeological heritage. The site offers visitors a direct connection to the civilization that built one of the greatest empires of the ancient world.,1604,
رمسيس الحادي عشر,25.7410101,32.6036751,historical,رمسيس الحادي عشر is an ancient Egyptian historical site that forms part of Egypt's extraordinary archaeological heritage. The site offers visitors a direct connection to the civilization that built one of the greatest empires of the ancient world.,1605,
إبن رمسيس الثالث,25.7410935,32.6028632,historical,إبن رمسيس الثالث is an ancient Egyptian historical site that forms part of Egypt's extraordinary archaeological heritage. The site offers visitors a direct connection to the civilization that built one of the greatest empires of the ancient world.,1606,
رمسيس السابع,25.7426656,32.6018154,historical,رمسيس السابع is an ancient Egyptian historical site that forms part of Egypt's extraordinary archaeological heritage. The site offers visitors a direct connection to the civilization that built one of the greatest empires of the ancient world.,1607,
Mentuherkhepeshef,25.7389319,32.6034665,historical,Mentuherkhepeshef is an ancient Egyptian historical site that forms part of Egypt's extraordinary archaeological heritage. The site offers visitors a direct connection to the civilization that built one of the greatest empires of the ancient world.,1608,
توسرت و ستنخت,25.7390741,32.5988042,historical,توسرت و ستنخت is an ancient Egyptian historical site that forms part of Egypt's extraordinary archaeological heritage. The site offers visitors a direct connection to the civilization that built one of the greatest empires of the ancient world.,1609,
ميهربري,25.7396767,32.6001701,historical,ميهربري is an ancient Egyptian historical site that forms part of Egypt's extraordinary archaeological heritage. The site offers visitors a direct connection to the civilization that built one of the greatest empires of the ancient world.,1610,
Unknown tomb,25.7405023,32.6004726,historical,Unknown tomb is an ancient Egyptian historical site that forms part of Egypt's extraordinary archaeological heritage. The site offers visitors a direct connection to the civilization that built one of the greatest empires of the ancient world.,1611,
KV13 Bay,25.7395033,32.5994326,historical,KV13 Bay is an ancient Egyptian historical site that forms part of Egypt's extraordinary archaeological heritage. The site offers visitors a direct connection to the civilization that built one of the greatest empires of the ancient world.,1612,
Sit-Ra,25.7392788,32.6033143,historical,Sit-Ra is an ancient Egyptian historical site that forms part of Egypt's extraordinary archaeological heritage. The site offers visitors a direct connection to the civilization that built one of the greatest empires of the ancient world.,1613,
KV56 Gold Tomb,25.7401953,32.6010659,historical,KV56 Gold Tomb is an ancient Egyptian historical site that forms part of Egypt's extraordinary archaeological heritage. The site offers visitors a direct connection to the civilization that built one of the greatest empires of the ancient world.,1614,
Thutmes I and Hatshepsut,25.7381653,32.6035511,historical,Thutmes I and Hatshepsut is an ancient Egyptian historical site that forms part of Egypt's extraordinary archaeological heritage. The site offers visitors a direct connection to the civilization that built one of the greatest empires of the ancient world.,1615,
Lord Belmore's tomb,25.7388484,32.6003276,historical,Lord Belmore's tomb is an ancient Egyptian historical site that forms part of Egypt's extraordinary archaeological heritage. The site offers visitors a direct connection to the civilization that built one of the greatest empires of the ancient world.,1616,
حتشبسوت,25.7380644,32.6007485,historical,حتشبسوت is an ancient Egyptian historical site that forms part of Egypt's extraordinary archaeological heritage. The site offers visitors a direct connection to the civilization that built one of the greatest empires of the ancient world.,1617,
Tia'a,25.7384305,32.600255,historical,Tia'a is an ancient Egyptian historical site that forms part of Egypt's extraordinary archaeological heritage. The site offers visitors a direct connection to the civilization that built one of the greatest empires of the ancient world.,1618,
تاي أو أخناطون,25.7404522,32.6019363,historical,تاي أو أخناطون is an ancient Egyptian historical site that forms part of Egypt's extraordinary archaeological heritage. The site offers visitors a direct connection to the civilization that built one of the greatest empires of the ancient world.,1619,
أمنحوتيب الثالث,25.7433103,32.5975883,historical,أمنحوتيب الثالث is an ancient Egyptian historical site that forms part of Egypt's extraordinary archaeological heritage. The site offers visitors a direct connection to the civilization that built one of the greatest empires of the ancient world.,1620,
Tomb of Amunherkhepshef,25.7275719,32.5917486,historical,Tomb of Amunherkhepshef is an ancient Egyptian historical site that forms part of Egypt's extraordinary archaeological heritage. The site offers visitors a direct connection to the civilization that built one of the greatest empires of the ancient world.,1621,
Ay,25.7416003,32.591876,historical,Ay is an ancient Egyptian historical site that forms part of Egypt's extraordinary archaeological heritage. The site offers visitors a direct connection to the civilization that built one of the greatest empires of the ancient world.,1622,
KV44,25.7400945,32.6031301,historical,KV44 is an ancient Egyptian historical site that forms part of Egypt's extraordinary archaeological heritage. The site offers visitors a direct connection to the civilization that built one of the greatest empires of the ancient world.,1624,
Tia'a,25.7383424,32.6007193,historical,Tia'a is an ancient Egyptian historical site that forms part of Egypt's extraordinary archaeological heritage. The site offers visitors a direct connection to the civilization that built one of the greatest empires of the ancient world.,1625,
KV33,25.7381325,32.6008481,historical,KV33 is an ancient Egyptian historical site that forms part of Egypt's extraordinary archaeological heritage. The site offers visitors a direct connection to the civilization that built one of the greatest empires of the ancient world.,1626,
KV45 Userhet,25.7401226,32.6030566,historical,KV45 Userhet is an ancient Egyptian historical site that forms part of Egypt's extraordinary archaeological heritage. The site offers visitors a direct connection to the civilization that built one of the greatest empires of the ancient world.,1627,
Chapel of Osiris Ptah,25.7145152,32.657205,other,"Chapel of Osiris Ptah is a point of interest in Egypt, contributing to the country's diverse cultural, historical, and natural landscape.",1629,
معبد تحتمس الثالث,25.7379286,32.6059799,other,"معبد تحتمس الثالث is an ancient Egyptian temple site representing the country's rich religious and architectural heritage. These sacred spaces served as centers of worship, ritual, and economic activity in the ancient world.",1634,
معبد حتشبسوت,25.7383391,32.6064411,other,معبد حتشبسوت في الدير البحري أحد أجمل المعابد في مصر، صُمّم حوالي 1479 قبل الميلاد. المعبد ذو الثلاثة مصطبات المنحوت في الصخر يضم نقوشاً ملونة رائعة تصوّر القصة الإلهية لميلاد حتشبسوت ورحلتها التجارية إلى بلاد بونت.,1635,140.0
حرم حتشبسوت وتحتمس الأول,25.7381461,32.606255,historical,حرم حتشبسوت وتحتمس الأول is an ancient Egyptian historical site that forms part of Egypt's extraordinary archaeological heritage. The site offers visitors a direct connection to the civilization that built one of the greatest empires of the ancient world.,1636,
حرم آمون,25.7384314,32.6062236,historical,حرم آمون is an ancient Egyptian historical site that forms part of Egypt's extraordinary archaeological heritage. The site offers visitors a direct connection to the civilization that built one of the greatest empires of the ancient world.,1637,
معبد منتوحتب الثاني,25.7373907,32.6062233,other,"معبد منتوحتب الثاني is an ancient Egyptian temple site representing the country's rich religious and architectural heritage. These sacred spaces served as centers of worship, ritual, and economic activity in the ancient world.",1638,
Scarab of Amenhotep III,25.7174645,32.6584878,cultural,"Scarab of Amenhotep III is a cultural institution in Egypt that preserves and presents aspects of Egyptian heritage, history, and artistic traditions for visitors and researchers alike.",1641,
Obelisk,25.7003041,32.6398186,other,"Obelisk is a point of interest in Egypt, contributing to the country's diverse cultural, historical, and natural landscape.",1643,
Temple of Shanhūr,25.8611143,32.7767783,other,"Temple of Shanhūr is an ancient Egyptian temple site representing the country's rich religious and architectural heritage. These sacred spaces served as centers of worship, ritual, and economic activity in the ancient world.",1647,
ا ميلاد الأقصر,25.6957109,32.6464831,cultural,"ا ميلاد الأقصر is a cultural institution in Egypt that preserves and presents aspects of Egyptian heritage, history, and artistic traditions for visitors and researchers alike.",1648,
TT52 (Nakht),25.7326738,32.6107375,other,"TT52 (Nakht) is a point of interest in Egypt, contributing to the country's diverse cultural, historical, and natural landscape.",1650,
ديوان محافظة الأقصر,25.704346,32.6417174,other,"ديوان محافظة الأقصر is a point of interest in Egypt, contributing to the country's diverse cultural, historical, and natural landscape.",1653,
الإزالة التي لم تتم,25.5130878,32.497877,other,"الإزالة التي لم تتم is a point of interest in Egypt, contributing to the country's diverse cultural, historical, and natural landscape.",1654,
Temple of Montu (Medamud),25.7342389,32.7101722,other,"Temple of Montu (Medamud) is an ancient Egyptian temple site representing the country's rich religious and architectural heritage. These sacred spaces served as centers of worship, ritual, and economic activity in the ancient world.",1660,
WV24,25.7412769,32.5926485,historical,WV24 is an ancient Egyptian historical site that forms part of Egypt's extraordinary archaeological heritage. The site offers visitors a direct connection to the civilization that built one of the greatest empires of the ancient world.,1661,
WV25,25.7412351,32.5928011,historical,WV25 is an ancient Egyptian historical site that forms part of Egypt's extraordinary archaeological heritage. The site offers visitors a direct connection to the civilization that built one of the greatest empires of the ancient world.,1662,
KV27,25.7398279,32.6030956,historical,KV27 is an ancient Egyptian historical site that forms part of Egypt's extraordinary archaeological heritage. The site offers visitors a direct connection to the civilization that built one of the greatest empires of the ancient world.,1663,
KV39,25.7364111,32.5998351,historical,KV39 is an ancient Egyptian historical site that forms part of Egypt's extraordinary archaeological heritage. The site offers visitors a direct connection to the civilization that built one of the greatest empires of the ancient world.,1664,
KV49,25.7399055,32.6005331,historical,KV49 is an ancient Egyptian historical site that forms part of Egypt's extraordinary archaeological heritage. The site offers visitors a direct connection to the civilization that built one of the greatest empires of the ancient world.,1665,
KV52,25.7399713,32.6004529,historical,KV52 is an ancient Egyptian historical site that forms part of Egypt's extraordinary archaeological heritage. The site offers visitors a direct connection to the civilization that built one of the greatest empires of the ancient world.,1666,
KV63,25.7400839,32.6015094,historical,KV63 is an ancient Egyptian historical site that forms part of Egypt's extraordinary archaeological heritage. The site offers visitors a direct connection to the civilization that built one of the greatest empires of the ancient world.,1667,
KV53,25.7398086,32.6007716,historical,KV53 is an ancient Egyptian historical site that forms part of Egypt's extraordinary archaeological heritage. The site offers visitors a direct connection to the civilization that built one of the greatest empires of the ancient world.,1668,
KV59,25.7387243,32.6007094,historical,KV59 is an ancient Egyptian historical site that forms part of Egypt's extraordinary archaeological heritage. The site offers visitors a direct connection to the civilization that built one of the greatest empires of the ancient world.,1669,
KV64,25.740167,32.601306,historical,KV64 is an ancient Egyptian historical site that forms part of Egypt's extraordinary archaeological heritage. The site offers visitors a direct connection to the civilization that built one of the greatest empires of the ancient world.,1670,
KV65,25.7421008,32.5940929,historical,KV65 is an ancient Egyptian historical site that forms part of Egypt's extraordinary archaeological heritage. The site offers visitors a direct connection to the civilization that built one of the greatest empires of the ancient world.,1671,
KV58,25.7401172,32.6009074,historical,KV58 is an ancient Egyptian historical site that forms part of Egypt's extraordinary archaeological heritage. The site offers visitors a direct connection to the civilization that built one of the greatest empires of the ancient world.,1672,
Mummification Museum,25.7025345,32.6398801,cultural,"The Mummification Museum in Luxor is the world's only museum dedicated entirely to the ancient Egyptian art and science of mummification. Located on the Nile Corniche, it displays human and animal mummies alongside the tools and materials used in the mummification process. The museum provides a fascinating scientific and religious perspective on ancient Egyptian beliefs about death and the afterlife.",1681,100.0
N100 Rekhmire,25.7313526,32.607431,historical,N100 Rekhmire is an ancient Egyptian historical site that forms part of Egypt's extraordinary archaeological heritage. The site offers visitors a direct connection to the civilization that built one of the greatest empires of the ancient world.,1682,
TT56 Userhat,25.7305737,32.6086873,historical,TT56 Userhat is an ancient Egyptian historical site that forms part of Egypt's extraordinary archaeological heritage. The site offers visitors a direct connection to the civilization that built one of the greatest empires of the ancient world.,1683,
TT55 Ramose,25.7307612,32.6089461,historical,TT55 Ramose is an ancient Egyptian historical site that forms part of Egypt's extraordinary archaeological heritage. The site offers visitors a direct connection to the civilization that built one of the greatest empires of the ancient world.,1684,
TT41 Amenemipet,25.7325731,32.6107193,historical,TT41 Amenemipet is an ancient Egyptian historical site that forms part of Egypt's extraordinary archaeological heritage. The site offers visitors a direct connection to the civilization that built one of the greatest empires of the ancient world.,1685,
TT52 Nakht,25.7318452,32.6099256,historical,TT52 Nakht is an ancient Egyptian historical site that forms part of Egypt's extraordinary archaeological heritage. The site offers visitors a direct connection to the civilization that built one of the greatest empires of the ancient world.,1686,
TT96 Sennefer,25.7313981,32.6067379,historical,TT96 Sennefer is an ancient Egyptian historical site that forms part of Egypt's extraordinary archaeological heritage. The site offers visitors a direct connection to the civilization that built one of the greatest empires of the ancient world.,1687,
TT57 Khaemhat,25.7304115,32.6087223,historical,TT57 Khaemhat is an ancient Egyptian historical site that forms part of Egypt's extraordinary archaeological heritage. The site offers visitors a direct connection to the civilization that built one of the greatest empires of the ancient world.,1688,
local ferry to West Bank,25.7014436,32.6385794,other,"local ferry to West Bank is a point of interest in Egypt, contributing to the country's diverse cultural, historical, and natural landscape.",1691,
TT65 Nebamun/Imiseba/Monastery of Cyriacus,25.73294,32.6088898,historical,TT65 Nebamun/Imiseba/Monastery of Cyriacus is an ancient Egyptian historical site that forms part of Egypt's extraordinary archaeological heritage. The site offers visitors a direct connection to the civilization that built one of the greatest empires of the ancient world.,1692,
Nūn Art Gallery,25.7039153,32.6328437,cultural,"Nūn Art Gallery is a cultural institution in Egypt that preserves and presents aspects of Egyptian heritage, history, and artistic traditions for visitors and researchers alike.",1694,
TT359,25.7276225,32.6006389,historical,TT359 is an ancient Egyptian historical site that forms part of Egypt's extraordinary archaeological heritage. The site offers visitors a direct connection to the civilization that built one of the greatest empires of the ancient world.,1695,
Papyrus Museum,25.7274662,32.657683,cultural,The Papyrus Museum in Cairo demonstrates the ancient Egyptian technique of making papyrus from the Nile reed plant. Visitors witness live demonstrations of papyrus production and can view a collection of papyrus sheets painted with pharaonic scenes and hieroglyphic inscriptions. The museum offers an authentic educational experience about one of humanity's earliest writing materials.,1696,60.0
Abo Eish Alabaster Factory,25.733132,32.6233157,other,"Abo Eish Alabaster Factory is a point of interest in Egypt, contributing to the country's diverse cultural, historical, and natural landscape.",1697,
Tomb of Queen Tyti,25.7274103,32.5921441,historical,Tomb of Queen Tyti is an ancient Egyptian historical site that forms part of Egypt's extraordinary archaeological heritage. The site offers visitors a direct connection to the civilization that built one of the greatest empires of the ancient world.,1701,
Art from People to People Foundation,25.7149153,32.6246003,cultural,"Art from People to People Foundation is a cultural institution in Egypt that preserves and presents aspects of Egyptian heritage, history, and artistic traditions for visitors and researchers alike.",1702,
Luxor Museum Entrance & Ticket Office,25.7073653,32.6439556,historical,"The Luxor Museum entrance and ticket office is the gateway to one of Egypt's finest regional collections. The museum presents meticulously curated artifacts from the Theban region, showcasing the exceptional artistry of the New Kingdom period. Visitors purchase tickets here before accessing the main galleries featuring royal statuary and the reconstructed Akhenaten wall.",1703,140.0
T178 Tomb of Neferronpet,25.7323707,32.6120936,other,T178 Tomb of Neferronpet is an ancient Egyptian historical site that forms part of Egypt's extraordinary archaeological heritage. The site offers visitors a direct connection to the civilization that built one of the greatest empires of the ancient world.,1712,
Al Khokha,25.7324654,32.6120624,other,"Al Khokha is a point of interest in Egypt, contributing to the country's diverse cultural, historical, and natural landscape.",1713,
TT296 Tomb of Nefersekheru,25.7325104,32.6119684,other,TT296 Tomb of Nefersekheru is an ancient Egyptian historical site that forms part of Egypt's extraordinary archaeological heritage. The site offers visitors a direct connection to the civilization that built one of the greatest empires of the ancient world.,1714,
TT295 Tomb of Dhutmosi,25.7325183,32.6118587,other,TT295 Tomb of Dhutmosi is an ancient Egyptian historical site that forms part of Egypt's extraordinary archaeological heritage. The site offers visitors a direct connection to the civilization that built one of the greatest empires of the ancient world.,1715,
جزيرة الموز - Banana Island,25.683452,32.6228723,other,"جزيرة الموز - Banana Island is a point of interest in Egypt, contributing to the country's diverse cultural, historical, and natural landscape.",1718,
Birket Habu,25.7053045,32.5946069,historical,Birket Habu is an ancient Egyptian historical site that forms part of Egypt's extraordinary archaeological heritage. The site offers visitors a direct connection to the civilization that built one of the greatest empires of the ancient world.,1719,
Moon Valley Apartments,25.7026697,32.6237568,other,"Moon Valley Apartments is a point of interest in Egypt, contributing to the country's diverse cultural, historical, and natural landscape.",1720,
TT25,25.7333069,32.5999341,historical,TT25 is an ancient Egyptian historical site that forms part of Egypt's extraordinary archaeological heritage. The site offers visitors a direct connection to the civilization that built one of the greatest empires of the ancient world.,1721,
TT51 Userhat,25.7303711,32.610565,other,"TT51 Userhat is a point of interest in Egypt, contributing to the country's diverse cultural, historical, and natural landscape.",1722,
TT31 Khonsu,25.7304626,32.6105641,other,"TT31 Khonsu is a point of interest in Egypt, contributing to the country's diverse cultural, historical, and natural landscape.",1723,
Tailleurs de pierres,25.7348314,32.6212779,other,"Tailleurs de pierres is a point of interest in Egypt, contributing to the country's diverse cultural, historical, and natural landscape.",1724,
Green Oasis Villa,25.7086796,32.6271944,other,"Green Oasis Villa is a point of interest in Egypt, contributing to the country's diverse cultural, historical, and natural landscape.",1726,
Oasis Guest House,25.7013548,32.6320377,other,"Oasis Guest House is a point of interest in Egypt, contributing to the country's diverse cultural, historical, and natural landscape.",1727,
Tomb of Kwa Em Waset,25.7267911,32.5922167,historical,Tomb of Kwa Em Waset is an ancient Egyptian historical site that forms part of Egypt's extraordinary archaeological heritage. The site offers visitors a direct connection to the civilization that built one of the greatest empires of the ancient world.,1729,
أمنحتب الثالث,25.7205864,32.6104814,cultural,"أمنحتب الثالث is a cultural institution in Egypt that preserves and presents aspects of Egyptian heritage, history, and artistic traditions for visitors and researchers alike.",1730,
أمنحتب الثالث,25.7203932,32.6103831,cultural,"أمنحتب الثالث is a cultural institution in Egypt that preserves and presents aspects of Egyptian heritage, history, and artistic traditions for visitors and researchers alike.",1731,
Luxor Museum,25.7076634,32.644489,cultural,"Luxor Museum is widely considered Egypt's finest provincial museum, presenting a curated selection of exceptional artifacts from the Theban region. The collection spans the Middle Kingdom through the New Kingdom and includes a reconstructed wall from Akhenaten's Karnak temple. Highlights include royal statues, gilded funerary objects, and two royal mummies displayed in a specially designed room.",1733,140.0
Beetle,25.7174878,32.6581508,cultural,"Beetle is a cultural institution in Egypt that preserves and presents aspects of Egyptian heritage, history, and artistic traditions for visitors and researchers alike.",1737,
Column of Taharqa,25.7187615,32.6572987,other,"Column of Taharqa is a point of interest in Egypt, contributing to the country's diverse cultural, historical, and natural landscape.",1738,
Ramesses II and Daughter,25.718824,32.6574604,cultural,"Ramesses II and Daughter is a cultural institution in Egypt that preserves and presents aspects of Egyptian heritage, history, and artistic traditions for visitors and researchers alike.",1739,
Ramses III,25.7185684,32.6571574,cultural,"Ramses III is a cultural institution in Egypt that preserves and presents aspects of Egyptian heritage, history, and artistic traditions for visitors and researchers alike.",1740,
Ramses III,25.7185446,32.6572105,cultural,"Ramses III is a cultural institution in Egypt that preserves and presents aspects of Egyptian heritage, history, and artistic traditions for visitors and researchers alike.",1741,
TT1 Sennutem,25.7276813,32.6006414,historical,TT1 Sennutem is an ancient Egyptian historical site that forms part of Egypt's extraordinary archaeological heritage. The site offers visitors a direct connection to the civilization that built one of the greatest empires of the ancient world.,1742,
TT218-TT219-TT220,25.7277352,32.60062,historical,TT218-TT219-TT220 is an ancient Egyptian historical site that forms part of Egypt's extraordinary archaeological heritage. The site offers visitors a direct connection to the civilization that built one of the greatest empires of the ancient world.,1743,
Crater de las Ostracas,25.7291491,32.6030896,other,"Crater de las Ostracas is a point of interest in Egypt, contributing to the country's diverse cultural, historical, and natural landscape.",1744,
F,25.738229,32.6008937,historical,F is an ancient Egyptian historical site that forms part of Egypt's extraordinary archaeological heritage. The site offers visitors a direct connection to the civilization that built one of the greatest empires of the ancient world.,1745,
KV28,25.7399015,32.6031015,historical,KV28 is an ancient Egyptian historical site that forms part of Egypt's extraordinary archaeological heritage. The site offers visitors a direct connection to the civilization that built one of the greatest empires of the ancient world.,1746,
KV50,25.7399538,32.6004698,historical,KV50 is an ancient Egyptian historical site that forms part of Egypt's extraordinary archaeological heritage. The site offers visitors a direct connection to the civilization that built one of the greatest empires of the ancient world.,1747,
Queen Isis-ta-Hemdjeret,25.727315,32.5925209,historical,Queen Isis-ta-Hemdjeret is an ancient Egyptian historical site that forms part of Egypt's extraordinary archaeological heritage. The site offers visitors a direct connection to the civilization that built one of the greatest empires of the ancient world.,1748,
Tomb of Nefertari-Merymut,25.7281459,32.5927058,historical,Tomb of Nefertari-Merymut is an ancient Egyptian historical site that forms part of Egypt's extraordinary archaeological heritage. The site offers visitors a direct connection to the civilization that built one of the greatest empires of the ancient world.,1749,
Dyad Statue of Amun and Mut,25.6997879,32.6392593,cultural,"Dyad Statue of Amun and Mut is a cultural institution in Egypt that preserves and presents aspects of Egyptian heritage, history, and artistic traditions for visitors and researchers alike.",1750,
Dyad Statue of Amun and Mut,25.699835,32.6391879,cultural,"Dyad Statue of Amun and Mut is a cultural institution in Egypt that preserves and presents aspects of Egyptian heritage, history, and artistic traditions for visitors and researchers alike.",1751,
Ramesses II,25.6998907,32.6393421,cultural,"Ramesses II is a cultural institution in Egypt that preserves and presents aspects of Egyptian heritage, history, and artistic traditions for visitors and researchers alike.",1752,
Stele of Seti II,25.7194979,32.655993,historical,"Stele of Seti II is a point of interest in Egypt, contributing to the country's diverse cultural, historical, and natural landscape.",1753,
socle of the northern obelisk of Seti II,25.7194633,32.6560689,cultural,"socle of the northern obelisk of Seti II is a cultural institution in Egypt that preserves and presents aspects of Egyptian heritage, history, and artistic traditions for visitors and researchers alike.",1754,
Statue of Thutmose III,25.719614,32.6577075,cultural,"Statue of Thutmose III is a cultural institution in Egypt that preserves and presents aspects of Egyptian heritage, history, and artistic traditions for visitors and researchers alike.",1755,
Seated Statue of Thutmose III and Amun,25.7176454,32.6599737,cultural,"Seated Statue of Thutmose III and Amun is a cultural institution in Egypt that preserves and presents aspects of Egyptian heritage, history, and artistic traditions for visitors and researchers alike.",1756,
Statue of Thutmose III,25.7180221,32.6596648,cultural,"Statue of Thutmose III is a cultural institution in Egypt that preserves and presents aspects of Egyptian heritage, history, and artistic traditions for visitors and researchers alike.",1757,
Middle kingdom courtyard,25.7181658,32.6592236,historical,Middle kingdom courtyard is a service facility in Egypt that supports visitors and residents in the area.,1758,
TT3 - Tomb of Pashedu,25.7284926,32.6004259,historical,TT3 - Tomb of Pashedu is an ancient Egyptian historical site that forms part of Egypt's extraordinary archaeological heritage. The site offers visitors a direct connection to the civilization that built one of the greatest empires of the ancient world.,1759,
TT184 Nefermenu,25.7321574,32.6126888,historical,TT184 Nefermenu is an ancient Egyptian historical site that forms part of Egypt's extraordinary archaeological heritage. The site offers visitors a direct connection to the civilization that built one of the greatest empires of the ancient world.,1761,
Palace of Amenhotep 3,25.7153407,32.5911778,historical,Palace of Amenhotep 3 is an ancient Egyptian historical site that forms part of Egypt's extraordinary archaeological heritage. The site offers visitors a direct connection to the civilization that built one of the greatest empires of the ancient world.,1762,
Kemet House,25.7053349,32.6329227,other,"Kemet House is a point of interest in Egypt, contributing to the country's diverse cultural, historical, and natural landscape.",1763,
Villa Sunrise,25.7020048,32.6332601,other,"Villa Sunrise is a point of interest in Egypt, contributing to the country's diverse cultural, historical, and natural landscape.",1765,
Lovely Private Villa,25.6979868,32.6294232,other,"Lovely Private Villa is a point of interest in Egypt, contributing to the country's diverse cultural, historical, and natural landscape.",1766,
Full Moon House,25.7004568,32.6321602,other,"Full Moon House is a point of interest in Egypt, contributing to the country's diverse cultural, historical, and natural landscape.",1768,
Magic Nile Secret Garden,25.6984145,32.6295035,other,"Magic Nile Secret Garden is a point of interest in Egypt, contributing to the country's diverse cultural, historical, and natural landscape.",1769,
Luxor Governorate Martyrs Memorial,25.708618,32.6467596,other,"Luxor Governorate Martyrs Memorial is a point of interest in Egypt, contributing to the country's diverse cultural, historical, and natural landscape.",1772,
Replica of Tut Ankh Amon Tomb,25.7396139,32.6278404,other,Replica of Tut Ankh Amon Tomb is an ancient Egyptian historical site that forms part of Egypt's extraordinary archaeological heritage. The site offers visitors a direct connection to the civilization that built one of the greatest empires of the ancient world.,1774,
Temple of Hatshepsut,25.7372398,32.6086902,historical,"The Mortuary Temple of Hatshepsut at Deir el-Bahari is one of the most beautiful temples in Egypt, designed by the royal architect Senenmut around 1479 BCE. The three-tiered colonnaded structure is carved directly into the Theban cliffs and dedicated to the female pharaoh Hatshepsut. It houses stunning painted reliefs depicting the divine birth of Hatshepsut and her trade expedition to Punt.",1776,140.0
The Devine Birth Chamber,25.7381867,32.6068923,historical,The Devine Birth Chamber is a service facility in Egypt that supports visitors and residents in the area.,1778,
The Complex of the sun cult in the Trmple of Hatshepsut at Deir Al-Bahari,25.738547,32.6066148,historical,The Complex of the sun cult in the Trmple of Hatshepsut at Deir Al-Bahari is a service facility in Egypt that supports visitors and residents in the area.,1782,
Luxor Temple,25.7002041,32.6400203,historical,"Luxor Temple is a magnificent ancient Egyptian temple complex built on the east bank of the Nile around 1400 BCE. Constructed primarily by Amenhotep III and Ramesses II, it was the center of the Opet Festival celebrating the annual renewal of pharaonic power. The temple's 24-meter obelisk at the entrance once stood alongside a twin now located in Paris.",1783,160.0
The expedition to the land of Punt,25.7379993,32.6066177,historical,The expedition to the land of Punt is a service facility in Egypt that supports visitors and residents in the area.,1786,
Temple of Khonsu,25.7162487,32.6556477,historical,"Temple of Khonsu is an ancient Egyptian temple site representing the country's rich religious and architectural heritage. These sacred spaces served as centers of worship, ritual, and economic activity in the ancient world.",1790,160.0
Rekhmire TT100,25.7312628,32.6075902,historical,Rekhmire TT100 is a service facility in Egypt that supports visitors and residents in the area.,1791,
Tomb of Monthemhat (TT 34),25.7360439,32.6113087,historical,Tomb of Monthemhat (TT 34) is an ancient Egyptian historical site that forms part of Egypt's extraordinary archaeological heritage. The site offers visitors a direct connection to the civilization that built one of the greatest empires of the ancient world.,1792,
Tasneem Palace,25.7055812,32.6301692,other,"Tasneem Palace is a point of interest in Egypt, contributing to the country's diverse cultural, historical, and natural landscape.",1793,
قصر عباس باشا,28.5600636,33.9174195,other,"قصر عباس باشا is a point of interest in Egypt, contributing to the country's diverse cultural, historical, and natural landscape.",1795,
مركز زوار محمية سانت كاترين,28.5671514,33.9667792,cultural,"مركز زوار محمية سانت كاترين is a cultural institution in Egypt that preserves and presents aspects of Egyptian heritage, history, and artistic traditions for visitors and researchers alike.",1798,
Gebel Nughaymshī,28.7027562,34.3670046,other,"Gebel Nughaymshī is a point of interest in Egypt, contributing to the country's diverse cultural, historical, and natural landscape.",1799,
Nawami,28.8550093,34.3733603,other,"Nawami is a point of interest in Egypt, contributing to the country's diverse cultural, historical, and natural landscape.",1801,
Umm Matamir,28.8419177,34.3577417,other,"Umm Matamir is a point of interest in Egypt, contributing to the country's diverse cultural, historical, and natural landscape.",1802,
دير القديسة كاترين,28.5556875,33.9765682,cultural,"دير القديسة كاترين is a point of interest in Egypt, contributing to the country's diverse cultural, historical, and natural landscape.",1803,
Abo Jeefa Viewpoint شرفة أبو جيفة,28.5470194,33.9360464,other,"Abo Jeefa Viewpoint شرفة أبو جيفة is a point of interest in Egypt, contributing to the country's diverse cultural, historical, and natural landscape.",1805,
Nawami,28.8550303,34.3734438,other,"Nawami is a point of interest in Egypt, contributing to the country's diverse cultural, historical, and natural landscape.",1807,
Nawami,28.8554832,34.3736904,other,"Nawami is a point of interest in Egypt, contributing to the country's diverse cultural, historical, and natural landscape.",1808,
Nawami,28.8550679,34.3733111,other,"Nawami is a point of interest in Egypt, contributing to the country's diverse cultural, historical, and natural landscape.",1809,
Nawami,28.8551654,34.3734626,other,"Nawami is a point of interest in Egypt, contributing to the country's diverse cultural, historical, and natural landscape.",1810,
Nawami,28.8552863,34.3735095,other,"Nawami is a point of interest in Egypt, contributing to the country's diverse cultural, historical, and natural landscape.",1811,
Nawami,28.8550878,34.3734505,other,"Nawami is a point of interest in Egypt, contributing to the country's diverse cultural, historical, and natural landscape.",1812,
Nawami,28.8552405,34.3734411,other,"Nawami is a point of interest in Egypt, contributing to the country's diverse cultural, historical, and natural landscape.",1813,
Nawami,28.8553422,34.3735294,other,"Nawami is a point of interest in Egypt, contributing to the country's diverse cultural, historical, and natural landscape.",1814,
Nawami,28.8552065,34.3735109,other,"Nawami is a point of interest in Egypt, contributing to the country's diverse cultural, historical, and natural landscape.",1815,
Nawami,28.855156,34.3731112,other,"Nawami is a point of interest in Egypt, contributing to the country's diverse cultural, historical, and natural landscape.",1816,
Nawami,28.8554014,34.3735511,other,"Nawami is a point of interest in Egypt, contributing to the country's diverse cultural, historical, and natural landscape.",1817,
Nawami,28.8554167,34.3736571,other,"Nawami is a point of interest in Egypt, contributing to the country's diverse cultural, historical, and natural landscape.",1818,
Nawami,28.8553223,34.3730413,other,"Nawami is a point of interest in Egypt, contributing to the country's diverse cultural, historical, and natural landscape.",1819,
Nawami,28.8558243,34.373012,other,"Nawami is a point of interest in Egypt, contributing to the country's diverse cultural, historical, and natural landscape.",1820,
Nawami,28.8551548,34.3728926,other,"Nawami is a point of interest in Egypt, contributing to the country's diverse cultural, historical, and natural landscape.",1821,
Nawami,28.8554402,34.3728725,other,"Nawami is a point of interest in Egypt, contributing to the country's diverse cultural, historical, and natural landscape.",1822,
Nawami,28.8553615,34.3743531,other,"Nawami is a point of interest in Egypt, contributing to the country's diverse cultural, historical, and natural landscape.",1823,
Nawami,28.8557667,34.3731112,other,"Nawami is a point of interest in Egypt, contributing to the country's diverse cultural, historical, and natural landscape.",1824,
Nawami,28.8557503,34.3731756,other,"Nawami is a point of interest in Egypt, contributing to the country's diverse cultural, historical, and natural landscape.",1825,
Nawami,28.8556317,34.3737496,other,"Nawami is a point of interest in Egypt, contributing to the country's diverse cultural, historical, and natural landscape.",1826,
Nawami,28.8555906,34.3736825,other,"Nawami is a point of interest in Egypt, contributing to the country's diverse cultural, historical, and natural landscape.",1827,
Nawami,28.8555048,34.3736383,other,"Nawami is a point of interest in Egypt, contributing to the country's diverse cultural, historical, and natural landscape.",1828,
Nawami,28.8555318,34.3736866,other,"Nawami is a point of interest in Egypt, contributing to the country's diverse cultural, historical, and natural landscape.",1829,
Nawami,28.855883,34.3739199,other,"Nawami is a point of interest in Egypt, contributing to the country's diverse cultural, historical, and natural landscape.",1830,
Nawami,28.8556587,34.3744242,other,"Nawami is a point of interest in Egypt, contributing to the country's diverse cultural, historical, and natural landscape.",1831,
Nawami,28.8560169,34.3746495,other,"Nawami is a point of interest in Egypt, contributing to the country's diverse cultural, historical, and natural landscape.",1832,
متحف دير القديسة كاترين,28.5561737,33.9761113,cultural,"متحف دير القديسة كاترين is a cultural institution in Egypt that preserves and presents aspects of Egyptian heritage, history, and artistic traditions for visitors and researchers alike.",1833,
Bronze Age Tombs,28.7773423,34.0499454,other,Bronze Age Tombs is an ancient Egyptian historical site that forms part of Egypt's extraordinary archaeological heritage. The site offers visitors a direct connection to the civilization that built one of the greatest empires of the ancient world.,1834,
Pegasus Organic Farm,28.5614713,33.957532,other,"Pegasus Organic Farm is a point of interest in Egypt, contributing to the country's diverse cultural, historical, and natural landscape.",1837,
Medinet-el Haras,23.9109505,35.4759377,historical,Medinet-el Haras is an ancient Egyptian historical site that forms part of Egypt's extraordinary archaeological heritage. The site offers visitors a direct connection to the civilization that built one of the greatest empires of the ancient world.,1839,
سفنكس,22.7927655,32.545778,cultural,"سفنكس is a cultural institution in Egypt that preserves and presents aspects of Egyptian heritage, history, and artistic traditions for visitors and researchers alike.",1840,
سفنكس,22.792724,32.5457183,cultural,"سفنكس is a cultural institution in Egypt that preserves and presents aspects of Egyptian heritage, history, and artistic traditions for visitors and researchers alike.",1841,
سفنكس,22.7927049,32.5456922,cultural,"سفنكس is a cultural institution in Egypt that preserves and presents aspects of Egyptian heritage, history, and artistic traditions for visitors and researchers alike.",1842,
سفنكس,22.7927828,32.5458068,cultural,"سفنكس is a cultural institution in Egypt that preserves and presents aspects of Egyptian heritage, history, and artistic traditions for visitors and researchers alike.",1843,
سفنكس,22.7929682,32.5455091,cultural,"سفنكس is a cultural institution in Egypt that preserves and presents aspects of Egyptian heritage, history, and artistic traditions for visitors and researchers alike.",1844,
سفنكس,22.7929367,32.5455333,cultural,"سفنكس is a cultural institution in Egypt that preserves and presents aspects of Egyptian heritage, history, and artistic traditions for visitors and researchers alike.",1845,
سفنكس,22.7928588,32.5455742,cultural,"سفنكس is a cultural institution in Egypt that preserves and presents aspects of Egyptian heritage, history, and artistic traditions for visitors and researchers alike.",1846,
سفنكس,22.7928069,32.5456231,cultural,"سفنكس is a cultural institution in Egypt that preserves and presents aspects of Egyptian heritage, history, and artistic traditions for visitors and researchers alike.",1847,
سفنكس,22.7927599,32.5456707,cultural,"سفنكس is a cultural institution in Egypt that preserves and presents aspects of Egyptian heritage, history, and artistic traditions for visitors and researchers alike.",1848,
سفنكس,22.7928186,32.5457579,cultural,"سفنكس is a cultural institution in Egypt that preserves and presents aspects of Egyptian heritage, history, and artistic traditions for visitors and researchers alike.",1849,
سفنكس,22.7928749,32.5457177,cultural,"سفنكس is a cultural institution in Egypt that preserves and presents aspects of Egyptian heritage, history, and artistic traditions for visitors and researchers alike.",1850,
سفنكس,22.7929268,32.5456707,cultural,"سفنكس is a cultural institution in Egypt that preserves and presents aspects of Egyptian heritage, history, and artistic traditions for visitors and researchers alike.",1851,
سفنكس,22.7929973,32.5456043,cultural,"سفنكس is a cultural institution in Egypt that preserves and presents aspects of Egyptian heritage, history, and artistic traditions for visitors and researchers alike.",1852,
سفنكس,22.7930294,32.5455789,cultural,"سفنكس is a cultural institution in Egypt that preserves and presents aspects of Egyptian heritage, history, and artistic traditions for visitors and researchers alike.",1853,
معبد الدكة وتحوت,22.80158,32.545841,historical,معبد الدكة في النوبة المصرية بُني في عهد الملك إرجامين النوبي في القرن الثالث قبل الميلاد ثم طوّره الأباطرة الرومان. كان مكرّساً للإله تحوت وتهوت إله الحكمة. نُقل إلى موقعه الحالي على ضفة بحيرة ناصر ضمن مشروع إنقاذ النوبة.,1854,60.0
معبد وادي السبوع,22.7926214,32.5457458,historical,معبد وادي السبوع يعود لعهد الملك رمسيس الثاني ويقع في النوبة المصرية على ضفة بحيرة ناصر. تميّز بطريق يصطف على جانبيه تماثيل أبو الهول، وقد نُقل إلى موقعه الحالي خلال مبادرة إنقاذ آثار النوبة التي نظمتها اليونسكو.,1856,60.0
Salem Express,26.6397175,34.0615772,other,"Salem Express is a point of interest in Egypt, contributing to the country's diverse cultural, historical, and natural landscape.",1862,
Umm al Huweitat Viewpoint,26.5330343,33.9204047,other,"Umm al Huweitat Viewpoint is a point of interest in Egypt, contributing to the country's diverse cultural, historical, and natural landscape.",1876,
Shaab Umm Gamar,27.333448,33.9177183,other,"Shaab Umm Gamar is a point of interest in Egypt, contributing to the country's diverse cultural, historical, and natural landscape.",1879,
Carnatic,27.5792666,33.92695,other,"Carnatic is a point of interest in Egypt, contributing to the country's diverse cultural, historical, and natural landscape.",1880,
Chrisoula K,27.5805307,33.9287744,other,"Chrisoula K is a point of interest in Egypt, contributing to the country's diverse cultural, historical, and natural landscape.",1881,
Kimon M,27.5816666,33.9302166,other,"Kimon M is a point of interest in Egypt, contributing to the country's diverse cultural, historical, and natural landscape.",1882,
Giannis D,27.5774,33.9231833,other,"Giannis D is a point of interest in Egypt, contributing to the country's diverse cultural, historical, and natural landscape.",1883,
موقع الغوص - جزيرة الأخ الصغير,26.3007944,34.862559,other,"موقع الغوص - جزيرة الأخ الصغير is a point of interest in Egypt, contributing to the country's diverse cultural, historical, and natural landscape.",1885,
موقع الغوص - جزيرة الأخ الأكبر,26.3130389,34.8442682,other,"موقع الغوص - جزيرة الأخ الأكبر is a point of interest in Egypt, contributing to the country's diverse cultural, historical, and natural landscape.",1886,
قرية العين ريزورت السياحية,29.5434279,32.3675783,other,"قرية العين ريزورت السياحية is a point of interest in Egypt, contributing to the country's diverse cultural, historical, and natural landscape.",1892,
U1 ElAin Resort,29.5437788,32.3685503,other,"U1 ElAin Resort is a point of interest in Egypt, contributing to the country's diverse cultural, historical, and natural landscape.",1893,
Dolphin,29.6432392,32.2280149,cultural,"Dolphin is a cultural institution in Egypt that preserves and presents aspects of Egyptian heritage, history, and artistic traditions for visitors and researchers alike.",1895,
Temple of Taffeh,23.6197,32.8721,other,"Temple of Taffeh is an ancient Egyptian temple site representing the country's rich religious and architectural heritage. These sacred spaces served as centers of worship, ritual, and economic activity in the ancient world.",1897,
Xois,31.0896344,30.9507706,historical,Xois is an ancient Egyptian historical site that forms part of Egypt's extraordinary archaeological heritage. The site offers visitors a direct connection to the civilization that built one of the greatest empires of the ancient world.,1898,
Kafr El-Sheikh Local Museum,31.1032791,30.9465761,other,"The Kafr El-Sheikh Local Museum showcases the archaeological heritage of the Nile Delta region, including artifacts from ancient Buto, one of Egypt's earliest cities. The collection includes pottery, amulets, and objects from various periods that illustrate the cultural richness of the Delta from prehistoric times through the Islamic period.",1900,20.0
Sanaa garden,31.1043055,30.9465664,outdoor,"Sanaa garden is an outdoor natural or recreational area in Egypt, offering visitors the opportunity to experience the country's diverse landscapes from the Nile Valley to the desert and Mediterranean coast.",1902,
Abo Shäkêr,31.0296939,31.3903311,other,"Abo Shäkêr is a point of interest in Egypt, contributing to the country's diverse cultural, historical, and natural landscape.",1904,
منزل الاستاذ كرم سليم,31.0262014,30.9004997,other,"منزل الاستاذ كرم سليم is a point of interest in Egypt, contributing to the country's diverse cultural, historical, and natural landscape.",1914,
شركه طيبه للتكيف وفلاتر المياه,30.9786552,31.1717088,cultural,"شركه طيبه للتكيف وفلاتر المياه is a cultural institution in Egypt that preserves and presents aspects of Egyptian heritage, history, and artistic traditions for visitors and researchers alike.",1915,
منزل الحاج السيد بدران,30.8967798,31.3394533,other,"منزل الحاج السيد بدران is a point of interest in Egypt, contributing to the country's diverse cultural, historical, and natural landscape.",1919,
ezpet abu elgood,30.8804063,31.1712632,other,"ezpet abu elgood is a point of interest in Egypt, contributing to the country's diverse cultural, historical, and natural landscape.",1930,
Medan Arousa,27.2220459,33.8375154,other,"Medan Arousa is a point of interest in Egypt, contributing to the country's diverse cultural, historical, and natural landscape.",1932,
Makadi Aqua Park,26.9810204,33.8721242,other,"Makadi Aqua Park is a point of interest in Egypt, contributing to the country's diverse cultural, historical, and natural landscape.",1933,
Anemone Beach,27.2121737,33.8432683,cultural,"Anemone Beach is a cultural institution in Egypt that preserves and presents aspects of Egyptian heritage, history, and artistic traditions for visitors and researchers alike.",1935,
El Mina (wreck),27.2258269,33.8474944,other,"El Mina (wreck) is a point of interest in Egypt, contributing to the country's diverse cultural, historical, and natural landscape.",1936,
Dromedar-Riding,27.0547756,33.6465523,other,"Dromedar-Riding is a point of interest in Egypt, contributing to the country's diverse cultural, historical, and natural landscape.",1937,
Montana Residences,27.1946971,33.8270363,other,"Montana Residences is a point of interest in Egypt, contributing to the country's diverse cultural, historical, and natural landscape.",1940,
Balena,27.1782408,33.831981,other,"Balena is a point of interest in Egypt, contributing to the country's diverse cultural, historical, and natural landscape.",1941,
Camel riding,27.0927485,33.6395634,other,"Camel riding is a point of interest in Egypt, contributing to the country's diverse cultural, historical, and natural landscape.",1944,
Sinbad submarines,27.1914742,33.8373034,other,"Sinbad submarines is a point of interest in Egypt, contributing to the country's diverse cultural, historical, and natural landscape.",1949,
Selkhet Papyrus,27.1961002,33.8231072,cultural,"Selkhet Papyrus is a cultural institution in Egypt that preserves and presents aspects of Egyptian heritage, history, and artistic traditions for visitors and researchers alike.",1950,
Mini Egypt,26.987356,33.8565571,cultural,"Mini Egypt is a cultural institution in Egypt that preserves and presents aspects of Egyptian heritage, history, and artistic traditions for visitors and researchers alike.",1954,
Dolphin World,26.9909985,33.8521691,other,"Dolphin World is a point of interest in Egypt, contributing to the country's diverse cultural, historical, and natural landscape.",1955,
Czech House,27.2135166,33.8366247,other,"Czech House is a point of interest in Egypt, contributing to the country's diverse cultural, historical, and natural landscape.",1957,
Primasol Titanic aqua park,27.1050044,33.8229981,other,"Primasol Titanic aqua park is a point of interest in Egypt, contributing to the country's diverse cultural, historical, and natural landscape.",1961,
Dolphina park,27.1540253,33.762606,other,"Dolphina park is a point of interest in Egypt, contributing to the country's diverse cultural, historical, and natural landscape.",1964,
Golden 5 City,27.0934075,33.8370067,cultural,"Golden 5 City is a cultural institution in Egypt that preserves and presents aspects of Egyptian heritage, history, and artistic traditions for visitors and researchers alike.",1967,
دار أبو عبدالله السوري,30.3605424,30.5245497,other,"دار أبو عبدالله السوري is a point of interest in Egypt, contributing to the country's diverse cultural, historical, and natural landscape.",1978,
Merimde,30.3162987,30.8498954,historical,Merimde is an ancient Egyptian historical site that forms part of Egypt's extraordinary archaeological heritage. The site offers visitors a direct connection to the civilization that built one of the greatest empires of the ancient world.,1980,
الطرانة,30.4281824,30.8126355,historical,الطرانة is an ancient Egyptian historical site that forms part of Egypt's extraordinary archaeological heritage. The site offers visitors a direct connection to the civilization that built one of the greatest empires of the ancient world.,1982,
بيت سيوة,29.2037725,25.518037,cultural,"بيت سيوة is a cultural institution in Egypt that preserves and presents aspects of Egyptian heritage, history, and artistic traditions for visitors and researchers alike.",1991,
Aman Ykden Camp (hot spring),29.1875942,25.5642416,other,"Aman Ykden Camp (hot spring) is a point of interest in Egypt, contributing to the country's diverse cultural, historical, and natural landscape.",1992,
Top view desert stp,29.2013984,25.5162295,other,"Top view desert stp is a point of interest in Egypt, contributing to the country's diverse cultural, historical, and natural landscape.",1993,
Abandoned village,29.2010884,25.5172107,other,"Abandoned village is a point of interest in Egypt, contributing to the country's diverse cultural, historical, and natural landscape.",1994,
Cleopatra spring and coffee shops,29.1969863,25.5501993,other,"Cleopatra spring and coffee shops is a point of interest in Egypt, contributing to the country's diverse cultural, historical, and natural landscape.",1995,
Ruins,29.1877076,25.5513757,other,"Ruins is a point of interest in Egypt, contributing to the country's diverse cultural, historical, and natural landscape.",1998,
All star siwa,29.2032536,25.5223638,other,"All star siwa is a point of interest in Egypt, contributing to the country's diverse cultural, historical, and natural landscape.",2003,
Qasr El salam,29.2039186,25.508609,other,"Qasr El salam is a point of interest in Egypt, contributing to the country's diverse cultural, historical, and natural landscape.",2006,
Temple of Amun entrance way,29.2048989,25.5446872,cultural,"The entrance to the Temple of Amun at Karnak in Luxor marks the beginning of one of the world's greatest architectural complexes. The first pylon leads into a vast courtyard framed by sphinxes and obelisks, setting the stage for the magnificent interior halls beyond. The approach via the Avenue of Sphinxes once connected Karnak to Luxor Temple over 3 kilometers away.",2010,220.0
رمسيس الثاني,22.3369929,31.6254825,cultural,"رمسيس الثاني is a cultural institution in Egypt that preserves and presents aspects of Egyptian heritage, history, and artistic traditions for visitors and researchers alike.",2017,
رمسيس الثاني,22.3369485,31.6254701,cultural,"رمسيس الثاني is a cultural institution in Egypt that preserves and presents aspects of Egyptian heritage, history, and artistic traditions for visitors and researchers alike.",2024,
رمسيس الثاني,22.3368379,31.625439,cultural,"رمسيس الثاني is a cultural institution in Egypt that preserves and presents aspects of Egyptian heritage, history, and artistic traditions for visitors and researchers alike.",2025,
رمسيس الثاني,22.3367883,31.6254251,cultural,"رمسيس الثاني is a cultural institution in Egypt that preserves and presents aspects of Egyptian heritage, history, and artistic traditions for visitors and researchers alike.",2026,
Abu Simbel Temples salvage documentation center,22.3401982,31.616622,cultural,"The Abu Simbel Temples Documentation Center records the extraordinary UNESCO-led operation (1964-1968) that saved the twin temples of Ramesses II and Nefertari from the rising waters of Lake Nasser. The center explains how 1,041 stone blocks weighing up to 30 tons each were cut, moved, and reassembled 65 meters higher than their original location. It stands as a landmark achievement in international heritage preservation.",2027,300.0
Safari Abu Simbel,22.3468382,31.6133562,other,"Safari Abu Simbel is a point of interest in Egypt, contributing to the country's diverse cultural, historical, and natural landscape.",2029,
Louilla,27.9895604,34.4535007,other,"Louilla is a point of interest in Egypt, contributing to the country's diverse cultural, historical, and natural landscape.",2032,
Hey Daroma,28.0567379,34.4482631,other,"Hey Daroma is a point of interest in Egypt, contributing to the country's diverse cultural, historical, and natural landscape.",2042,
Million Hope,28.0563889,34.4491711,other,"Million Hope is a point of interest in Egypt, contributing to the country's diverse cultural, historical, and natural landscape.",2043,
Kormoran,28.0166667,34.4933333,other,"Kormoran is a point of interest in Egypt, contributing to the country's diverse cultural, historical, and natural landscape.",2044,
Gordon reef,27.9848747,34.4535967,other,"Gordon reef is a point of interest in Egypt, contributing to the country's diverse cultural, historical, and natural landscape.",2046,
Concorde,27.9652796,34.397675,other,"Concorde is a point of interest in Egypt, contributing to the country's diverse cultural, historical, and natural landscape.",2063,
Coral Sea Holiday Resort,28.0394468,34.4324143,other,"Coral Sea Holiday Resort is a point of interest in Egypt, contributing to the country's diverse cultural, historical, and natural landscape.",2064,
Thomas reef,27.9921659,34.4614807,other,"Thomas reef is a point of interest in Egypt, contributing to the country's diverse cultural, historical, and natural landscape.",2066,
Jackson reef,28.0059666,34.472557,other,"Jackson reef is a point of interest in Egypt, contributing to the country's diverse cultural, historical, and natural landscape.",2067,
Soho Square,27.9627279,34.393915,other,"Soho Square is a point of interest in Egypt, contributing to the country's diverse cultural, historical, and natural landscape.",2068,
Jackson Reef dive,28.0037593,34.472943,other,"Jackson Reef dive is a point of interest in Egypt, contributing to the country's diverse cultural, historical, and natural landscape.",2076,
Jackson Reef dive,28.0043335,34.4721127,other,"Jackson Reef dive is a point of interest in Egypt, contributing to the country's diverse cultural, historical, and natural landscape.",2077,
Gordon Reef Dive,27.9855413,34.457278,other,"Gordon Reef Dive is a point of interest in Egypt, contributing to the country's diverse cultural, historical, and natural landscape.",2078,
Ras Bob Dive,27.9628525,34.4114689,other,"Ras Bob Dive is a point of interest in Egypt, contributing to the country's diverse cultural, historical, and natural landscape.",2079,
Egypt landmarks,28.0256355,34.4373358,cultural,"Egypt landmarks is a cultural institution in Egypt that preserves and presents aspects of Egyptian heritage, history, and artistic traditions for visitors and researchers alike.",2085,
Amphitheatre,28.0257268,34.4395863,other,"Amphitheatre is a point of interest in Egypt, contributing to the country's diverse cultural, historical, and natural landscape.",2086,
אתר גלישה נחל יהושפט,29.5500736,34.8904305,other,"אתר גלישה נחל יהושפט is a point of interest in Egypt, contributing to the country's diverse cultural, historical, and natural landscape.",2150,
Egupt fjord,29.4331521,34.8290417,other,"Egupt fjord is a point of interest in Egypt, contributing to the country's diverse cultural, historical, and natural landscape.",2151,
Psenemphaia,30.9631008,30.1745527,historical,Psenemphaia is an ancient Egyptian historical site that forms part of Egypt's extraordinary archaeological heritage. The site offers visitors a direct connection to the civilization that built one of the greatest empires of the ancient world.,2160,
منزل الحاج ماهر سعيد,30.833453,29.9091723,other,"منزل الحاج ماهر سعيد is a point of interest in Egypt, contributing to the country's diverse cultural, historical, and natural landscape.",2167,
Shaab Maksour South,24.238811,35.6542264,other,"Shaab Maksour South is a point of interest in Egypt, contributing to the country's diverse cultural, historical, and natural landscape.",2170,
Abu Galawa Soraya,24.2520395,35.5407835,other,"Abu Galawa Soraya is a point of interest in Egypt, contributing to the country's diverse cultural, historical, and natural landscape.",2171,
Gota Sataia 1,24.1853193,35.6514175,other,"Gota Sataia 1 is a point of interest in Egypt, contributing to the country's diverse cultural, historical, and natural landscape.",2172,
Gota Sataia 2,24.1978179,35.6528478,other,"Gota Sataia 2 is a point of interest in Egypt, contributing to the country's diverse cultural, historical, and natural landscape.",2173,
Shaab Claudio,24.2201005,35.6120577,other,"Shaab Claudio is a point of interest in Egypt, contributing to the country's diverse cultural, historical, and natural landscape.",2174,
Shaab Said South,24.2623827,35.5161726,other,"Shaab Said South is a point of interest in Egypt, contributing to the country's diverse cultural, historical, and natural landscape.",2175,
Shaab Said North,24.2681362,35.5118303,other,"Shaab Said North is a point of interest in Egypt, contributing to the country's diverse cultural, historical, and natural landscape.",2176,
Shaab Maksour North,24.2422132,35.6498051,other,"Shaab Maksour North is a point of interest in Egypt, contributing to the country's diverse cultural, historical, and natural landscape.",2177,
Abu Galawa Soraya,24.2541166,35.5404,other,"Abu Galawa Soraya is a point of interest in Egypt, contributing to the country's diverse cultural, historical, and natural landscape.",2178,
Abu Galawa Kebir,24.2286658,35.5727769,other,"Abu Galawa Kebir is a point of interest in Egypt, contributing to the country's diverse cultural, historical, and natural landscape.",2179,
Adantia K.,24.20885,35.56045,other,"Adantia K. is a point of interest in Egypt, contributing to the country's diverse cultural, historical, and natural landscape.",2180,
Wadi El Gemal National Park,24.3096302,35.3075152,other,"Wadi El Gemal National Park is a point of interest in Egypt, contributing to the country's diverse cultural, historical, and natural landscape.",2182,
Hamata,24.2959492,35.367614,other,"Hamata is a point of interest in Egypt, contributing to the country's diverse cultural, historical, and natural landscape.",2183,
Base Quota 33,30.9047878,28.8356114,other,"Base Quota 33 is a point of interest in Egypt, contributing to the country's diverse cultural, historical, and natural landscape.",2184,
Sacrario Italiano di Tell-El-Eisa,30.9041275,28.8398089,other,"Sacrario Italiano di Tell-El-Eisa is a point of interest in Egypt, contributing to the country's diverse cultural, historical, and natural landscape.",2185,
Italian World War II Tombs,30.9011601,28.8370063,other,Italian World War II Tombs is an ancient Egyptian historical site that forms part of Egypt's extraordinary archaeological heritage. The site offers visitors a direct connection to the civilization that built one of the greatest empires of the ancient world.,2186,
قطار سريع,26.6594047,31.278956,cultural,"قطار سريع is a cultural institution in Egypt that preserves and presents aspects of Egyptian heritage, history, and artistic traditions for visitors and researchers alike.",2192,
قطار سريع سوهاج,26.6594415,31.2790232,cultural,"قطار سريع سوهاج is a cultural institution in Egypt that preserves and presents aspects of Egyptian heritage, history, and artistic traditions for visitors and researchers alike.",2193,
Shaabruhr Umm Gamar,27.1925,33.9091666,other,"Shaabruhr Umm Gamar is a point of interest in Egypt, contributing to the country's diverse cultural, historical, and natural landscape.",2194,
ENP,26.7975372,33.9408016,cultural,"ENP is a cultural institution in Egypt that preserves and presents aspects of Egyptian heritage, history, and artistic traditions for visitors and researchers alike.",2195,
Gotta Abu Ramada Dive Site,27.1389632,33.9539248,other,"Gotta Abu Ramada Dive Site is a point of interest in Egypt, contributing to the country's diverse cultural, historical, and natural landscape.",2199,
Shisha Corner,26.9817257,33.9131382,other,"Shisha Corner is a point of interest in Egypt, contributing to the country's diverse cultural, historical, and natural landscape.",2200,
Amphitheater,26.9840614,33.9127766,other,"Amphitheater is a point of interest in Egypt, contributing to the country's diverse cultural, historical, and natural landscape.",2208,
WYTE Soma Beach Club,26.8550731,33.977513,other,"WYTE Soma Beach Club is a point of interest in Egypt, contributing to the country's diverse cultural, historical, and natural landscape.",2210,
WYTE Soma Beach Club,26.8552993,33.9776283,other,"WYTE Soma Beach Club is a point of interest in Egypt, contributing to the country's diverse cultural, historical, and natural landscape.",2211,
موقع المناوشات المصرية الليبية,31.5782915,25.0723284,other,"موقع المناوشات المصرية الليبية is a point of interest in Egypt, contributing to the country's diverse cultural, historical, and natural landscape.",2214,
Gerf Hussein,23.2833,32.9,other,"Gerf Hussein is a point of interest in Egypt, contributing to the country's diverse cultural, historical, and natural landscape.",2215,
Ikhmindi,23.0200187,32.6376268,historical,Ikhmindi is an ancient Egyptian historical site that forms part of Egypt's extraordinary archaeological heritage. The site offers visitors a direct connection to the civilization that built one of the greatest empires of the ancient world.,2216,
غرفة ٢ على خط كنز,30.6532642,26.8467034,other,"غرفة ٢ على خط كنز is a point of interest in Egypt, contributing to the country's diverse cultural, historical, and natural landscape.",2217,
Qasr Qarun Temple,29.4058239,30.4182727,historical,"Qasr Qarun Temple in the Faiyum Oasis is a remarkably preserved Greco-Roman temple dedicated to the crocodile god Sobek, built during the reign of Ptolemy II around 250 BCE. The temple's mud-brick enclosure wall and stone sanctuary with its intricate multi-story interior corridors are exceptionally well-preserved. The site overlooks the ancient Lake Moeris, once one of Egypt's most fertile agricultural regions.",2218,60.0
Wadi el-Hudi,23.9615737,33.1312612,historical,Wadi el-Hudi is an ancient Egyptian historical site that forms part of Egypt's extraordinary archaeological heritage. The site offers visitors a direct connection to the civilization that built one of the greatest empires of the ancient world.,2219,
Buto,31.1963959,30.7444913,historical,Buto is an ancient Egyptian historical site that forms part of Egypt's extraordinary archaeological heritage. The site offers visitors a direct connection to the civilization that built one of the greatest empires of the ancient world.,2220,
متحف رشيد,31.4048922,30.4221213,cultural,متحف رشيد (رشيد) يقع في مدينة رشيد التاريخية على مصب النيل. يحتل مبنى قيلاني الأثري ويستضيف مجموعة من القطع الأثرية تستعيد ذكرى اكتشاف حجر رشيد الشهير الذي فتح أبواب فهم الهيروغليفية. تُعدّ رشيد نفسها مدينة عثمانية محفوظة بمبانيها الطوبية الجميلة.,2223,80.0
مسجد زغلول,31.3989107,30.4216839,other,مسجد زغلول is a mosque serving the local Muslim community and representing Egypt's Islamic architectural heritage. Egypt's mosques range from medieval masterpieces to modern places of worship.,2224,
علم الغليون,28.9419001,30.45416,outdoor,"علم الغليون is an outdoor natural or recreational area in Egypt, offering visitors the opportunity to experience the country's diverse landscapes from the Nile Valley to the desert and Mediterranean coast.",2227,
نجع عبد جادالله السعيطي,28.841505,30.778626,other,"نجع عبد جادالله السعيطي is a point of interest in Egypt, contributing to the country's diverse cultural, historical, and natural landscape.",2229,
نجع عبد جادالله السعيطي,28.841436,30.7784842,other,"نجع عبد جادالله السعيطي is a point of interest in Egypt, contributing to the country's diverse cultural, historical, and natural landscape.",2230,
شنرا الفشن بني سويف,28.7874965,30.7730662,cultural,"شنرا الفشن بني سويف is a cultural institution in Egypt that preserves and presents aspects of Egyptian heritage, history, and artistic traditions for visitors and researchers alike.",2235,
Large Temple at Sikait,24.6308553,34.7970383,other,"Large Temple at Sikait is an ancient Egyptian temple site representing the country's rich religious and architectural heritage. These sacred spaces served as centers of worship, ritual, and economic activity in the ancient world.",2237,
Temple,24.628616,34.7966774,other,"Temple is an ancient Egyptian temple site representing the country's rich religious and architectural heritage. These sacred spaces served as centers of worship, ritual, and economic activity in the ancient world.",2238,
تمثال حورس,24.9778771,32.8734528,cultural,"تمثال حورس is a cultural institution in Egypt that preserves and presents aspects of Egyptian heritage, history, and artistic traditions for visitors and researchers alike.",2246,
تمثال حورس,24.977875,32.8735258,cultural,"تمثال حورس is a cultural institution in Egypt that preserves and presents aspects of Egyptian heritage, history, and artistic traditions for visitors and researchers alike.",2247,
تمثال حورس,24.9773445,32.8735201,cultural,"تمثال حورس is a cultural institution in Egypt that preserves and presents aspects of Egyptian heritage, history, and artistic traditions for visitors and researchers alike.",2249,
تمثال حورس,24.9773466,32.8734283,cultural,"تمثال حورس is a cultural institution in Egypt that preserves and presents aspects of Egyptian heritage, history, and artistic traditions for visitors and researchers alike.",2250,
nice view towards Horus Temple,24.9796028,32.8731532,other,"nice view towards Horus Temple is an ancient Egyptian temple site representing the country's rich religious and architectural heritage. These sacred spaces served as centers of worship, ritual, and economic activity in the ancient world.",2252,
Daraw camel market,24.4120355,32.9421539,other,"Daraw camel market is a point of interest in Egypt, contributing to the country's diverse cultural, historical, and natural landscape.",2253,
"Camel market, Sunday 5-10 am",24.4094151,32.9411522,other,"Camel market, Sunday 5-10 am is a point of interest in Egypt, contributing to the country's diverse cultural, historical, and natural landscape.",2254,
Elhariry Farm,28.2654981,29.030194,cultural,"Elhariry Farm is a cultural institution in Egypt that preserves and presents aspects of Egyptian heritage, history, and artistic traditions for visitors and researchers alike.",2257,
"Torfi, Wadi Gamal",24.674982,35.1457889,other,"Torfi, Wadi Gamal is a point of interest in Egypt, contributing to the country's diverse cultural, historical, and natural landscape.",2258,
Shilineat,24.669924,35.133319,other,"Shilineat is a point of interest in Egypt, contributing to the country's diverse cultural, historical, and natural landscape.",2259,
Gota Wadi Gamal,24.6913821,35.1460703,other,"Gota Wadi Gamal is a point of interest in Egypt, contributing to the country's diverse cultural, historical, and natural landscape.",2260,
"Shaab Samadai, Dolphin House (Dive Spot)",24.9788906,34.9942385,other,"Shaab Samadai, Dolphin House (Dive Spot) is a point of interest in Egypt, contributing to the country's diverse cultural, historical, and natural landscape.",2261,
Samadai reef,24.9858047,34.9966045,other,"Samadai reef is a point of interest in Egypt, contributing to the country's diverse cultural, historical, and natural landscape.",2263,
Madinat Coraya,25.6022736,34.6082771,other,"Madinat Coraya is a point of interest in Egypt, contributing to the country's diverse cultural, historical, and natural landscape.",2266,
El Sheig Malik,25.7236346,34.549773,other,"El Sheig Malik is a point of interest in Egypt, contributing to the country's diverse cultural, historical, and natural landscape.",2272,
Sham Fugami,25.8701711,34.4220774,other,"Sham Fugami is a point of interest in Egypt, contributing to the country's diverse cultural, historical, and natural landscape.",2273,
Maheleg,25.9025849,34.4131047,other,"Maheleg is a point of interest in Egypt, contributing to the country's diverse cultural, historical, and natural landscape.",2274,
Reef Top Marsa Umm Gerifat (Housereef),25.605294,34.606584,other,"Reef Top Marsa Umm Gerifat (Housereef) is a point of interest in Egypt, contributing to the country's diverse cultural, historical, and natural landscape.",2280,
Amphitheater,25.5215288,34.6448492,other,"Amphitheater is a point of interest in Egypt, contributing to the country's diverse cultural, historical, and natural landscape.",2281,
Marsa Mubarak,25.5095405,34.6521265,other,"Marsa Mubarak is a point of interest in Egypt, contributing to the country's diverse cultural, historical, and natural landscape.",2282,
El Casra,25.5464437,34.6409603,other,"El Casra is a point of interest in Egypt, contributing to the country's diverse cultural, historical, and natural landscape.",2283,
Showtime at Souq Dar el Madina,25.5988284,34.6097999,other,"Showtime at Souq Dar el Madina is a point of interest in Egypt, contributing to the country's diverse cultural, historical, and natural landscape.",2286,
El Masduda (Dive Spot),25.6327281,34.587804,other,"El Masduda (Dive Spot) is a point of interest in Egypt, contributing to the country's diverse cultural, historical, and natural landscape.",2287,
Halg Soliman (Dive Spot),25.4999557,34.6657235,other,"Halg Soliman (Dive Spot) is a point of interest in Egypt, contributing to the country's diverse cultural, historical, and natural landscape.",2288,
بداية درب الكالارد كانيون,29.1470032,34.5899366,other,"بداية درب الكالارد كانيون is a point of interest in Egypt, contributing to the country's diverse cultural, historical, and natural landscape.",2306,
نهاية درب الكالارد كانيون,29.1379796,34.5949593,other,"نهاية درب الكالارد كانيون is a point of interest in Egypt, contributing to the country's diverse cultural, historical, and natural landscape.",2307,
Roman Theatre,29.3923254,34.792464,other,"Roman Theatre is a point of interest in Egypt, contributing to the country's diverse cultural, historical, and natural landscape.",2308,
Sindbad Tower,29.3881126,34.8091309,other,"Sindbad Tower is a point of interest in Egypt, contributing to the country's diverse cultural, historical, and natural landscape.",2309,
color canyon,29.1237824,34.6015438,other,"color canyon is a point of interest in Egypt, contributing to the country's diverse cultural, historical, and natural landscape.",2315,
Green Beach,29.0098608,34.6841272,other,"Green Beach is a point of interest in Egypt, contributing to the country's diverse cultural, historical, and natural landscape.",2321,
Rossa Beach Camp,29.1812125,34.7200377,other,"Rossa Beach Camp is a point of interest in Egypt, contributing to the country's diverse cultural, historical, and natural landscape.",2322,
متحف السويس القومى,29.9550854,32.5670088,cultural,"متحف السويس القومى is a cultural institution in Egypt that preserves and presents aspects of Egyptian heritage, history, and artistic traditions for visitors and researchers alike.",2327,
حديقة الشهداء,29.9608662,32.5537715,other,"حديقة الشهداء is a point of interest in Egypt, contributing to the country's diverse cultural, historical, and natural landscape.",2329,
Majka Dalmatinka,30.0361885,32.6132536,cultural,"Majka Dalmatinka is a cultural institution in Egypt that preserves and presents aspects of Egyptian heritage, history, and artistic traditions for visitors and researchers alike.",2332,
Mara (Well),29.872696,32.6508644,other,"Mara (Well) is a point of interest in Egypt, contributing to the country's diverse cultural, historical, and natural landscape.",2333,
فسيفساء,29.9563619,32.5010259,cultural,"فسيفساء is a cultural institution in Egypt that preserves and presents aspects of Egyptian heritage, history, and artistic traditions for visitors and researchers alike.",2350,
Ever Given memorial,30.0179856,32.5819516,other,"Ever Given memorial is a point of interest in Egypt, contributing to the country's diverse cultural, historical, and natural landscape.",2352,
Moon beach Windsurfing,29.2997009,32.857268,other,"Moon beach Windsurfing is a point of interest in Egypt, contributing to the country's diverse cultural, historical, and natural landscape.",2354,
Roman Theater,28.0895728,30.7667882,other,"Roman Theater is a point of interest in Egypt, contributing to the country's diverse cultural, historical, and natural landscape.",2358,
Beni Hasan necropolis,27.9313392,30.8752957,historical,Beni Hasan necropolis is an ancient Egyptian historical site that forms part of Egypt's extraordinary archaeological heritage. The site offers visitors a direct connection to the civilization that built one of the greatest empires of the ancient world.,2359,
Ancient Tombs,27.6638367,30.9274683,other,Ancient Tombs is an ancient Egyptian historical site that forms part of Egypt's extraordinary archaeological heritage. The site offers visitors a direct connection to the civilization that built one of the greatest empires of the ancient world.,2360,
Tomb of PANEHSY,27.66116,30.9299167,other,Tomb of PANEHSY is an ancient Egyptian historical site that forms part of Egypt's extraordinary archaeological heritage. The site offers visitors a direct connection to the civilization that built one of the greatest empires of the ancient world.,2361,
Tuna el-Gebel necropolis,27.7417122,30.7043957,other,"Tuna el-Gebel necropolis is a point of interest in Egypt, contributing to the country's diverse cultural, historical, and natural landscape.",2362,
Amarna Visitor Centre,27.660359,30.8965158,other,"Amarna Visitor Centre is a point of interest in Egypt, contributing to the country's diverse cultural, historical, and natural landscape.",2363,
Northern tombs,27.6637328,30.9276322,other,Northern tombs is an ancient Egyptian historical site that forms part of Egypt's extraordinary archaeological heritage. The site offers visitors a direct connection to the civilization that built one of the greatest empires of the ancient world.,2364,
Northern tombs,27.6695042,30.9214041,other,Northern tombs is an ancient Egyptian historical site that forms part of Egypt's extraordinary archaeological heritage. The site offers visitors a direct connection to the civilization that built one of the greatest empires of the ancient world.,2365,
Tuna El Gabal,27.735897,30.7044345,historical,Tuna El Gabal is an ancient Egyptian historical site that forms part of Egypt's extraordinary archaeological heritage. The site offers visitors a direct connection to the civilization that built one of the greatest empires of the ancient world.,2366,
Tell El-Amarna Tombs,27.6621023,30.9054059,other,Tell El-Amarna Tombs is an ancient Egyptian historical site that forms part of Egypt's extraordinary archaeological heritage. The site offers visitors a direct connection to the civilization that built one of the greatest empires of the ancient world.,2367,
Tell El-Amarna Tombs,27.6621968,30.905387,other,Tell El-Amarna Tombs is an ancient Egyptian historical site that forms part of Egypt's extraordinary archaeological heritage. The site offers visitors a direct connection to the civilization that built one of the greatest empires of the ancient world.,2368,
Speos Artemidos,27.9041464,30.8729888,historical,Speos Artemidos is an ancient Egyptian historical site that forms part of Egypt's extraordinary archaeological heritage. The site offers visitors a direct connection to the civilization that built one of the greatest empires of the ancient world.,2369,
Nefersekheru,28.0468388,30.8311499,historical,Nefersekheru is an ancient Egyptian historical site that forms part of Egypt's extraordinary archaeological heritage. The site offers visitors a direct connection to the civilization that built one of the greatest empires of the ancient world.,2370,
Devil's garden,30.7021026,28.9814722,other,"Devil's garden is a point of interest in Egypt, contributing to the country's diverse cultural, historical, and natural landscape.",2376,
Temple,24.6502669,32.9290499,historical,Temple is an ancient Egyptian historical site that forms part of Egypt's extraordinary archaeological heritage. The site offers visitors a direct connection to the civilization that built one of the greatest empires of the ancient world.,2377,
Sandstone quarry,24.6458217,32.9292898,other,"Sandstone quarry is a point of interest in Egypt, contributing to the country's diverse cultural, historical, and natural landscape.",2378,
Gebel Al-Silsila,24.6485729,32.9293463,historical,Gebel Al-Silsila is an ancient Egyptian historical site that forms part of Egypt's extraordinary archaeological heritage. The site offers visitors a direct connection to the civilization that built one of the greatest empires of the ancient world.,2379,
Temple of Ellesyia,22.622568,31.962662,other,"Temple of Ellesyia is an ancient Egyptian temple site representing the country's rich religious and architectural heritage. These sacred spaces served as centers of worship, ritual, and economic activity in the ancient world.",2380,
قلعة النخل,29.9119211,33.7460393,other,"قلعة النخل is a point of interest in Egypt, contributing to the country's diverse cultural, historical, and natural landscape.",2381,
An Nekhel Fortress,29.9003851,33.7507423,other,"An Nekhel Fortress is a point of interest in Egypt, contributing to the country's diverse cultural, historical, and natural landscape.",2382,
Roman fortress,25.4691166,30.5641435,other,"Roman fortress is a point of interest in Egypt, contributing to the country's diverse cultural, historical, and natural landscape.",2388,
كوم مدينة جعران,29.202535,30.597993,historical,كوم مدينة جعران is an ancient Egyptian historical site that forms part of Egypt's extraordinary archaeological heritage. The site offers visitors a direct connection to the civilization that built one of the greatest empires of the ancient world.,2390,
Tebtunis,29.1072111,30.7612554,historical,Tebtunis is an ancient Egyptian historical site that forms part of Egypt's extraordinary archaeological heritage. The site offers visitors a direct connection to the civilization that built one of the greatest empires of the ancient world.,2392,
كوم مدينة ماضى,29.1927619,30.6423237,historical,كوم مدينة ماضى is an ancient Egyptian historical site that forms part of Egypt's extraordinary archaeological heritage. The site offers visitors a direct connection to the civilization that built one of the greatest empires of the ancient world.,2393,
مزرعة دير الامير,29.2331112,30.913293,other,"مزرعة دير الامير is a point of interest in Egypt, contributing to the country's diverse cultural, historical, and natural landscape.",2396,
كروكوديلوبوليس,29.1173347,30.7516395,historical,كروكوديلوبوليس is an ancient Egyptian historical site that forms part of Egypt's extraordinary archaeological heritage. The site offers visitors a direct connection to the civilization that built one of the greatest empires of the ancient world.,2399,
rock paintings,24.6157455,25.2756183,other,"rock paintings is a point of interest in Egypt, contributing to the country's diverse cultural, historical, and natural landscape.",2400,
רמת אום עראכ,29.0749882,33.4895568,historical,רמת אום עראכ is an ancient Egyptian historical site that forms part of Egypt's extraordinary archaeological heritage. The site offers visitors a direct connection to the civilization that built one of the greatest empires of the ancient world.,2402,
Snuba / Skuba Center,29.4984992,34.9111837,other,"Snuba / Skuba Center is a point of interest in Egypt, contributing to the country's diverse cultural, historical, and natural landscape.",2405,
Yatouche,29.5038889,34.9197222,other,"Yatouche is a point of interest in Egypt, contributing to the country's diverse cultural, historical, and natural landscape.",2407,
Snuba village,29.5001532,34.9141701,other,"Snuba village is a point of interest in Egypt, contributing to the country's diverse cultural, historical, and natural landscape.",2421,
אתר צלילה - גנים יפניים (15 מטר),29.5053015,34.9206991,other,"אתר צלילה - גנים יפניים (15 מטר) is a point of interest in Egypt, contributing to the country's diverse cultural, historical, and natural landscape.",2424,
Bosy's Appartment,30.0770689,31.644657,other,"Bosy's Appartment is a point of interest in Egypt, contributing to the country's diverse cultural, historical, and natural landscape.",2430,
الجامعة,30.0343998,31.4298677,cultural,"الجامعة is a cultural institution in Egypt that preserves and presents aspects of Egyptian heritage, history, and artistic traditions for visitors and researchers alike.",2436,
ڤيلا أحمد و خالد شحاته,30.0274674,31.4281771,other,"ڤيلا أحمد و خالد شحاته is a point of interest in Egypt, contributing to the country's diverse cultural, historical, and natural landscape.",2437,
اهداء من شركة امون,30.1871256,31.467529,other,"اهداء من شركة امون is a point of interest in Egypt, contributing to the country's diverse cultural, historical, and natural landscape.",2440,
طريق القاهره الاسماعيليه الصحراوي,30.1739857,31.5546068,cultural,"طريق القاهره الاسماعيليه الصحراوي is a cultural institution in Egypt that preserves and presents aspects of Egyptian heritage, history, and artistic traditions for visitors and researchers alike.",2442,
Galaxy mall,30.1662513,31.6030088,other,"Galaxy mall is a point of interest in Egypt, contributing to the country's diverse cultural, historical, and natural landscape.",2445,
موقع العاشر,30.243885,31.7810117,cultural,"موقع العاشر is a cultural institution in Egypt that preserves and presents aspects of Egyptian heritage, history, and artistic traditions for visitors and researchers alike.",2448,
مسجد فاطمة الشربتلي,30.0056359,31.4310673,other,مسجد فاطمة الشربتلي is a mosque serving the local Muslim community and representing Egypt's Islamic architectural heritage. Egypt's mosques range from medieval masterpieces to modern places of worship.,2451,
Attar Art,29.9915813,31.4341179,other,"Attar Art is a point of interest in Egypt, contributing to the country's diverse cultural, historical, and natural landscape.",2453,
el tagamo3,30.0027439,31.4853492,other,"el tagamo3 is a point of interest in Egypt, contributing to the country's diverse cultural, historical, and natural landscape.",2456,
مسجد ال ياسر,30.0089495,31.4864139,other,مسجد ال ياسر is a mosque serving the local Muslim community and representing Egypt's Islamic architectural heritage. Egypt's mosques range from medieval masterpieces to modern places of worship.,2457,
مسجد هبه شحاته,30.0617491,31.4518697,other,مسجد هبه شحاته is a mosque serving the local Muslim community and representing Egypt's Islamic architectural heritage. Egypt's mosques range from medieval masterpieces to modern places of worship.,2458,
Mountain View Executive Residence,29.9907121,31.5121515,other,"Mountain View Executive Residence is a point of interest in Egypt, contributing to the country's diverse cultural, historical, and natural landscape.",2463,
Egyptian Ankh,30.0336805,31.7550347,cultural,"Egyptian Ankh is a cultural institution in Egypt that preserves and presents aspects of Egyptian heritage, history, and artistic traditions for visitors and researchers alike.",2468,
Villa 116'2,30.1255336,31.6097314,other,"Villa 116'2 is a point of interest in Egypt, contributing to the country's diverse cultural, historical, and natural landscape.",2472,
Villa 116,30.1256668,31.6079343,other,"Villa 116 is a point of interest in Egypt, contributing to the country's diverse cultural, historical, and natural landscape.",2475,
بنزيمة توتال ميدان الحرية,30.1687855,31.6029815,other,"بنزيمة توتال ميدان الحرية is a point of interest in Egypt, contributing to the country's diverse cultural, historical, and natural landscape.",2514,
عمارات اسكان وزاره الماليه,30.0738208,31.4443034,other,"عمارات اسكان وزاره الماليه is a point of interest in Egypt, contributing to the country's diverse cultural, historical, and natural landscape.",2515,
مسجد سمير و علي,29.9846996,31.4229735,other,مسجد سمير و علي is a mosque serving the local Muslim community and representing Egypt's Islamic architectural heritage. Egypt's mosques range from medieval masterpieces to modern places of worship.,2528,
مسجد سمير و علي,29.9843201,31.4232147,other,مسجد سمير و علي is a mosque serving the local Muslim community and representing Egypt's Islamic architectural heritage. Egypt's mosques range from medieval masterpieces to modern places of worship.,2568,
بوابة كمبوند القرنفل هايتس,30.061707,31.535005,other,"بوابة كمبوند القرنفل هايتس is a point of interest in Egypt, contributing to the country's diverse cultural, historical, and natural landscape.",2597,
حورس,29.9633367,31.478938,cultural,"حورس is a cultural institution in Egypt that preserves and presents aspects of Egyptian heritage, history, and artistic traditions for visitors and researchers alike.",2601,
255-Elbanafsig Buildings,30.0333624,31.4732545,other,"255-Elbanafsig Buildings is a point of interest in Egypt, contributing to the country's diverse cultural, historical, and natural landscape.",2602,
El Andalous Home,29.993184,31.5238814,other,"El Andalous Home is a point of interest in Egypt, contributing to the country's diverse cultural, historical, and natural landscape.",2605,
Poseidon Reef,27.3992112,33.8623176,other,"Poseidon Reef is a point of interest in Egypt, contributing to the country's diverse cultural, historical, and natural landscape.",2606,
Rosalie Moller,27.650833,33.771389,other,"Rosalie Moller is a point of interest in Egypt, contributing to the country's diverse cultural, historical, and natural landscape.",2607,
Cinema,27.2453228,33.8247999,other,"Cinema is a point of interest in Egypt, contributing to the country's diverse cultural, historical, and natural landscape.",2611,
Tiba Towers 2,27.2975375,33.7399054,other,"Tiba Towers 2 is a point of interest in Egypt, contributing to the country's diverse cultural, historical, and natural landscape.",2625,
Tiba Palace,27.2966007,33.7393494,other,"Tiba Palace is a point of interest in Egypt, contributing to the country's diverse cultural, historical, and natural landscape.",2632,
Alex Safari Garage,27.3716775,33.6294529,other,"Alex Safari Garage is a point of interest in Egypt, contributing to the country's diverse cultural, historical, and natural landscape.",2635,
Wild beach (entering),27.2784724,33.7756475,other,"Wild beach (entering) is a point of interest in Egypt, contributing to the country's diverse cultural, historical, and natural landscape.",2638,
Free beach Al Ahyaa,27.3284818,33.7073211,outdoor,"Free beach Al Ahyaa is an outdoor natural or recreational area in Egypt, offering visitors the opportunity to experience the country's diverse landscapes from the Nile Valley to the desert and Mediterranean coast.",2643,
TAM. GALLERY,27.4074145,33.6740019,other,"TAM. GALLERY is a point of interest in Egypt, contributing to the country's diverse cultural, historical, and natural landscape.",2648,
كنيسة الإخوة الغردقة,27.2623796,33.8052788,other,"كنيسة الإخوة الغردقة is a Christian church representing Egypt's rich Coptic heritage, which traces its roots to the earliest centuries of Christianity. Egypt's Coptic Christians maintain traditions dating back nearly 2,000 years.",2651,
منزل ا عبداللاه الخضرى,26.0891849,32.0307259,other,"منزل ا عبداللاه الخضرى is a point of interest in Egypt, contributing to the country's diverse cultural, historical, and natural landscape.",2654,
Pyramid of Sinki,26.1577874,31.9663767,other,Pyramid of Sinki is an ancient Egyptian historical site that forms part of Egypt's extraordinary archaeological heritage. The site offers visitors a direct connection to the civilization that built one of the greatest empires of the ancient world.,2656,
Nile View Police Club,26.0477683,32.2460035,other,"Nile View Police Club is a point of interest in Egypt, contributing to the country's diverse cultural, historical, and natural landscape.",2658,
Kuntillet Ajrud,30.1931282,34.4208948,historical,Kuntillet Ajrud is an ancient Egyptian historical site that forms part of Egypt's extraordinary archaeological heritage. The site offers visitors a direct connection to the civilization that built one of the greatest empires of the ancient world.,2663,
KV7,25.4396854,32.3596308,historical,"KV7 is the tomb of Ramesses II in the Valley of the Kings, Luxor — the pharaoh known as Ramesses the Great who ruled Egypt for 66 years. Though heavily damaged by ancient floods, the tomb's corridors extend over 160 meters and once displayed elaborate wall paintings depicting the Book of Gates and other funerary texts. It is one of the largest tombs in the royal necropolis.",2665,100.0
قبر الجندي البحري المجهول,31.1999661,29.8937371,other,"قبر الجندي البحري المجهول is a point of interest in Egypt, contributing to the country's diverse cultural, historical, and natural landscape.",2671,
Goethe-Institut Alexandria,31.2010012,29.9091991,other,"Goethe-Institut Alexandria is a point of interest in Egypt, contributing to the country's diverse cultural, historical, and natural landscape.",2672,
Heraklion,31.302979,30.120813,historical,Heraklion is an ancient Egyptian historical site that forms part of Egypt's extraordinary archaeological heritage. The site offers visitors a direct connection to the civilization that built one of the greatest empires of the ancient world.,2681,
بيت اسكندرية محرم بك,31.1943708,29.9205834,cultural,"بيت اسكندرية محرم بك is a cultural institution in Egypt that preserves and presents aspects of Egyptian heritage, history, and artistic traditions for visitors and researchers alike.",2685,
شاطئ 26 يوليو,31.2490192,29.9678308,other,"شاطئ 26 يوليو is a point of interest in Egypt, contributing to the country's diverse cultural, historical, and natural landscape.",2688,
Alexdrari Home,31.232649,29.9612223,other,"Alexdrari Home is a point of interest in Egypt, contributing to the country's diverse cultural, historical, and natural landscape.",2690,
Abdel Razek Abou El Ela,31.1372081,30.1152204,other,"Abdel Razek Abou El Ela is a point of interest in Egypt, contributing to the country's diverse cultural, historical, and natural landscape.",2691,
فيولا تي في,31.2458031,29.974857,cultural,"فيولا تي في is a cultural institution in Egypt that preserves and presents aspects of Egyptian heritage, history, and artistic traditions for visitors and researchers alike.",2692,
Sumed 3,31.2092786,29.9581103,other,"Sumed 3 is a point of interest in Egypt, contributing to the country's diverse cultural, historical, and natural landscape.",2700,
مسجد الاسراء,31.2429661,29.9763234,other,مسجد الاسراء is a mosque serving the local Muslim community and representing Egypt's Islamic architectural heritage. Egypt's mosques range from medieval masterpieces to modern places of worship.,2703,
شارع قصر رأس التين - أمام حلقة الأسماك,31.2099686,29.8804461,other,"شارع قصر رأس التين - أمام حلقة الأسماك is a point of interest in Egypt, contributing to the country's diverse cultural, historical, and natural landscape.",2705,
Boat Statue,31.2290245,29.9535141,cultural,"Boat Statue is a cultural institution in Egypt that preserves and presents aspects of Egyptian heritage, history, and artistic traditions for visitors and researchers alike.",2707,
Musicians,31.226281,29.9499426,cultural,"Musicians is a cultural institution in Egypt that preserves and presents aspects of Egyptian heritage, history, and artistic traditions for visitors and researchers alike.",2708,
تمثال سعد زغلول,31.2009138,29.8994049,cultural,"تمثال سعد زغلول is a cultural institution in Egypt that preserves and presents aspects of Egyptian heritage, history, and artistic traditions for visitors and researchers alike.",2712,
mahmoud saied museum,31.2451159,29.9685081,cultural,"The Mahmoud Said Museum in Alexandria celebrates the work of Egypt's greatest modern painter, Mahmoud Said (1897-1964), who blended Western realism with authentic Egyptian spirit. Housed in his former villa, the museum presents his iconic depictions of Egyptian women, rural life, and the Mediterranean coast alongside works by other Alexandrian School artists.",2719,40.0
متحف محمود سعيد,31.2444496,29.9695783,cultural,متحف محمود سعيد في الإسكندرية يحتفي بأعمال الرسام الكبير محمود سعيد (1897-1964). يضم لوحاته الشهيرة التي تصوّر المرأة المصرية والحياة الريفية وشواطئ البحر المتوسط في فيلا تاريخية جميلة.,2720,40.0
King Farouk Palace,31.1916198,29.9156981,other,"King Farouk Palace is a point of interest in Egypt, contributing to the country's diverse cultural, historical, and natural landscape.",2722,
ElMadina Arts,31.1940878,29.9011964,other,"ElMadina Arts is a point of interest in Egypt, contributing to the country's diverse cultural, historical, and natural landscape.",2729,
Instituto Cervantes,31.1998998,29.9116684,other,"Instituto Cervantes is a point of interest in Egypt, contributing to the country's diverse cultural, historical, and natural landscape.",2735,
Statue of Ptolemy II,31.2079586,29.9088727,cultural,"Statue of Ptolemy II is a cultural institution in Egypt that preserves and presents aspects of Egyptian heritage, history, and artistic traditions for visitors and researchers alike.",2739,
متحف كڤافيس,31.1976064,29.9012293,cultural,متحف كفافيس في الإسكندرية يحتفي بذكرى الشاعر اليوناني كونستانتينوس كفافيس (1863-1933) في الشقة التي عاش فيها السنوات الأخيرة من حياته. يستعيد المتحف أجواء الإسكندرية الكوزموبوليتانية وتعدد ثقافاتها كما عبّر عنها الشاعر في قصائده الخالدة.,2741,
Statue of Nubar Pasha,31.1967315,29.9019048,cultural,"Statue of Nubar Pasha is a cultural institution in Egypt that preserves and presents aspects of Egyptian heritage, history, and artistic traditions for visitors and researchers alike.",2746,
سيد درويش,31.196756,29.9020312,cultural,"سيد درويش is a cultural institution in Egypt that preserves and presents aspects of Egyptian heritage, history, and artistic traditions for visitors and researchers alike.",2747,
Shelter Art Space,31.1982173,29.9062471,other,"Shelter Art Space is a point of interest in Egypt, contributing to the country's diverse cultural, historical, and natural landscape.",2750,
francais,31.2007712,29.9133372,cultural,"francais is a cultural institution in Egypt that preserves and presents aspects of Egyptian heritage, history, and artistic traditions for visitors and researchers alike.",2754,
murano,31.2345246,29.9489638,other,"murano is a point of interest in Egypt, contributing to the country's diverse cultural, historical, and natural landscape.",2756,
Alexandria Aquarium,31.2123848,29.8840544,other,"Alexandria Aquarium is a point of interest in Egypt, contributing to the country's diverse cultural, historical, and natural landscape.",2757,
Tea Island,31.2922079,30.0212171,other,"Tea Island is a point of interest in Egypt, contributing to the country's diverse cultural, historical, and natural landscape.",2758,
Main tower,31.2143569,29.885396,other,"Main tower is a point of interest in Egypt, contributing to the country's diverse cultural, historical, and natural landscape.",2759,
Museum of Fine Arts,31.1950937,29.9135029,cultural,"The Museum of Fine Arts in Alexandria, founded in 1954, houses an important collection of Egyptian and international art including paintings, sculptures, and decorative arts from the 19th and 20th centuries. The museum celebrates Alexandria's cosmopolitan artistic heritage and regularly hosts temporary exhibitions of contemporary Egyptian art.",2761,40.0
Alexander the Great,31.2336585,29.9478605,cultural,"Alexander the Great is a cultural institution in Egypt that preserves and presents aspects of Egyptian heritage, history, and artistic traditions for visitors and researchers alike.",2762,
مقبرة سلفلجو,31.1781932,29.8929195,historical,مقبرة سلفلجو is an ancient Egyptian historical site that forms part of Egypt's extraordinary archaeological heritage. The site offers visitors a direct connection to the civilization that built one of the greatest empires of the ancient world.,2763,
حسن باشا الاسكندراني,31.2031882,29.9028598,cultural,"حسن باشا الاسكندراني is a cultural institution in Egypt that preserves and presents aspects of Egyptian heritage, history, and artistic traditions for visitors and researchers alike.",2765,
عبدالله النديم,31.2031609,29.9028237,cultural,"عبدالله النديم is a cultural institution in Egypt that preserves and presents aspects of Egyptian heritage, history, and artistic traditions for visitors and researchers alike.",2766,
تمثال الأشرعة البيضاء,31.2098669,29.9086858,cultural,"تمثال الأشرعة البيضاء is a cultural institution in Egypt that preserves and presents aspects of Egyptian heritage, history, and artistic traditions for visitors and researchers alike.",2767,
سيد درويش,31.2032765,29.9029654,cultural,"سيد درويش is a cultural institution in Egypt that preserves and presents aspects of Egyptian heritage, history, and artistic traditions for visitors and researchers alike.",2768,
محمد كريم,31.2032481,29.9029301,cultural,"محمد كريم is a cultural institution in Egypt that preserves and presents aspects of Egyptian heritage, history, and artistic traditions for visitors and researchers alike.",2769,
شارع كامل جمعة شاهين,31.1456497,30.1110092,other,"شارع كامل جمعة شاهين is a point of interest in Egypt, contributing to the country's diverse cultural, historical, and natural landscape.",2776,
Royal Train,31.2835548,30.0253254,other,"Royal Train is a point of interest in Egypt, contributing to the country's diverse cultural, historical, and natural landscape.",2778,
Green House,31.2874421,30.0246007,other,"Green House is a point of interest in Egypt, contributing to the country's diverse cultural, historical, and natural landscape.",2779,
مسلة السلسلة الأثرية,31.2100613,29.9081151,cultural,"مسلة السلسلة الأثرية is a cultural institution in Egypt that preserves and presents aspects of Egyptian heritage, history, and artistic traditions for visitors and researchers alike.",2781,
منزل الحاج محمد الكردي,31.2063919,30.0156372,other,"منزل الحاج محمد الكردي is a point of interest in Egypt, contributing to the country's diverse cultural, historical, and natural landscape.",2783,
متحف التاريخ الطبيعي,31.2054762,29.9437077,cultural,متحف التاريخ الطبيعي في الإسكندرية يحتضن مجموعة من المستحاثات والنماذج الحيوانية والنباتية التي توثّق التنوع البيولوجي في مصر وحوض البحر المتوسط. يُعدّ وجهة تعليمية بامتياز لطلاب الجامعات والباحثين وعشاق علوم الطبيعة.,2784,30.0
بحيرة لك,29.7466442,24.7835079,other,"بحيرة لك is a point of interest in Egypt, contributing to the country's diverse cultural, historical, and natural landscape.",2785,
Elphinstone,25.3073616,34.8606287,other,"Elphinstone is a point of interest in Egypt, contributing to the country's diverse cultural, historical, and natural landscape.",2791,
Legend,25.072444,34.9373952,other,"Legend is a point of interest in Egypt, contributing to the country's diverse cultural, historical, and natural landscape.",2793,
Lady Queen Apartments,25.054,34.8989988,other,"Lady Queen Apartments is a point of interest in Egypt, contributing to the country's diverse cultural, historical, and natural landscape.",2794,
My Home,27.1911286,31.1782963,other,"My Home is a point of interest in Egypt, contributing to the country's diverse cultural, historical, and natural landscape.",2799,
1929,26.9754616,31.3759046,cultural,"1929 is a cultural institution in Egypt that preserves and presents aspects of Egyptian heritage, history, and artistic traditions for visitors and researchers alike.",2800,
دوار الحاج رشدى سالمان,26.9366675,31.406648,other,"دوار الحاج رشدى سالمان is a point of interest in Egypt, contributing to the country's diverse cultural, historical, and natural landscape.",2801,
عمارات بنك التنمية والائتمان الزراعى,27.177512,31.1867587,other,"عمارات بنك التنمية والائتمان الزراعى is a point of interest in Egypt, contributing to the country's diverse cultural, historical, and natural landscape.",2806,
المدينة الجامعية للطلبة مبنى د,27.1879936,31.1751989,other,"المدينة الجامعية للطلبة مبنى د is a point of interest in Egypt, contributing to the country's diverse cultural, historical, and natural landscape.",2812,
المدينة الجامعية مبنى و,27.1875722,31.1753395,other,"المدينة الجامعية مبنى و is a point of interest in Egypt, contributing to the country's diverse cultural, historical, and natural landscape.",2813,
مدخل أولاد الياس (القنطرة),26.940977,31.4036533,other,"مدخل أولاد الياس (القنطرة) is a point of interest in Egypt, contributing to the country's diverse cultural, historical, and natural landscape.",2825,
Rifaah Rafih El Tahtauwei Statue,27.1855813,31.1749497,cultural,"Rifaah Rafih El Tahtauwei Statue is a cultural institution in Egypt that preserves and presents aspects of Egyptian heritage, history, and artistic traditions for visitors and researchers alike.",2844,
مركز تدريب قوة من الاعالي,27.2191383,31.3362073,other,"مركز تدريب قوة من الاعالي is a point of interest in Egypt, contributing to the country's diverse cultural, historical, and natural landscape.",2851,
كنيسة باقور الاخ مسعد,27.0946256,31.2944066,other,"كنيسة باقور الاخ مسعد is a Christian church representing Egypt's rich Coptic heritage, which traces its roots to the earliest centuries of Christianity. Egypt's Coptic Christians maintain traditions dating back nearly 2,000 years.",2853,
نهضة قداسة ابو تيج,27.0427181,31.3191873,other,"نهضة قداسة ابو تيج is a point of interest in Egypt, contributing to the country's diverse cultural, historical, and natural landscape.",2859,
Qusair al-Qadim,26.1544189,34.2438727,historical,Qusair al-Qadim is an ancient Egyptian historical site that forms part of Egypt's extraordinary archaeological heritage. The site offers visitors a direct connection to the civilization that built one of the greatest empires of the ancient world.,2868,
Soug Bahar,25.9823079,34.3473762,other,"Soug Bahar is a point of interest in Egypt, contributing to the country's diverse cultural, historical, and natural landscape.",2872,
Seyala,26.1248583,33.9305949,historical,Seyala is an ancient Egyptian historical site that forms part of Egypt's extraordinary archaeological heritage. The site offers visitors a direct connection to the civilization that built one of the greatest empires of the ancient world.,2873,
Flamenco Hausriff,26.1653439,34.2456192,other,"Flamenco Hausriff is a point of interest in Egypt, contributing to the country's diverse cultural, historical, and natural landscape.",2875,
El Kahf,26.0225132,34.3247923,other,"El Kahf is a point of interest in Egypt, contributing to the country's diverse cultural, historical, and natural landscape.",2877,
Abu Sawatir,26.2060079,34.2203693,other,"Abu Sawatir is a point of interest in Egypt, contributing to the country's diverse cultural, historical, and natural landscape.",2878,
متحف كهف رومل,31.36562,27.2484349,cultural,"متحف كهف رومل is a cultural institution in Egypt that preserves and presents aspects of Egyptian heritage, history, and artistic traditions for visitors and researchers alike.",2882,
Cleopatra Beach,31.3738114,27.1906029,other,"Cleopatra Beach is a point of interest in Egypt, contributing to the country's diverse cultural, historical, and natural landscape.",2889,
شارع اسكندرية. مرسي مطروح,31.3551678,27.240173,other,"شارع اسكندرية. مرسي مطروح is a point of interest in Egypt, contributing to the country's diverse cultural, historical, and natural landscape.",2894,
شاطئ الغرام,31.3683209,27.2216747,other,"شاطئ الغرام is a point of interest in Egypt, contributing to the country's diverse cultural, historical, and natural landscape.",2895,
شاطئ العوام,31.3576228,27.2304261,other,"شاطئ العوام is a point of interest in Egypt, contributing to the country's diverse cultural, historical, and natural landscape.",2897,
حديقة كليوباترا,31.3534813,27.2289972,other,"حديقة كليوباترا is a point of interest in Egypt, contributing to the country's diverse cultural, historical, and natural landscape.",2898,
الدربالي شاليهات لونج ايلاند,31.3643147,27.2667877,other,"الدربالي شاليهات لونج ايلاند is a point of interest in Egypt, contributing to the country's diverse cultural, historical, and natural landscape.",2903,
Ain Birbiya,25.5226204,29.3194979,historical,Ain Birbiya is an ancient Egyptian historical site that forms part of Egypt's extraordinary archaeological heritage. The site offers visitors a direct connection to the civilization that built one of the greatest empires of the ancient world.,2904,
Tomb of Kitanes,25.5537002,29.299891,cultural,Tomb of Kitanes is an ancient Egyptian historical site that forms part of Egypt's extraordinary archaeological heritage. The site offers visitors a direct connection to the civilization that built one of the greatest empires of the ancient world.,2905,
Sirnaka Island,23.8292123,35.808667,other,"Sirnaka Island is a point of interest in Egypt, contributing to the country's diverse cultural, historical, and natural landscape.",2907,
Egypt Air,31.0429901,31.3950671,other,"Egypt Air is a point of interest in Egypt, contributing to the country's diverse cultural, historical, and natural landscape.",2909,
حوازه خاصه🏠,31.1149381,31.5696885,cultural,"حوازه خاصه🏠 is a cultural institution in Egypt that preserves and presents aspects of Egyptian heritage, history, and artistic traditions for visitors and researchers alike.",2910,
Mendes,30.9562518,31.5170889,historical,Mendes is an ancient Egyptian historical site that forms part of Egypt's extraordinary archaeological heritage. The site offers visitors a direct connection to the civilization that built one of the greatest empires of the ancient world.,2912,
منزل السيد علي حجازى٠١١٤٠٣٠٢٩٧٩,31.0271348,31.6484919,other,"منزل السيد علي حجازى٠١١٤٠٣٠٢٩٧٩ is a point of interest in Egypt, contributing to the country's diverse cultural, historical, and natural landscape.",2913,
تمثال أم كلثوم,30.8908667,31.45609,other,"تمثال أم كلثوم is a point of interest in Egypt, contributing to the country's diverse cultural, historical, and natural landscape.",2914,
مسجد الجزيرة بقريه ابوحموده,30.8253881,31.6831844,other,مسجد الجزيرة بقريه ابوحموده is a mosque serving the local Muslim community and representing Egypt's Islamic architectural heritage. Egypt's mosques range from medieval masterpieces to modern places of worship.,2918,
مسجد قريه ابوحموده الكبير,30.8259688,31.6875075,other,مسجد قريه ابوحموده الكبير is a mosque serving the local Muslim community and representing Egypt's Islamic architectural heritage. Egypt's mosques range from medieval masterpieces to modern places of worship.,2919,
Pi-Ramesses,30.7998239,31.8350476,historical,Pi-Ramesses is an ancient Egyptian historical site that forms part of Egypt's extraordinary archaeological heritage. The site offers visitors a direct connection to the civilization that built one of the greatest empires of the ancient world.,2923,
Hermopolis Parva,30.9581008,31.4194301,historical,Hermopolis Parva is an ancient Egyptian historical site that forms part of Egypt's extraordinary archaeological heritage. The site offers visitors a direct connection to the civilization that built one of the greatest empires of the ancient world.,2924,
Avaris/Ramesses,30.7860137,31.822848,historical,Avaris/Ramesses is an ancient Egyptian historical site that forms part of Egypt's extraordinary archaeological heritage. The site offers visitors a direct connection to the civilization that built one of the greatest empires of the ancient world.,2925,
مدينة ديرب نجم,30.7389646,31.485079,other,"مدينة ديرب نجم is a point of interest in Egypt, contributing to the country's diverse cultural, historical, and natural landscape.",2928,
مدينة ديرب نجم,30.7479611,31.459602,other,"مدينة ديرب نجم is a point of interest in Egypt, contributing to the country's diverse cultural, historical, and natural landscape.",2929,
مقابر صافور,30.787508,31.4107264,historical,مقابر صافور is an ancient Egyptian historical site that forms part of Egypt's extraordinary archaeological heritage. The site offers visitors a direct connection to the civilization that built one of the greatest empires of the ancient world.,2930,
Hamada,24.4383333,35.2131166,other,"Hamada is a point of interest in Egypt, contributing to the country's diverse cultural, historical, and natural landscape.",2931,
Wadi Khashir,24.1842341,35.2347791,historical,Wadi Khashir is an ancient Egyptian historical site that forms part of Egypt's extraordinary archaeological heritage. The site offers visitors a direct connection to the civilization that built one of the greatest empires of the ancient world.,2932,
Abu Ghalqa,24.3493385,35.0715546,historical,Abu Ghalqa is an ancient Egyptian historical site that forms part of Egypt's extraordinary archaeological heritage. The site offers visitors a direct connection to the civilization that built one of the greatest empires of the ancient world.,2933,
Zag arrive point,30.583336,31.5017863,other,"Zag arrive point is a point of interest in Egypt, contributing to the country's diverse cultural, historical, and natural landscape.",2937,
Zag home,30.5842231,31.4949352,other,"Zag home is a point of interest in Egypt, contributing to the country's diverse cultural, historical, and natural landscape.",2938,
Poke Stop,30.5912956,31.5068132,other,"Poke Stop is a point of interest in Egypt, contributing to the country's diverse cultural, historical, and natural landscape.",2939,
منزل الاستاذ أحمد يوسف,30.5501388,31.782504,other,"منزل الاستاذ أحمد يوسف is a point of interest in Egypt, contributing to the country's diverse cultural, historical, and natural landscape.",2940,
ميدان الجزيرة,30.5567553,31.7831615,other,"ميدان الجزيرة is a point of interest in Egypt, contributing to the country's diverse cultural, historical, and natural landscape.",2941,
Poke Stop,30.5899831,31.5066019,other,"Poke Stop is a point of interest in Egypt, contributing to the country's diverse cultural, historical, and natural landscape.",2943,
Poke Stop,30.5904816,31.507262,other,"Poke Stop is a point of interest in Egypt, contributing to the country's diverse cultural, historical, and natural landscape.",2944,
قاعة افراح ومناسبات ونادي رياضي,30.5408063,31.6782009,other,"قاعة افراح ومناسبات ونادي رياضي is a point of interest in Egypt, contributing to the country's diverse cultural, historical, and natural landscape.",2945,
دار ضيافة عرب الفدان,30.5544381,31.6777295,other,"دار ضيافة عرب الفدان is a point of interest in Egypt, contributing to the country's diverse cultural, historical, and natural landscape.",2946,
كفر عبد الله عزيزة,30.4743041,31.4346376,other,"كفر عبد الله عزيزة is a point of interest in Egypt, contributing to the country's diverse cultural, historical, and natural landscape.",2949,
السوهاجى لقطع غيار السيارات /جيلى إيمجراند/اسبرانزا/بى واى دى/بريليانس.,30.2861573,31.7172615,other,"السوهاجى لقطع غيار السيارات /جيلى إيمجراند/اسبرانزا/بى واى دى/بريليانس. is a point of interest in Egypt, contributing to the country's diverse cultural, historical, and natural landscape.",2953,
الأندلسية للصناعات الغذائية,30.2856949,31.7921647,cultural,"الأندلسية للصناعات الغذائية is a cultural institution in Egypt that preserves and presents aspects of Egyptian heritage, history, and artistic traditions for visitors and researchers alike.",2955,
Per-Sopdu,30.5534768,31.607844,historical,Per-Sopdu is an ancient Egyptian historical site that forms part of Egypt's extraordinary archaeological heritage. The site offers visitors a direct connection to the civilization that built one of the greatest empires of the ancient world.,2959,
شارع عباد الرحمن الحى 28 مجاورة 5,30.3337008,31.6820529,other,"شارع عباد الرحمن الحى 28 مجاورة 5 is a point of interest in Egypt, contributing to the country's diverse cultural, historical, and natural landscape.",2965,
شارع الحاج عامر سلامه,30.6396017,31.4904053,other,"شارع الحاج عامر سلامه is a point of interest in Egypt, contributing to the country's diverse cultural, historical, and natural landscape.",2966,
ڤيلا م / محمود شريف,30.3445516,31.6732442,other,"ڤيلا م / محمود شريف is a point of interest in Egypt, contributing to the country's diverse cultural, historical, and natural landscape.",2969,
الحي ١٧ مج ٢ قط ٢٣ طارق عبد الحميد,30.3680952,31.7290217,other,"الحي ١٧ مج ٢ قط ٢٣ طارق عبد الحميد is a point of interest in Egypt, contributing to the country's diverse cultural, historical, and natural landscape.",2970,
صينية ميزو mizu,30.2913373,31.7456276,other,"صينية ميزو mizu is a point of interest in Egypt, contributing to the country's diverse cultural, historical, and natural landscape.",2973,
النصب التذكارى للأمير كمال الدين حسين Monument to Prince Kamal el Din,22.6957117,25.872389,other,"النصب التذكارى للأمير كمال الدين حسين Monument to Prince Kamal el Din is a point of interest in Egypt, contributing to the country's diverse cultural, historical, and natural landscape.",2979,
"אנדרטת סמ""ר ירון מאיה ז""ל",30.4383256,34.5614143,other,"אנדרטת סמ""ר ירון מאיה ז""ל is a point of interest in Egypt, contributing to the country's diverse cultural, historical, and natural landscape.",2982,
"אנדרטת ה""פוגה""",30.5303929,34.5220458,other,"אנדרטת ה""פוגה"" is a point of interest in Egypt, contributing to the country's diverse cultural, historical, and natural landscape.",2996,
Wreck of Sabri Baba 1,22.6275143,36.5598872,other,"Wreck of Sabri Baba 1 is a point of interest in Egypt, contributing to the country's diverse cultural, historical, and natural landscape.",2997,
Athribis (Upper Egypt),26.5113586,31.6653555,historical,Athribis (Upper Egypt) is an ancient Egyptian historical site that forms part of Egypt's extraordinary archaeological heritage. The site offers visitors a direct connection to the civilization that built one of the greatest empires of the ancient world.,3000,
Egiptian Obelisk,26.5600525,31.7064608,other,"Egiptian Obelisk is a point of interest in Egypt, contributing to the country's diverse cultural, historical, and natural landscape.",3002,
Merritt Temple of Amun,26.5654214,31.7462625,other,"Merritt Temple of Amun is an ancient Egyptian temple site representing the country's rich religious and architectural heritage. These sacred spaces served as centers of worship, ritual, and economic activity in the ancient world.",3003,
Awlad Azzaz Site,26.5479692,31.5968821,historical,Awlad Azzaz Site is an ancient Egyptian historical site that forms part of Egypt's extraordinary archaeological heritage. The site offers visitors a direct connection to the civilization that built one of the greatest empires of the ancient world.,3007,
محجر الضبع,26.7394602,31.6396964,cultural,"محجر الضبع is a cultural institution in Egypt that preserves and presents aspects of Egyptian heritage, history, and artistic traditions for visitors and researchers alike.",3008,
سكن الكوامل,26.4457324,31.6680588,cultural,"سكن الكوامل is a cultural institution in Egypt that preserves and presents aspects of Egyptian heritage, history, and artistic traditions for visitors and researchers alike.",3009,
Tomb of the Mayor of Athribis,26.5101559,31.6644884,historical,Tomb of the Mayor of Athribis is an ancient Egyptian historical site that forms part of Egypt's extraordinary archaeological heritage. The site offers visitors a direct connection to the civilization that built one of the greatest empires of the ancient world.,3010,
Zodiac tomb,26.5092436,31.6656757,historical,Zodiac tomb is an ancient Egyptian historical site that forms part of Egypt's extraordinary archaeological heritage. The site offers visitors a direct connection to the civilization that built one of the greatest empires of the ancient world.,3011,
Temple of Ptolemy IX (Physkon),26.510337,31.6657441,historical,Temple of Ptolemy IX (Physkon) is an ancient Egyptian historical site that forms part of Egypt's extraordinary archaeological heritage. The site offers visitors a direct connection to the civilization that built one of the greatest empires of the ancient world.,3012,
English Mountain Main Entrance,28.3526725,28.9073447,other,"English Mountain Main Entrance is a point of interest in Egypt, contributing to the country's diverse cultural, historical, and natural landscape.",3021,
Black Desert viewpoint,28.1393228,28.7417391,other,"Black Desert viewpoint is a point of interest in Egypt, contributing to the country's diverse cultural, historical, and natural landscape.",3023,
English houses (ruins),28.3572877,28.9020985,other,"English houses (ruins) is a point of interest in Egypt, contributing to the country's diverse cultural, historical, and natural landscape.",3025,
Ruins,28.3529324,28.8646652,other,"Ruins is a point of interest in Egypt, contributing to the country's diverse cultural, historical, and natural landscape.",3027,
Temple to Alexander the Great,28.3420962,28.8223275,other,"Temple to Alexander the Great is an ancient Egyptian temple site representing the country's rich religious and architectural heritage. These sacred spaces served as centers of worship, ritual, and economic activity in the ancient world.",3028,
صخرة العامود Pillar Rock,27.1277594,26.4802198,other,"صخرة العامود Pillar Rock is a point of interest in Egypt, contributing to the country's diverse cultural, historical, and natural landscape.",3030,
"סוכת יוסי יפה ז""ל",30.8585284,34.4121322,outdoor,"סוכת יוסי יפה ז""ל is an outdoor natural or recreational area in Egypt, offering visitors the opportunity to experience the country's diverse landscapes from the Nile Valley to the desert and Mediterranean coast.",3033,
Nitzana Border Crossing,30.8823729,34.3949771,other,"Nitzana Border Crossing is a point of interest in Egypt, contributing to the country's diverse cultural, historical, and natural landscape.",3102,
Grand Egyptian Museum,29.9888,31.1344,cultural,"The Grand Egyptian Museum (GEM) is the world's largest archaeological museum, located near the Giza Pyramids. Housing over 100,000 ancient artifacts including the complete treasures of Tutankhamun, it offers an unparalleled journey through Egypt's pharaonic civilization. The museum's grand atrium features a colossal statue of Ramesses II as its centerpiece.",3108,450.0
Egyptian Museum - Tahrir Square,30.0478,31.2336,cultural,"The Egyptian Museum in Tahrir Square is one of the world's most important archaeological museums. Founded in 1902, it holds over 120,000 ancient artifacts spanning three millennia including the golden mask of Tutankhamun, royal mummies, and masterpieces from the Old, Middle, and New Kingdoms.",3109,200.0
Cairo Tower,30.0459,31.2243,cultural,"Cairo Tower is a 187-meter lotus-shaped concrete tower on Gezira Island offering panoramic views of the capital and the Nile. Built between 1956 and 1961, it remains the tallest structure in Egypt and North Africa. Its observation deck and revolving restaurant make it a landmark of modern Egyptian architecture.",3110,
Al-Azhar Mosque,30.0459,31.2626,cultural,"Al-Azhar Mosque, founded in 970 AD by the Fatimid dynasty, is one of the oldest universities in the world and the foremost center of Sunni Islamic scholarship. Its stunning complex of minarets and courtyards in the heart of Islamic Cairo attracts millions of worshippers and students annually. Al-Azhar University, attached to the mosque, has shaped Islamic thought for over a millennium.",3111,
Khan El-Khalili Bazaar,30.0478,31.2627,cultural,"Khan El-Khalili is Cairo's most famous medieval bazaar, established in 1382 during the Mamluk period. This vast labyrinthine market in the heart of Islamic Cairo sells everything from spices and perfumes to gold jewelry and hand-crafted souvenirs. The surrounding streets contain some of Egypt's finest examples of Mamluk and Ottoman architecture.",3112,
Coptic Museum - Cairo,30.0058,31.2297,cultural,"The Coptic Museum in Old Cairo houses the world's largest collection of Coptic Christian artifacts, with over 16,000 pieces spanning 1,400 years. Founded in 1910, it preserves manuscripts, icons, textiles, woodwork, and metalwork that document Egypt's Christian heritage from the 1st century AD onward. The museum is located within the historic Babylon Fortress complex.",3113,100.0
Museum of Islamic Art - Cairo,30.0444,31.2474,cultural,"The Museum of Islamic Art in central Cairo holds one of the world's most important collections of Islamic art spanning 1,400 years. With over 100,000 objects including manuscripts, metalwork, ceramics, and textiles, it represents Islamic civilization from Egypt, Persia, Turkey and beyond. The museum was extensively restored after sustaining damage from a 2014 car bombing.",3114,100.0
Al-Muizz Street,30.0541,31.2617,historical,"Al-Muizz li-Din Allah Street is one of the oldest streets in Cairo, named after the Fatimid caliph who founded the city in 969 AD. Stretching through the heart of Islamic Cairo, it is lined with an extraordinary concentration of medieval Islamic monuments including mosques, palaces, fountains, and mausoleums from the Fatimid, Ayyubid, Mamluk, and Ottoman periods. UNESCO recognized it as an open-air museum of Islamic art.",3115,
Prince Mohamed Ali Palace - Manial,30.0154,31.2232,historical,"The Manial Palace on Rhoda Island is a stunning royal complex built by Prince Mohamed Ali between 1899 and 1929, blending Ottoman, Moorish, Persian, and European architectural styles. The palace compound includes a hunting museum, a throne hall, a private mosque, and lush gardens. It stands as one of Cairo's most refined examples of eclectic royal architecture.",3116,200.0
Gezira Palace - Cairo Opera House,30.0417,31.2236,cultural,"The Cairo Opera House complex on Gezira Island is Egypt's premier performing arts venue, opened in 1988. Built as a gift from Japan, the complex includes three performance halls hosting opera, ballet, and classical music. The surrounding cultural park also houses the Museum of Modern Egyptian Art and several smaller galleries.",3117,
Saqqara Necropolis,29.8714,31.2165,historical,"Saqqara is one of Egypt's most extensive archaeological sites, serving as the necropolis for the ancient capital Memphis for over 3,000 years. The site is dominated by the Step Pyramid of Djoser — the world's oldest monumental stone structure, built around 2650 BCE by the architect Imhotep. Saqqara also contains the tombs of nobles richly decorated with Old Kingdom reliefs, the underground Serapeum bull vaults, and the Imhotep Museum.",3118,300.0
Memphis - Ancient Capital,29.8526,31.2497,historical,"Memphis (Mit Rahina) was the ancient capital of Egypt during the Old Kingdom period and one of the greatest cities of the ancient world. Today the open-air museum displays the colossal fallen statue of Ramesses II, a sphinx of Alabaster, and scattered remains of temples and palaces. The site provides essential context for understanding Egypt's pharaonic civilization.",3119,120.0
Dahshur Pyramids,29.8081,31.2108,historical,"Dahshur is an important royal pyramid field south of Cairo containing two of Egypt's most significant pyramids: the Bent Pyramid and the Red Pyramid, both built by Pharaoh Sneferu around 2600 BCE. The Red Pyramid is Egypt's first true smooth-sided pyramid and visitors can descend into its burial chambers. The less-visited site offers a more intimate experience than Giza.",3120,120.0
Beit El-Suhaymi,30.0552,31.2622,historical,"Beit El-Suhaymi is a magnificent 17th-century merchant's house in Islamic Cairo that perfectly preserves the domestic architecture of the Ottoman period. Its two connected mansions feature mashrabiya latticed balconies, ornate reception halls, a garden courtyard, and a hammam. The house offers a vivid window into the domestic life of wealthy Cairene families during the Ottoman era.",3121,
Bibliotheca Alexandrina,31.2089,29.9092,cultural,"The Bibliotheca Alexandrina is a modern cultural complex built to revive the legacy of the ancient Library of Alexandria, one of the greatest libraries of the ancient world. Opened in 2002, its dramatic tilted disc facade accommodates 8 million books, several museums, art galleries, and a planetarium. It serves as a major center for academic research, cultural dialogue, and international exchange.",3122,
Pompey Pillar - Alexandria,31.1833,29.8997,historical,"Pompey's Pillar is a 27-meter red granite Roman triumphal column erected in Alexandria in 297 AD in honor of Emperor Diocletian, making it the largest monolithic column in the ancient world outside Rome. It stands at the site of the ancient Serapeum, once one of Alexandria's most magnificent temples. Two pink granite sphinxes flank the base of the column.",3123,120.0
Catacombs of Kom El-Shoqafa,31.1797,29.8936,historical,"The Catacombs of Kom el-Shoqafa are Alexandria's most spectacular ancient monument, a multi-level funerary complex carved into rock in the 2nd century AD. Blending Egyptian, Greek, and Roman artistic traditions in a uniquely syncretic style, the catacombs feature elaborately carved burial niches, a triclinium dining room, and the remarkable Hall of Caracalla. They are considered one of the Seven Wonders of the Middle Ages.",3124,120.0
Montazah Palace Gardens - Alexandria,31.2882,30.0131,outdoor,"The Montazah Palace Gardens is a stunning 150-hectare royal estate on Alexandria's eastern seafront, built by Khedive Abbas II in 1892. The grounds encompass pine and palm forests, manicured gardens, private beaches, and two palaces — the Haramlek and the Salamlek — set along the Mediterranean coast. Today the gardens are open to the public as a beloved retreat from the city.",3125,
Stanley Bridge - Alexandria,31.2412,29.9602,outdoor,"Stanley Bridge is one of Alexandria's most iconic landmarks, a graceful arched bridge spanning a bay along the Mediterranean Corniche. The bridge connects two sections of the Stanley Beach neighborhood and is especially striking at night when illuminated against the sea. The surrounding Stanley Beach is one of Alexandria's most popular swimming spots.",3126,
Citadel of Qaitbay - Alexandria,31.2136,29.8854,historical,"The Citadel of Qaitbay stands on the exact site of the ancient Lighthouse of Alexandria, one of the Seven Wonders of the Ancient World. Built by Sultan Qaitbay in 1477 using stones from the fallen lighthouse, the fortress guarded Alexandria's harbor for centuries. The citadel's naval museum and panoramic views of the Mediterranean make it Alexandria's most visited monument.",3127,120.0
Greco-Roman Museum - Alexandria,31.2013,29.9131,cultural,"The Greco-Roman Museum in Alexandria houses one of the finest collections of artifacts from the Hellenistic and Roman periods in Egypt. The museum's 25 halls display mummies, statuary, coins, jewelry, and everyday objects that illuminate Alexandria's cosmopolitan identity as a meeting point of Egyptian, Greek, and Roman civilizations. Founded in 1892, it underwent major renovation and reopened to great acclaim.",3128,200.0
Valley of the Queens - Luxor,25.7271,32.6009,historical,"The Valley of the Queens on Luxor's West Bank contains over 90 tombs of queens, princes, and nobles from the New Kingdom period. The most celebrated is the Tomb of Nefertari, wife of Ramesses II, whose walls are covered in some of the finest painted reliefs in the ancient world, earning it the title of the 'Sistine Chapel of Ancient Egypt'. Access to Nefertari's tomb requires a separate premium ticket.",3129,100.0
Medinet Habu Temple,25.7198,32.6011,historical,"Medinet Habu is the mortuary temple of Ramesses III on Luxor's West Bank, one of the best-preserved temples in Egypt. Its massive outer walls are covered in vivid reliefs depicting the pharaoh's military victories over the Sea Peoples and Libyans. The temple's painted interior columns and royal palace annex give an exceptional sense of New Kingdom grandeur.",3130,100.0
The Ramesseum,25.7304,32.6102,historical,"The Ramesseum is the mortuary temple of Ramesses II on Luxor's West Bank, famous for its colossal fallen granite statue of the pharaoh that inspired Percy Bysshe Shelley's poem 'Ozymandias'. The temple's hypostyle hall, astronomical ceiling, and battle reliefs from Kadesh rank among ancient Egypt's finest artistic achievements. The fallen statue weighs over 1,000 tonnes.",3131,100.0
Colossi of Memnon,25.7206,32.61,historical,"The Colossi of Memnon are two massive 18-meter stone statues of Pharaoh Amenhotep III that have stood at the entrance to his mortuary temple on Luxor's West Bank for 3,400 years. In antiquity one of the statues emitted a haunting musical sound at dawn due to temperature-related vibrations, attracting pilgrims and tourists from across the Roman Empire. They stand free in an open field and admission is free.",3132,
Deir El-Bahari - Hatshepsut Temple,25.7381,32.6073,historical,"The Mortuary Temple of Hatshepsut at Deir el-Bahari is one of the most architecturally striking monuments in Egypt, designed by the royal architect Senenmut around 1479 BCE. The three-tiered colonnaded structure is carved directly into the Theban cliffs and contains painted reliefs depicting the divine birth of Hatshepsut and her famous trade expedition to the land of Punt. It is the best-preserved of all New Kingdom mortuary temples.",3133,200.0
Deir El-Medina - Workers Village,25.7285,32.6015,historical,"Deir el-Medina is the remarkably well-preserved village of the artisans who built and decorated the royal tombs in the Valley of the Kings during the New Kingdom period. Excavations have yielded thousands of ostraca, papyri, and personal objects that provide an unprecedented view of everyday life in ancient Egypt. The village's own tombs contain some of the most colorful and detailed painted reliefs of any site in Egypt.",3134,100.0
Karnak Temple Complex,25.7188,32.6573,historical,"The Karnak Temple Complex is the largest religious site in the ancient world, covering over 100 hectares on the east bank of the Nile at Luxor. Built over 2,000 years by successive pharaohs from the Middle Kingdom through the Greco-Roman period, it is primarily dedicated to the god Amun-Ra. Its iconic Hypostyle Hall contains 134 massive columns rising up to 21 meters, each carved with hieroglyphics and painted reliefs.",3135,320.0
Luxor Temple,25.6994,32.6392,historical,"Luxor Temple is a magnificent ancient Egyptian temple complex built on the east bank of the Nile around 1400 BCE, primarily by Amenhotep III and Ramesses II. The temple was the center of the annual Opet Festival celebrating the renewal of pharaonic power, during which the statues of Amun, Mut, and Khonsu were carried in procession along the Avenue of Sphinxes from Karnak. A mosque built inside the temple in 1279 AD still serves worshippers today.",3136,500.0
Luxor Museum,25.712,32.6448,cultural,"Luxor Museum is widely considered Egypt's finest provincial museum, presenting a curated selection of exceptional artifacts from the Theban region. The collection includes a reconstructed wall from Akhenaten's Karnak temple, royal statues, gilded funerary equipment, and two royal mummies displayed in a specially designed room. The museum's elegant low-lit galleries showcase New Kingdom artistry at its finest.",3137,200.0
Mummification Museum - Luxor,25.7013,32.6404,cultural,"The Mummification Museum in Luxor is the world's only museum dedicated entirely to the ancient Egyptian art and science of mummification. Located on the Nile Corniche, it displays human and animal mummies alongside the tools, resins, amulets, and linen bandages used in the mummification process. The museum provides a compelling scientific and religious perspective on ancient Egyptian beliefs about death and the afterlife.",3138,100.0
Abu Simbel Temples,22.3372,31.6258,historical,"The twin temples of Abu Simbel are ancient Egypt's most spectacular monuments, carved into a cliff face by Ramesses II around 1264 BCE. The Great Temple features four colossal 20-meter seated statues of Ramesses II, while the smaller temple honors his queen Nefertari. In a remarkable feat of modern engineering, both temples were relocated 65 meters uphill between 1964 and 1968 to save them from the rising waters of Lake Nasser.",3139,750.0
Philae Temples - Agilkia Island,24.0244,32.8839,historical,"The Philae Temple complex on Agilkia Island near Aswan is dedicated to the goddess Isis and represents one of the last outposts of ancient Egyptian religious practice, remaining active into the 6th century AD. The island setting, reflecting columns, and beautifully preserved reliefs make it one of Egypt's most romantically situated monuments. The temples were dismantled and reconstructed on higher ground as part of the UNESCO rescue operation following the construction of the Aswan High Dam.",3140,550.0
Unfinished Obelisk - Aswan,24.0784,32.8912,historical,"The Unfinished Obelisk lying in the ancient granite quarries of Aswan would have been the largest obelisk ever erected, standing 42 meters tall and weighing nearly 1,200 tonnes, had it not cracked during construction. It was commissioned by Queen Hatshepsut and abandoned in place around 1500 BCE. The obelisk provides invaluable insight into ancient Egyptian quarrying and stone-working techniques.",3141,100.0
Nubia Museum - Aswan,24.0832,32.8948,cultural,"The Nubia Museum in Aswan is dedicated to preserving the rich culture and heritage of Nubia, much of which was submerged following the construction of the Aswan High Dam. The beautifully designed museum houses over 3,000 artifacts spanning thousands of years of Nubian history, and features reconstructed traditional Nubian houses and a dramatic outdoor display of rescued monuments. It is one of Egypt's finest regional museums.",3142,200.0
Aswan High Dam,23.97,32.8779,historical,"The Aswan High Dam is one of the world's largest embankment dams, built between 1960 and 1970 with Soviet assistance to control Nile flooding and generate electricity for Egypt. The dam created Lake Nasser, the world's largest artificial lake, stretching over 500 km into Sudan. Visitors can walk across the dam for panoramic views and visit the monument commemorating Egyptian-Soviet cooperation.",3143,
Kom Ombo Temple,24.4527,32.9283,historical,"The Temple of Kom Ombo is a unique double temple dedicated to two gods — the falcon-headed Haroeris and the crocodile god Sobek — built during the Ptolemaic period around 180 BCE. Symmetrically divided down the middle, the temple's well-preserved reliefs include a fascinating set of ancient surgical instruments carved on one wall. The adjacent Crocodile Museum displays mummified crocodiles found in the area.",3144,250.0
Temple of Edfu,24.9779,32.8733,historical,"The Temple of Edfu is the best-preserved ancient Egyptian temple and one of the most important religious sites in Egypt, dedicated to the falcon god Horus. Built during the Ptolemaic period between 237 and 57 BCE, its massive pylon, hypostyle halls, and inner sanctuary are remarkably intact. The temple's walls are covered in detailed mythological texts and ritual scenes that provide an extraordinary record of Ptolemaic religious practice.",3145,550.0
Elephantine Island - Aswan,24.0894,32.8869,historical,"Elephantine Island in the Nile at Aswan has been continuously inhabited for over 5,000 years and served as Egypt's southern frontier in antiquity. The island contains important archaeological ruins including a temple of Khnum, an ancient Nilometer, and the Aswan Museum which houses artifacts from the island's excavations. Two traditional Nubian villages on the island offer a living glimpse of Nubian culture.",3146,200.0
St Catherine's Monastery,28.5558,33.9759,historical,"Saint Catherine's Monastery at the foot of Mount Sinai is one of the world's oldest continuously inhabited Christian monasteries, founded in the 6th century AD by Emperor Justinian. A UNESCO World Heritage Site, it houses an extraordinary collection of early Christian art including over 2,000 manuscripts and 3,000 icons, second only to the Vatican. The monastery is built around the site of the biblical Burning Bush.",3147,
Mount Sinai,28.5392,33.975,outdoor,"Mount Sinai (Jabal Musa) is one of the most sacred mountains in the world, revered by Judaism, Christianity, and Islam as the site where Moses received the Ten Commandments. Rising 2,285 meters above sea level, the mountain is climbed by thousands of pilgrims and hikers each year, typically at night to witness the spectacular sunrise from the summit. The route passes the Chapel of the Holy Trinity at the peak.",3148,
Wadi El-Rayan - Waterfalls,29.2667,30.4167,outdoor,"Wadi El-Rayan in the Fayoum Oasis features Egypt's only natural waterfalls, where water cascades between two connected lakes in a protected nature reserve. The area is part of a UNESCO-recognized natural heritage zone and is home to migratory birds, fennec foxes, and sand gazelles. The nearby Wadi el-Hitan (Valley of the Whales) contains prehistoric whale fossils.",3149,
Wadi El-Hitan - Valley of the Whales,29.2764,30.025,outdoor,"Wadi El-Hitan (Valley of the Whales) is a UNESCO World Heritage Site in the Fayoum desert containing the world's largest collection of archaeocete whale fossils, dating back 40 million years. The fossils of Basilosaurus and Dorudon — ancient whale species with vestigial hind legs — reveal a crucial stage in the evolution of whales from land mammals. The open-air museum with a visitors center is set in a surrealistic desert landscape.",3150,
Lake Qarun - Fayoum,29.5,30.65,outdoor,"Lake Qarun is a large saltwater lake in the Fayoum depression, a remnant of the ancient Lake Moeris that was once one of Egypt's most important agricultural and fishing resources. The lake is a protected area and Important Bird Area hosting over 90 species of migratory birds including flamingos, pelicans, and herons. Boat trips and fishing villages along the shore offer a serene escape from urban Egypt.",3151,
White Desert National Park,27.37,28.31,outdoor,"The White Desert National Park near Farafra Oasis is one of Egypt's most surreal natural landscapes, where millennia of wind erosion have sculpted enormous chalk formations into mushroom shapes, icebergs, and abstract sculptures rising from the golden sand. The desert glows with different hues of gold, orange, and violet at sunrise and sunset, and under moonlight the white formations create an otherworldly scene. Camping in the White Desert under a star-filled sky is a transformative experience.",3152,
Bahariya Oasis,28.3472,28.8625,outdoor,"Bahariya Oasis in Egypt's Western Desert is an important agricultural and archaeological hub famous for the 'Valley of the Golden Mummies' — a Greco-Roman cemetery containing thousands of gilded mummies discovered in 1996. The oasis offers hot springs, a small archaeological museum, and serves as the gateway to the Black Desert, Crystal Mountain, and the White Desert. Its traditional mud-brick villages and palm groves offer a glimpse of desert life.",3153,
Siwa Oasis,29.2035,25.5195,cultural,"Siwa Oasis in Egypt's far northwest near the Libyan border is one of Egypt's most remote and enchanting destinations. Famous for the Oracle of Amun which Alexander the Great consulted in 331 BCE, Siwa has preserved its unique Berber Siwan culture, language, and architecture. The oasis features ancient ruins, salt lakes, freshwater springs, and mud-brick fortresses, all set against the dramatic backdrop of the Great Sand Sea.",3154,
Suez Canal - Ismailia,30.5965,32.2715,historical,"Ismailia is the most picturesque of the Suez Canal cities, founded in 1863 during construction of the canal by Ferdinand de Lesseps. The city's colonial-era villas, tree-lined avenues, and waterside gardens make it a living architectural heritage site. The Ismailia Museum houses important archaeological finds from the eastern Delta, and Lake Timsah nearby offers water sports and relaxation.",3155,
Port Said - Suez Canal Entrance,31.2564,32.2841,historical,"Port Said at the northern entrance of the Suez Canal was founded in 1859 and served as a crucial maritime crossroads between Europe and Asia. The city's distinctive colonial architecture, covered arcades, and lighthouse reflect its cosmopolitan trading history. The Military Museum commemorates the city's heroic resistance during the 1956 Suez Crisis and the 1967 and 1973 wars.",3156,
Marsa Alam - Red Sea,25.0667,34.8833,outdoor,"Marsa Alam on Egypt's southern Red Sea coast is a premier diving and snorkeling destination renowned for its pristine coral reefs, sea turtle nesting beaches, and year-round dolphin pods at Dolphin House. The area includes the Wadi El-Gemal National Park, an important protected area for dugongs, mangroves, and seabirds. Its relative remoteness has preserved exceptional marine biodiversity compared to more developed Red Sea resorts.",3157,
Ras Mohammed National Park - Sinai,27.7333,34.25,outdoor,"Ras Mohammed National Park at the southern tip of the Sinai Peninsula is Egypt's first national park and one of the world's top dive sites. The park protects spectacular coral walls, shark reef, and Yolanda reef — famous for its resident hammerhead sharks and the scattered cargo of a sunken ship including bathtubs and toilets. Mangrove forests, migratory birds, and a saltwater lake complete this extraordinary marine ecosystem.",3158,
Rashid - Rosetta,31.4031,30.4185,historical,"Rashid (Rosetta) is a historic Delta city famous worldwide as the site where the Rosetta Stone was discovered in 1799, unlocking the mystery of ancient Egyptian hieroglyphics. The city itself is a beautifully preserved example of Ottoman-era Delta architecture, with over 22 listed historic houses featuring distinctive black-and-red brick facades and wooden mashrabiya screens. The Rashid National Museum and Qaitbay Castle are the main heritage attractions.",3159,
Damietta - Delta City,31.4175,31.8133,historical,"Damietta is a historic port city at the mouth of the Nile's eastern branch with a rich commercial heritage dating back to ancient times. The city was a major Mediterranean trading hub during the Islamic period and withstood several Crusader sieges in the 13th century. Today it is famous for its furniture industry, traditional sweets, and the Nile fishermen's culture along its scenic waterfront.",3160,
Dendera Temple Complex,26.1417,32.6694,historical,"The Dendera Temple Complex, dedicated to the goddess Hathor, is one of the best-preserved temple complexes in Egypt, built primarily during the Ptolemaic and Roman periods. The main temple's ceiling contains the famous circular Dendera Zodiac — an ancient astronomical map now in the Louvre — alongside elaborate astronomical and mythological reliefs. The complex includes a sacred lake, a birth house, and crypts decorated with stunning reliefs accessible by flashlight.",3161,320.0
Abydos - Temple of Seti I,26.185,31.9194,historical,"Abydos is one of ancient Egypt's most sacred sites, believed to be the burial place of the god Osiris and the site of Egypt's earliest royal tombs. The Temple of Seti I contains some of the finest painted reliefs in Egypt, with exquisitely detailed color still preserved after 3,300 years. The famous Abydos King List carved on the temple walls names 76 pharaohs in sequence and was crucial to establishing ancient Egyptian chronology.",3162,100.0
