الاسم,خط العرض,خط الطول,التصنيف,الوصف,معرف المكان,سعر الدخول (جنيه)
Persou II,25.9896679,33.5691741,تاريخي,Persou II is an ancient Egyptian historical site that forms part of Egypt's extraordinary archaeological heritage. The site offers visitors a direct connection to the civilization that built one of the greatest empires of the ancient world.,1,
Ikhnaton Hotel | فندق اخناتون,28.0991703,30.7590355,إقامة,"The Ikhnaton Hotel is a modest accommodation option named after the ancient pharaoh Akhenaten, the revolutionary king who introduced monotheism to Egypt. Conveniently located for exploring the surrounding historical sites, the hotel offers basic amenities for travelers seeking an affordable base from which to discover the area's rich heritage.",2,
عزبة القشيرى (شاكر),28.4283281,30.8122787,خارجي وطبيعي,"عزبة القشيرى (شاكر) is an outdoor natural or recreational area in Egypt, offering visitors the opportunity to experience the country's diverse landscapes from the Nile Valley to the desert and Mediterranean coast.",3,
Ibn Khasib,28.0969662,30.7552796,إقامة,"Ibn Khasib is a hotel and accommodation facility in Egypt, offering lodging services to travelers and tourists visiting the area.",4,
Lotus Hotel | فندق لوتس,28.1016602,30.7522731,إقامة,"Lotus Hotel | فندق لوتس is a hotel and accommodation facility in Egypt, offering lodging services to travelers and tourists visiting the area.",5,
Taha Hussien statue,28.1025353,30.756442,ثقافي,"The statue of Taha Hussein, Egypt's iconic writer and intellectual known as the 'Dean of Arabic Literature,' commemorates one of the most influential figures in modern Arabic culture. Born blind in 1889, Taha Hussein overcame extraordinary obstacles to become Egypt's Minister of Education and a champion of free public education. His works including 'An Egyptian Childhood' remain classics of world literature.",6,
The Scroll,28.1043969,30.7553237,ثقافي,"The Scroll is a cultural institution in Egypt that preserves and presents aspects of Egyptian heritage, history, and artistic traditions for visitors and researchers alike.",7,
Horus sculpture,28.1142241,30.7499796,ثقافي,"Horus sculpture is a cultural institution in Egypt that preserves and presents aspects of Egyptian heritage, history, and artistic traditions for visitors and researchers alike.",8,
دماريس,28.1265492,30.7456894,إقامة,"دماريس is a hotel and accommodation facility in Egypt, offering lodging services to travelers and tourists visiting the area.",9,
Tourist Information,28.1014038,30.7573275,خدمات,Tourist Information is a service facility in Egypt that supports visitors and residents in the area.,10,
Tourist Information,28.0938629,30.7637157,خدمات,Tourist Information is a service facility in Egypt that supports visitors and residents in the area.,11,
Fraser Tombs,28.1621148,30.7769237,تاريخي,"The Fraser Tombs at Tihna el-Gebel in Minya governorate are a group of Old Kingdom rock-cut tombs dating to the 6th Dynasty, named after the 19th-century explorer who first documented them. The tombs contain well-preserved painted reliefs depicting daily life, agricultural scenes, and offering rituals. The site offers a relatively undiscovered window into provincial elite culture of ancient Egypt.",12,
Tihna El-Gebel,28.182739,30.7754992,تاريخي,"Tihna el-Gebel (ancient Akoris) in Minya is an important archaeological site spanning multiple periods from the Old Kingdom through the Roman era. The site includes rock-cut tombs, a Ptolemaic temple to Thoth, and evidence of ancient quarrying activities. Its cliff-face contains hieroglyphic inscriptions recording royal expeditions and administrative activities.",13,
Minya Beach Hotel,28.0994894,30.7583799,إقامة,"Minya Beach Hotel is a hotel and accommodation facility in Egypt, offering lodging services to travelers and tourists visiting the area.",14,
Bush camp White Desert,27.3698709,28.1655382,إقامة,"Bush camp White Desert is a hotel and accommodation facility in Egypt, offering lodging services to travelers and tourists visiting the area.",15,
Aqabat,27.4735558,28.259682,أخرى,"Aqabat is a point of interest in Egypt, contributing to the country's diverse cultural, historical, and natural landscape.",16,
Badra Valley,27.3343398,28.1877849,أخرى,"Badra Valley is a point of interest in Egypt, contributing to the country's diverse cultural, historical, and natural landscape.",17,
White Desert,27.3528126,28.1707532,أخرى,"The White Desert National Park in Egypt's Western Desert is one of the world's most otherworldly natural landscapes. Shaped by millennia of wind erosion, enormous chalk formations rise from the sandy floor in surreal shapes resembling mushrooms, icebergs, and animals. The park, located near Farafra Oasis, is most magical at sunrise and sunset when the white rocks glow gold and pink.",18,
White desert,27.3595158,28.1657813,خدمات,White desert is a service facility in Egypt that supports visitors and residents in the area.,19,
The Mushrooms (Aish el-Ghorab),27.3569797,28.1705013,أخرى,"The Mushrooms (Aish el-Ghorab) is a point of interest in Egypt, contributing to the country's diverse cultural, historical, and natural landscape.",20,
White Rabbit,27.2647752,28.1995507,أخرى,"White Rabbit is a point of interest in Egypt, contributing to the country's diverse cultural, historical, and natural landscape.",21,
Rock Mushroom,27.2776046,28.2004509,أخرى,"Rock Mushroom is a point of interest in Egypt, contributing to the country's diverse cultural, historical, and natural landscape.",22,
Wonderfull area with white rocks,27.2810611,28.1918618,أخرى,"Wonderfull area with white rocks is a point of interest in Egypt, contributing to the country's diverse cultural, historical, and natural landscape.",23,
Agabat valley (limestone shrooms),27.4697656,28.4359003,أخرى,"Agabat valley (limestone shrooms) is a point of interest in Egypt, contributing to the country's diverse cultural, historical, and natural landscape.",24,
مغائر شعيب,28.48,35.011389,أخرى,"مغائر شعيب is a point of interest in Egypt, contributing to the country's diverse cultural, historical, and natural landscape.",25,
مغائر الكفار,28.102222,35.177778,أخرى,"مغائر الكفار is a point of interest in Egypt, contributing to the country's diverse cultural, historical, and natural landscape.",26,
Visitor Center Mughair Shuayb,28.4875126,35.0038349,خدمات,Visitor Center Mughair Shuayb is a service facility in Egypt that supports visitors and residents in the area.,27,
Flower,28.4070315,35.0021796,ثقافي,"Flower is a cultural institution in Egypt that preserves and presents aspects of Egyptian heritage, history, and artistic traditions for visitors and researchers alike.",28,
Flower,28.4064965,35.0024814,ثقافي,"Flower is a cultural institution in Egypt that preserves and presents aspects of Egyptian heritage, history, and artistic traditions for visitors and researchers alike.",29,
Flower,28.4061874,35.0020489,ثقافي,"Flower is a cultural institution in Egypt that preserves and presents aspects of Egyptian heritage, history, and artistic traditions for visitors and researchers alike.",30,
Flower,28.4066947,35.0018011,ثقافي,"Flower is a cultural institution in Egypt that preserves and presents aspects of Egyptian heritage, history, and artistic traditions for visitors and researchers alike.",31,
Flower,28.4066565,35.0022047,ثقافي,"Flower is a cultural institution in Egypt that preserves and presents aspects of Egyptian heritage, history, and artistic traditions for visitors and researchers alike.",32,
Flower,28.4066704,35.002038,ثقافي,"Flower is a cultural institution in Egypt that preserves and presents aspects of Egyptian heritage, history, and artistic traditions for visitors and researchers alike.",33,
Flower,28.4065753,35.0020177,ثقافي,"Flower is a cultural institution in Egypt that preserves and presents aspects of Egyptian heritage, history, and artistic traditions for visitors and researchers alike.",34,
Flower,28.4065337,35.0021867,ثقافي,"Flower is a cultural institution in Egypt that preserves and presents aspects of Egyptian heritage, history, and artistic traditions for visitors and researchers alike.",35,
امن مركزى,30.0403542,33.1918716,إقامة,"امن مركزى is a hotel and accommodation facility in Egypt, offering lodging services to travelers and tourists visiting the area.",36,
ك ٢سطع,30.0049131,32.9178758,إقامة,"ك ٢سطع is a hotel and accommodation facility in Egypt, offering lodging services to travelers and tourists visiting the area.",37,
مركز الظرافه ج٣,29.9544508,33.102137,إقامة,"مركز الظرافه ج٣ is a hotel and accommodation facility in Egypt, offering lodging services to travelers and tourists visiting the area.",38,
بنزينه. وطنيه,30.0177467,32.9514722,إقامة,"بنزينه. وطنيه is a hotel and accommodation facility in Egypt, offering lodging services to travelers and tourists visiting the area.",39,
ك ٥٢ مش,30.0278294,32.96749,إقامة,"ك ٥٢ مش is a hotel and accommodation facility in Egypt, offering lodging services to travelers and tourists visiting the area.",40,
كمين صدر حيطان,30.040121,33.1928033,إقامة,"كمين صدر حيطان is a hotel and accommodation facility in Egypt, offering lodging services to travelers and tourists visiting the area.",41,
A1 Sector Housing,22.74704,31.359001,إقامة,"A1 Sector Housing is a hotel and accommodation facility in Egypt, offering lodging services to travelers and tourists visiting the area.",42,
معسكر قطاع E,22.731183,31.3198974,إقامة,"معسكر قطاع E is a hotel and accommodation facility in Egypt, offering lodging services to travelers and tourists visiting the area.",43,
Neptuna,23.6186333,36.2037666,أخرى,"Neptuna is a point of interest in Egypt, contributing to the country's diverse cultural, historical, and natural landscape.",44,
Khanka,23.6166601,36.2047145,أخرى,"Khanka is a point of interest in Egypt, contributing to the country's diverse cultural, historical, and natural landscape.",45,
قلعة الجندي,29.8514696,33.1304623,أخرى,"قلعة الجندي is a point of interest in Egypt, contributing to the country's diverse cultural, historical, and natural landscape.",46,
St. Antony's cave,28.9114738,32.3545669,أخرى,"St. Antony's cave is a point of interest in Egypt, contributing to the country's diverse cultural, historical, and natural landscape.",47,
برج الظفر,30.0421356,31.2640386,أخرى,"برج الظفر is a point of interest in Egypt, contributing to the country's diverse cultural, historical, and natural landscape.",48,
باب المحروق,30.0400606,31.262293,أخرى,"باب المحروق is a point of interest in Egypt, contributing to the country's diverse cultural, historical, and natural landscape.",49,
برطس,30.1475585,31.134657,أخرى,"برطس is a point of interest in Egypt, contributing to the country's diverse cultural, historical, and natural landscape.",50,
متحف جاير أندرسون,30.0283804,31.2507258,ثقافي,متحف جاير أندرسون في القاهرة الإسلامية يتكوّن من منزلين تاريخيين من القرن السابع عشر يصوّران الحياة المنزلية في مصر الإسلامية. جمعه المقدم البريطاني جاير أندرسون ويحتوي على أثاث وتحف إسلامية وأسلحة وعملات نفيسة. يُعدّ نموذجاً استثنائياً للعمارة المنزلية المملوكية المحفوظة.,51,80.0
سي أف سي سي,30.0839215,31.3330909,أخرى,"سي أف سي سي is a point of interest in Egypt, contributing to the country's diverse cultural, historical, and natural landscape.",52,
جمهورية,30.0460126,31.2463568,أخرى,"جمهورية is a point of interest in Egypt, contributing to the country's diverse cultural, historical, and natural landscape.",53,
فندق لونشان,30.0638579,31.2191142,إقامة,"فندق لونشان is a hotel and accommodation facility in Egypt, offering lodging services to travelers and tourists visiting the area.",54,
فندق أم كلثوم,30.0645602,31.2159286,إقامة,"فندق أم كلثوم is a hotel and accommodation facility in Egypt, offering lodging services to travelers and tourists visiting the area.",55,
مجمع الفنون أخناتون,30.0589863,31.2249789,أخرى,"مجمع الفنون أخناتون is a point of interest in Egypt, contributing to the country's diverse cultural, historical, and natural landscape.",56,
ساقية الصاوي,30.0624069,31.2163319,أخرى,"ساقية الصاوي is a point of interest in Egypt, contributing to the country's diverse cultural, historical, and natural landscape.",57,
مسلة المطرية,30.1294036,31.3074812,ثقافي,"مسلة المطرية is a cultural institution in Egypt that preserves and presents aspects of Egyptian heritage, history, and artistic traditions for visitors and researchers alike.",58,
بنسيون روما,30.0515136,31.244547,إقامة,"بنسيون روما is a hotel and accommodation facility in Egypt, offering lodging services to travelers and tourists visiting the area.",59,
الزعيم,29.9948883,31.1616668,أخرى,"الزعيم is a point of interest in Egypt, contributing to the country's diverse cultural, historical, and natural landscape.",60,
باب النصر,30.0542304,31.2648995,أخرى,"باب النصر is a point of interest in Egypt, contributing to the country's diverse cultural, historical, and natural landscape.",61,
باب المزهرية,30.0565166,31.2613649,أخرى,"باب المزهرية is a point of interest in Egypt, contributing to the country's diverse cultural, historical, and natural landscape.",62,
لو مريديان هليوبوليس,30.0913076,31.3363092,إقامة,"لو مريديان هليوبوليس is a hotel and accommodation facility in Egypt, offering lodging services to travelers and tourists visiting the area.",63,
بارون,30.08603,31.33152,إقامة,"بارون is a hotel and accommodation facility in Egypt, offering lodging services to travelers and tourists visiting the area.",64,
المتخف الجيولوجي المصري,29.9961855,31.2287249,ثقافي,"المتخف الجيولوجي المصري is a cultural institution in Egypt that preserves and presents aspects of Egyptian heritage, history, and artistic traditions for visitors and researchers alike.",65,
falluka rides,29.9569275,31.2505059,أخرى,"falluka rides is a point of interest in Egypt, contributing to the country's diverse cultural, historical, and natural landscape.",66,
مسرح الزمالك,30.0615684,31.2189826,أخرى,"مسرح الزمالك is a point of interest in Egypt, contributing to the country's diverse cultural, historical, and natural landscape.",67,
طلعت حرب,30.0476098,31.2384944,ثقافي,تمثال طلعت حرب يحتفي بمؤسس بنك مصر عام 1920 ورائد الاقتصاد الوطني المصري. ناضل من أجل إنشاء صناعة وطنية مستقلة في مواجهة الهيمنة الاقتصادية الأجنبية. يقف التمثال في الميدان المسمى باسمه في وسط القاهرة التجاري.,68,
جراند حيات,30.0348063,31.2276294,إقامة,"جراند حيات is a hotel and accommodation facility in Egypt, offering lodging services to travelers and tourists visiting the area.",69,
Imhotep Temple,29.8692525,31.2173005,تاريخي,"The Imhotep Museum at Saqqara celebrates the genius of Imhotep, the architect of the first pyramid and later deified as a god of medicine. Built near the Step Pyramid complex, it houses remarkable artifacts discovered at Saqqara including gilded mummy masks, canopic jars, and ancient papyri. The museum offers essential context for understanding this pivotal site of Egypt's funerary heritage.",70,180.0
Serapheum,29.8760471,31.2100388,أخرى,"Serapheum is a point of interest in Egypt, contributing to the country's diverse cultural, historical, and natural landscape.",71,
شهرزاد,30.056728,31.2154322,إقامة,"شهرزاد is a hotel and accommodation facility in Egypt, offering lodging services to travelers and tourists visiting the area.",72,
مسرح نجم,30.0385649,31.2108722,أخرى,"مسرح نجم is a point of interest in Egypt, contributing to the country's diverse cultural, historical, and natural landscape.",73,
نيلوميتر,30.0069316,31.2250004,أخرى,"نيلوميتر is a point of interest in Egypt, contributing to the country's diverse cultural, historical, and natural landscape.",74,
Rokn Farouk,29.8470384,31.2948309,ثقافي,"Rokn Farouk is a cultural institution in Egypt that preserves and presents aspects of Egyptian heritage, history, and artistic traditions for visitors and researchers alike.",75,
Wax museum,29.8601958,31.3257085,ثقافي,"Cairo's Wax Museum features life-size wax figures of prominent Egyptian historical and cultural figures including pharaohs, political leaders, artists, and sports personalities. Located in the entertainment district, it offers an interactive way to engage with Egypt's diverse heritage from ancient to modern times.",76,80.0
متحف أم كلثوم,30.0076221,31.2248842,ثقافي,متحف أم كلثوم في جزيرة الروضة بالقاهرة يحتفي بحياة كوكب الشرق أعظم مطربة في تاريخ الموسيقى العربية. يعرض ملابسها الشخصية ونظاراتها الشهيرة وصور نادرة وتسجيلات موسيقية من مسيرتها الممتدة عبر أربعة عقود. يقدم المتحف صورة حية عن الثقافة المصرية الشعبية في القرن العشرين.,77,40.0
فندق بيروت,30.093251,31.3278928,إقامة,"فندق بيروت is a hotel and accommodation facility in Egypt, offering lodging services to travelers and tourists visiting the area.",78,
دلتا الأهرام,29.9913026,31.1370932,إقامة,"دلتا الأهرام is a hotel and accommodation facility in Egypt, offering lodging services to travelers and tourists visiting the area.",79,
أبو جراب,29.9030884,31.1981828,أخرى,"أبو جراب is a point of interest in Egypt, contributing to the country's diverse cultural, historical, and natural landscape.",80,
أهرام أبو صير,29.8960933,31.2055264,تاريخي,أهرام أبو صير is an ancient Egyptian historical site that forms part of Egypt's extraordinary archaeological heritage. The site offers visitors a direct connection to the civilization that built one of the greatest empires of the ancient world.,81,
معبد الشمس,29.8662695,31.2169648,أخرى,"معبد الشمس is an ancient Egyptian temple site representing the country's rich religious and architectural heritage. These sacred spaces served as centers of worship, ritual, and economic activity in the ancient world.",82,
مصطبة مروروكة,29.8833055,31.2166617,أخرى,"مصطبة مروروكة is a point of interest in Egypt, contributing to the country's diverse cultural, historical, and natural landscape.",83,
فندق الأهرامات الثلاثة,29.999636,31.1763862,إقامة,"فندق الأهرامات الثلاثة is a hotel and accommodation facility in Egypt, offering lodging services to travelers and tourists visiting the area.",84,
موفنبيك القاهرة - مدينة الانتاج الاعلامي,29.9632295,31.0207595,إقامة,"موفنبيك القاهرة - مدينة الانتاج الاعلامي is a hotel and accommodation facility in Egypt, offering lodging services to travelers and tourists visiting the area.",85,
ماجيك لاند,29.9617982,31.0242842,أخرى,"ماجيك لاند is a point of interest in Egypt, contributing to the country's diverse cultural, historical, and natural landscape.",86,
Wissa Wassef Art Center,29.9692025,31.176465,ثقافي,"Wissa Wassef Art Center is a cultural institution in Egypt that preserves and presents aspects of Egyptian heritage, history, and artistic traditions for visitors and researchers alike.",87,
نوفوتيل,30.1213508,31.402144,إقامة,"نوفوتيل is a hotel and accommodation facility in Egypt, offering lodging services to travelers and tourists visiting the area.",88,
Pharaohs,30.0422436,31.2185122,إقامة,"Pharaohs is a hotel and accommodation facility in Egypt, offering lodging services to travelers and tourists visiting the area.",89,
قاعة أوبرا المطار,30.1181195,31.3917617,أخرى,"قاعة أوبرا المطار is a point of interest in Egypt, contributing to the country's diverse cultural, historical, and natural landscape.",90,
إبراهيم باشا,30.0507423,31.2470366,أخرى,"إبراهيم باشا is a point of interest in Egypt, contributing to the country's diverse cultural, historical, and natural landscape.",91,
عبد المنعم رياض,30.048721,31.2341946,أخرى,"عبد المنعم رياض is a point of interest in Egypt, contributing to the country's diverse cultural, historical, and natural landscape.",92,
سعد زغلول,30.043433,31.2271103,ثقافي,تمثال سعد زغلول يخلّد ذكرى زعيم الثورة المصرية عام 1919 ورمز الكفاح الوطني ضد الاحتلال البريطاني. قاد سعد زغلول الوفد المصري في مفاوضات الاستقلال وأسّس حزب الوفد الوطني. يُعدّ من أبرز رموز الهوية الوطنية المصرية الحديثة.,93,
تمثال نجيب محفوظ,30.060569,31.2082276,ثقافي,تمثال نجيب محفوظ يُكرّم الروائي المصري الوحيد الحائز على جائزة نوبل للآداب عام 1988. ارتبطت أعماله بأحياء القاهرة التاريخية ولا سيما أرباض القاهرة الفاطمية التي صوّرها في ثلاثيته الشهيرة. يُعدّ نجيب محفوظ صوت الضمير الأدبي للمجتمع المصري في القرن العشرين.,94,
Tombs of 3rd Dynasty,29.8768204,31.2132845,أخرى,Tombs of 3rd Dynasty is an ancient Egyptian historical site that forms part of Egypt's extraordinary archaeological heritage. The site offers visitors a direct connection to the civilization that built one of the greatest empires of the ancient world.,95,
Philosopher's Circle,29.8748295,31.2125335,تاريخي,"The Philosopher's Circle in Alexandria is a unique cultural landmark featuring statues of ancient Greek philosophers and thinkers who studied at or were associated with ancient Alexandria. The circle commemorates the city's golden age as the intellectual capital of the Hellenistic world, home to the Library of Alexandria and the Mouseion research center.",96,
Pyramid of Inének Int,29.8536023,31.2188051,تاريخي,"The pyramid of Inének-Inti at Saqqara is an Old Kingdom pyramid from the 6th Dynasty, built for a queen consort of Pepi I. Though largely ruined today, its burial chamber preserves Pyramid Texts inscribed on the walls, offering valuable insight into ancient Egyptian funerary beliefs and royal rituals.",97,
Pyramid of Ânkhésenpépi II,29.8531752,31.2180183,تاريخي,The pyramid of Ankhesenpepi II at Saqqara dates to the 6th Dynasty and was built for a queen who served as regent for her son Pepi II. The complex includes a mortuary temple and subsidiary pyramids. Its Pyramid Texts represent some of the oldest religious writings in human history.,98,
Pyramid of Ânkhésenpépi III,29.8536735,31.2179984,تاريخي,"The pyramid of Ankhesenpepi III is one of several queens' pyramids located at South Saqqara, dating to the late Old Kingdom 6th Dynasty. The structure, though heavily damaged, forms part of the extensive royal necropolis at Saqqara that spans multiple dynasties.",99,
Safir Hotel,30.0351353,31.213403,إقامة,"Safir Hotel is a hotel and accommodation facility in Egypt, offering lodging services to travelers and tourists visiting the area.",100,
مسجد خاير بك,30.0358707,31.260191,أخرى,مسجد خاير بك is a mosque serving the local Muslim community and representing Egypt's Islamic architectural heritage. Egypt's mosques range from medieval masterpieces to modern places of worship.,101,
جامع ومدرسة أم السلطان شعبان,30.0371528,31.2595924,أخرى,"جامع ومدرسة أم السلطان شعبان is a point of interest in Egypt, contributing to the country's diverse cultural, historical, and natural landscape.",102,
برج السّاعة,30.0294104,31.2592429,أخرى,"برج السّاعة is a point of interest in Egypt, contributing to the country's diverse cultural, historical, and natural landscape.",103,
منزل زينب خاتون,30.0447493,31.2635556,أخرى,"منزل زينب خاتون is a point of interest in Egypt, contributing to the country's diverse cultural, historical, and natural landscape.",104,
منزل الست وسيلة,30.0444643,31.2631809,أخرى,"منزل الست وسيلة is a point of interest in Egypt, contributing to the country's diverse cultural, historical, and natural landscape.",105,
مسجد و مقام بدر الدين العيني,30.0447584,31.2632964,أخرى,مسجد و مقام بدر الدين العيني is a mosque serving the local Muslim community and representing Egypt's Islamic architectural heritage. Egypt's mosques range from medieval masterpieces to modern places of worship.,106,
مدفن سليمان باشا الفرنساوي,30.0096136,31.2285789,تاريخي,مدفن سليمان باشا الفرنساوي is an ancient Egyptian historical site that forms part of Egypt's extraordinary archaeological heritage. The site offers visitors a direct connection to the civilization that built one of the greatest empires of the ancient world.,107,
منزل الهراوى,30.0443461,31.2633034,أخرى,"منزل الهراوى is a point of interest in Egypt, contributing to the country's diverse cultural, historical, and natural landscape.",108,
المدرسة الصالحية,30.0491926,31.2613302,أخرى,"المدرسة الصالحية is a point of interest in Egypt, contributing to the country's diverse cultural, historical, and natural landscape.",109,
Public garden,29.9432957,31.0930256,خارجي وطبيعي,"Public garden is an outdoor natural or recreational area in Egypt, offering visitors the opportunity to experience the country's diverse landscapes from the Nile Valley to the desert and Mediterranean coast.",110,
طيبة روز,30.0751838,31.3377856,إقامة,"طيبة روز is a hotel and accommodation facility in Egypt, offering lodging services to travelers and tourists visiting the area.",111,
جراند طيبة روز هوتيل,30.0767343,31.338719,إقامة,"جراند طيبة روز هوتيل is a hotel and accommodation facility in Egypt, offering lodging services to travelers and tourists visiting the area.",112,
فندق توليب,30.0472868,31.2388287,إقامة,"فندق توليب is a hotel and accommodation facility in Egypt, offering lodging services to travelers and tourists visiting the area.",113,
Select Hotel,30.0512468,31.2433736,إقامة,"Select Hotel is a hotel and accommodation facility in Egypt, offering lodging services to travelers and tourists visiting the area.",114,
Ain Helwan,29.860913,31.324357,خارجي وطبيعي,"Ain Helwan is an outdoor natural or recreational area in Egypt, offering visitors the opportunity to experience the country's diverse landscapes from the Nile Valley to the desert and Mediterranean coast.",115,
Horus House Hotel,30.0637719,31.2192726,إقامة,"Horus House Hotel is a hotel and accommodation facility in Egypt, offering lodging services to travelers and tourists visiting the area.",116,
Sakkara Country Club,29.9140543,31.185601,إقامة,"Sakkara Country Club is a hotel and accommodation facility in Egypt, offering lodging services to travelers and tourists visiting the area.",117,
MUST Opera House,29.9966129,30.9652826,أخرى,"MUST Opera House is a point of interest in Egypt, contributing to the country's diverse cultural, historical, and natural landscape.",118,
Freedom Hostel,30.0482665,31.2425402,إقامة,"Freedom Hostel is a hotel and accommodation facility in Egypt, offering lodging services to travelers and tourists visiting the area.",119,
Art al-lewa,30.0498157,31.1872587,أخرى,"Art al-lewa is a point of interest in Egypt, contributing to the country's diverse cultural, historical, and natural landscape.",120,
King Hotel,30.0409859,31.214383,إقامة,"King Hotel is a hotel and accommodation facility in Egypt, offering lodging services to travelers and tourists visiting the area.",121,
المشربية,30.0439378,31.1999059,ثقافي,"المشربية is a cultural institution in Egypt that preserves and presents aspects of Egyptian heritage, history, and artistic traditions for visitors and researchers alike.",122,
El parque más grande,30.038515,31.26339,خدمات,El parque más grande is a service facility in Egypt that supports visitors and residents in the area.,123,
درب ١٧١٨,30.0029782,31.2318093,أخرى,"درب ١٧١٨ is a point of interest in Egypt, contributing to the country's diverse cultural, historical, and natural landscape.",124,
عروض الذكر الصوفى,30.0457914,31.2609339,أخرى,"عروض الذكر الصوفى is a point of interest in Egypt, contributing to the country's diverse cultural, historical, and natural landscape.",125,
Egyptian Textile Museum,30.049967,31.2613757,ثقافي,"The Egyptian Textile Museum in Cairo's Islamic Quarter is the first museum in the Arab world dedicated entirely to textiles. Located in a restored historic building, it traces the 5,000-year history of Egyptian textile production from pharaonic linen to Islamic tapestries and Coptic weavings. The collection includes rare Fatimid-era tiraz fabrics and royal garments.",126,80.0
محطة جراج هيئة النقل العام بجسر السويس,30.1273058,31.3637088,أخرى,"محطة جراج هيئة النقل العام بجسر السويس is a point of interest in Egypt, contributing to the country's diverse cultural, historical, and natural landscape.",127,
شيراتون دريم لاند,29.9651096,31.0212474,إقامة,"شيراتون دريم لاند is a hotel and accommodation facility in Egypt, offering lodging services to travelers and tourists visiting the area.",128,
تمثال اتحاد الكاف,29.9955542,30.9625645,أخرى,"تمثال اتحاد الكاف is a point of interest in Egypt, contributing to the country's diverse cultural, historical, and natural landscape.",129,
التمثال,29.9943761,30.9598207,أخرى,"التمثال is a point of interest in Egypt, contributing to the country's diverse cultural, historical, and natural landscape.",130,
Tiap Hous,30.0416081,31.2140328,إقامة,"Tiap Hous is a hotel and accommodation facility in Egypt, offering lodging services to travelers and tourists visiting the area.",131,
Nouran,30.0400118,31.2141061,إقامة,"Nouran is a hotel and accommodation facility in Egypt, offering lodging services to travelers and tourists visiting the area.",132,
Wake Up Cairo Hostel,30.0504314,31.2359592,إقامة,"Wake Up Cairo Hostel is a hotel and accommodation facility in Egypt, offering lodging services to travelers and tourists visiting the area.",133,
Isis Garden Camp,29.9628586,31.159491,إقامة,"Isis Garden Camp is a hotel and accommodation facility in Egypt, offering lodging services to travelers and tourists visiting the area.",134,
Talaat Harb Culture Center,30.0238453,31.2524145,ثقافي,"Talaat Harb Culture Center is a cultural institution in Egypt that preserves and presents aspects of Egyptian heritage, history, and artistic traditions for visitors and researchers alike.",135,
Arabian Nights,30.0486398,31.2672675,إقامة,"Arabian Nights is a hotel and accommodation facility in Egypt, offering lodging services to travelers and tourists visiting the area.",136,
Le Méridien Cairo Airport,30.1137185,31.3953464,إقامة,"Le Méridien Cairo Airport is a hotel and accommodation facility in Egypt, offering lodging services to travelers and tourists visiting the area.",137,
Golden Tulip Hotel October,29.9481384,31.0530119,إقامة,"Golden Tulip Hotel October is a hotel and accommodation facility in Egypt, offering lodging services to travelers and tourists visiting the area.",138,
المريوطية,30.0697,31.2019873,ثقافي,"المريوطية is a cultural institution in Egypt that preserves and presents aspects of Egyptian heritage, history, and artistic traditions for visitors and researchers alike.",139,
شبرا,30.0784996,31.2433049,ثقافي,"شبرا is a cultural institution in Egypt that preserves and presents aspects of Egyptian heritage, history, and artistic traditions for visitors and researchers alike.",140,
Ahmed Mido,30.0786802,31.2434138,ثقافي,"Ahmed Mido is a cultural institution in Egypt that preserves and presents aspects of Egyptian heritage, history, and artistic traditions for visitors and researchers alike.",141,
Mohamed Fares,29.8434547,31.340682,أخرى,"Mohamed Fares is a point of interest in Egypt, contributing to the country's diverse cultural, historical, and natural landscape.",142,
كورنيش المقطم,30.0161162,31.2757109,أخرى,"كورنيش المقطم is a point of interest in Egypt, contributing to the country's diverse cultural, historical, and natural landscape.",143,
خان الخليلي و ش الحسين,30.047772,31.261014,ثقافي,"خان الخليلي و ش الحسين is a cultural institution in Egypt that preserves and presents aspects of Egyptian heritage, history, and artistic traditions for visitors and researchers alike.",144,
تلة الهضبة الحديق الاهرام,29.9698056,31.1073204,أخرى,"تلة الهضبة الحديق الاهرام is a point of interest in Egypt, contributing to the country's diverse cultural, historical, and natural landscape.",145,
المهندس عماد وافدى,29.9604756,31.3026253,أخرى,"المهندس عماد وافدى is a point of interest in Egypt, contributing to the country's diverse cultural, historical, and natural landscape.",146,
star plaza guest house,30.0391947,31.2055397,إقامة,"star plaza guest house is a hotel and accommodation facility in Egypt, offering lodging services to travelers and tourists visiting the area.",147,
7ay l 10,30.0491881,31.3790205,أخرى,"7ay l 10 is a point of interest in Egypt, contributing to the country's diverse cultural, historical, and natural landscape.",148,
Mohamed Awad,29.9965768,31.2941209,أخرى,"Mohamed Awad is a point of interest in Egypt, contributing to the country's diverse cultural, historical, and natural landscape.",149,
دار الدفاع الجوي,30.0759354,31.3379696,إقامة,"دار الدفاع الجوي is a hotel and accommodation facility in Egypt, offering lodging services to travelers and tourists visiting the area.",150,
Home,30.0421271,31.2420527,أخرى,"Home is a point of interest in Egypt, contributing to the country's diverse cultural, historical, and natural landscape.",151,
الحرفين,30.1495446,31.3998012,أخرى,"الحرفين is a point of interest in Egypt, contributing to the country's diverse cultural, historical, and natural landscape.",152,
الشغل,30.0852714,31.3379249,إقامة,"الشغل is a hotel and accommodation facility in Egypt, offering lodging services to travelers and tourists visiting the area.",153,
Essam,29.9929986,31.1886279,أخرى,"Essam is a point of interest in Egypt, contributing to the country's diverse cultural, historical, and natural landscape.",154,
فندق سيف,30.0457924,31.4022272,إقامة,"فندق سيف is a hotel and accommodation facility in Egypt, offering lodging services to travelers and tourists visiting the area.",155,
المنزل - أكتوبر,29.9518724,30.9213208,ثقافي,"المنزل - أكتوبر is a cultural institution in Egypt that preserves and presents aspects of Egyptian heritage, history, and artistic traditions for visitors and researchers alike.",156,
احمد التهامى,29.956172,30.9387407,أخرى,"احمد التهامى is a point of interest in Egypt, contributing to the country's diverse cultural, historical, and natural landscape.",157,
My home,30.0930635,31.1797531,إقامة,"My home is a hotel and accommodation facility in Egypt, offering lodging services to travelers and tourists visiting the area.",158,
Arch Valley CNC company,29.9449937,31.0486152,ثقافي,"Arch Valley CNC company is a cultural institution in Egypt that preserves and presents aspects of Egyptian heritage, history, and artistic traditions for visitors and researchers alike.",159,
Home,30.1040924,31.3174194,إقامة,"Home is a hotel and accommodation facility in Egypt, offering lodging services to travelers and tourists visiting the area.",160,
برج الدوحه 11 ش دجله,30.047909,31.1954244,أخرى,"برج الدوحه 11 ش دجله is a point of interest in Egypt, contributing to the country's diverse cultural, historical, and natural landscape.",161,
29 ش دجله,30.0500891,31.1973704,أخرى,"29 ش دجله is a point of interest in Egypt, contributing to the country's diverse cultural, historical, and natural landscape.",162,
ايجوث,30.0476021,31.2450357,ثقافي,"ايجوث is a cultural institution in Egypt that preserves and presents aspects of Egyptian heritage, history, and artistic traditions for visitors and researchers alike.",163,
تلة المقطم,30.0146046,31.2766469,أخرى,"تلة المقطم is a point of interest in Egypt, contributing to the country's diverse cultural, historical, and natural landscape.",164,
وسط البلد,30.0887612,31.2898195,أخرى,"وسط البلد is a point of interest in Egypt, contributing to the country's diverse cultural, historical, and natural landscape.",165,
Horus Eye Hostel,30.0493881,31.2416487,أخرى,"Horus Eye Hostel is a point of interest in Egypt, contributing to the country's diverse cultural, historical, and natural landscape.",166,
Coffee shop meeting place,30.0479282,31.2615444,أخرى,"Coffee shop meeting place is a point of interest in Egypt, contributing to the country's diverse cultural, historical, and natural landscape.",167,
اشرف,30.1293965,31.2740908,إقامة,"اشرف is a hotel and accommodation facility in Egypt, offering lodging services to travelers and tourists visiting the area.",168,
كشك ميسي,30.0466533,31.2172707,أخرى,"كشك ميسي is a point of interest in Egypt, contributing to the country's diverse cultural, historical, and natural landscape.",169,
كومباوند الكرمه ريزيدنس مصر,30.0517604,30.9588135,أخرى,"كومباوند الكرمه ريزيدنس مصر is a point of interest in Egypt, contributing to the country's diverse cultural, historical, and natural landscape.",170,
Memar Almorshedy,29.985867,31.3212088,إقامة,"Memar Almorshedy is a hotel and accommodation facility in Egypt, offering lodging services to travelers and tourists visiting the area.",171,
Ramosa Guesthouse,29.9725122,31.1431362,أخرى,"Ramosa Guesthouse is a point of interest in Egypt, contributing to the country's diverse cultural, historical, and natural landscape.",172,
نبيل سمير,30.152013,31.3162418,أخرى,"نبيل سمير is a point of interest in Egypt, contributing to the country's diverse cultural, historical, and natural landscape.",173,
Mozart,30.0538978,31.1980511,ثقافي,"Mozart is a cultural institution in Egypt that preserves and presents aspects of Egyptian heritage, history, and artistic traditions for visitors and researchers alike.",174,
ميدان الإسماعيلية,30.0964749,31.3345308,أخرى,"ميدان الإسماعيلية is a point of interest in Egypt, contributing to the country's diverse cultural, historical, and natural landscape.",175,
ميدان سفير,30.0977231,31.3384234,أخرى,"ميدان سفير is a point of interest in Egypt, contributing to the country's diverse cultural, historical, and natural landscape.",176,
أيمن سمير,30.143584,31.3122157,أخرى,"أيمن سمير is a point of interest in Egypt, contributing to the country's diverse cultural, historical, and natural landscape.",177,
بتروتريد,29.9777086,31.2784966,ثقافي,"بتروتريد is a cultural institution in Egypt that preserves and presents aspects of Egyptian heritage, history, and artistic traditions for visitors and researchers alike.",178,
عمارة باناسونيك,30.0935847,31.2363292,أخرى,"عمارة باناسونيك is a point of interest in Egypt, contributing to the country's diverse cultural, historical, and natural landscape.",179,
المصرية الالمانية للتجارة والطاقة الشمسية,29.9676708,31.14677,خدمات,المصرية الالمانية للتجارة والطاقة الشمسية is a service facility in Egypt that supports visitors and residents in the area.,180,
مستشفى ناصر,30.0965672,31.2406548,ثقافي,"مستشفى ناصر is a cultural institution in Egypt that preserves and presents aspects of Egyptian heritage, history, and artistic traditions for visitors and researchers alike.",181,
مترو دقي,30.0386086,31.2122581,ثقافي,"مترو دقي is a cultural institution in Egypt that preserves and presents aspects of Egyptian heritage, history, and artistic traditions for visitors and researchers alike.",182,
مترو بنات,30.0904104,31.3081285,أخرى,"مترو بنات is a point of interest in Egypt, contributing to the country's diverse cultural, historical, and natural landscape.",183,
رمسيس,30.0616901,31.2470284,ثقافي,"رمسيس is a cultural institution in Egypt that preserves and presents aspects of Egyptian heritage, history, and artistic traditions for visitors and researchers alike.",184,
العتبة,30.0509915,31.2499736,ثقافي,"العتبة is a cultural institution in Egypt that preserves and presents aspects of Egyptian heritage, history, and artistic traditions for visitors and researchers alike.",185,
موقف العاشر,30.0487931,31.378874,ثقافي,"موقف العاشر is a cultural institution in Egypt that preserves and presents aspects of Egyptian heritage, history, and artistic traditions for visitors and researchers alike.",186,
التعليم الخاص,30.0380547,31.3413567,ثقافي,"التعليم الخاص is a cultural institution in Egypt that preserves and presents aspects of Egyptian heritage, history, and artistic traditions for visitors and researchers alike.",187,
العودة,30.0532485,31.342352,ثقافي,"العودة is a cultural institution in Egypt that preserves and presents aspects of Egyptian heritage, history, and artistic traditions for visitors and researchers alike.",188,
مركز الفتح,29.9633978,31.2582621,ثقافي,"مركز الفتح is a cultural institution in Egypt that preserves and presents aspects of Egyptian heritage, history, and artistic traditions for visitors and researchers alike.",189,
مصاري,30.0450738,31.2401143,ثقافي,"مصاري is a cultural institution in Egypt that preserves and presents aspects of Egyptian heritage, history, and artistic traditions for visitors and researchers alike.",190,
محل اواعي,30.0508375,31.2424482,ثقافي,"محل اواعي is a cultural institution in Egypt that preserves and presents aspects of Egyptian heritage, history, and artistic traditions for visitors and researchers alike.",191,
عمارتنا,30.076318,31.3359479,إقامة,"عمارتنا is a hotel and accommodation facility in Egypt, offering lodging services to travelers and tourists visiting the area.",192,
دقي,30.0389658,31.2099693,ثقافي,"دقي is a cultural institution in Egypt that preserves and presents aspects of Egyptian heritage, history, and artistic traditions for visitors and researchers alike.",193,
تركترون,30.0461664,31.3547934,ثقافي,"تركترون is a cultural institution in Egypt that preserves and presents aspects of Egyptian heritage, history, and artistic traditions for visitors and researchers alike.",194,
اول الشارع,30.0684326,31.3363238,ثقافي,"اول الشارع is a cultural institution in Egypt that preserves and presents aspects of Egyptian heritage, history, and artistic traditions for visitors and researchers alike.",195,
سراج مول,30.0512224,31.3501105,ثقافي,"سراج مول is a cultural institution in Egypt that preserves and presents aspects of Egyptian heritage, history, and artistic traditions for visitors and researchers alike.",196,
هوندا,30.0169758,31.2290052,ثقافي,"هوندا is a cultural institution in Egypt that preserves and presents aspects of Egyptian heritage, history, and artistic traditions for visitors and researchers alike.",197,
Regent House Hotel,30.048999,31.2396366,إقامة,"Regent House Hotel is a hotel and accommodation facility in Egypt, offering lodging services to travelers and tourists visiting the area.",198,
شركه رفتراك مصر للتبريد,30.1389147,31.3968,أخرى,"شركه رفتراك مصر للتبريد is a point of interest in Egypt, contributing to the country's diverse cultural, historical, and natural landscape.",199,
Home,30.1282121,31.3149373,أخرى,"Home is a point of interest in Egypt, contributing to the country's diverse cultural, historical, and natural landscape.",200,
درس الرياضه,29.982908,31.1507764,أخرى,"درس الرياضه is a point of interest in Egypt, contributing to the country's diverse cultural, historical, and natural landscape.",201,
رسم زجاج و اركت وكروشية,30.0531415,30.9880123,ثقافي,"رسم زجاج و اركت وكروشية is a cultural institution in Egypt that preserves and presents aspects of Egyptian heritage, history, and artistic traditions for visitors and researchers alike.",202,
نفق صلاح سالم,30.0470808,31.2711387,خدمات,نفق صلاح سالم is a service facility in Egypt that supports visitors and residents in the area.,203,
شركة إيواي للسياحة,30.1068587,31.3266973,ثقافي,"شركة إيواي للسياحة is a cultural institution in Egypt that preserves and presents aspects of Egyptian heritage, history, and artistic traditions for visitors and researchers alike.",204,
No name,30.1189384,31.3063474,أخرى,"No name is a point of interest in Egypt, contributing to the country's diverse cultural, historical, and natural landscape.",205,
القبيصي,30.0465511,31.260363,أخرى,"القبيصي is a point of interest in Egypt, contributing to the country's diverse cultural, historical, and natural landscape.",206,
Arabeya Apartments,30.0666781,31.2087436,أخرى,"Arabeya Apartments is a point of interest in Egypt, contributing to the country's diverse cultural, historical, and natural landscape.",207,
نفق الامير,30.1633454,31.3166634,أخرى,"نفق الامير is a point of interest in Egypt, contributing to the country's diverse cultural, historical, and natural landscape.",208,
سيف جيمز,30.1236967,31.3213429,أخرى,"سيف جيمز is a point of interest in Egypt, contributing to the country's diverse cultural, historical, and natural landscape.",209,
Photo point of Pyramids,29.9688067,31.1265741,أخرى,Photo point of Pyramids is an ancient Egyptian historical site that forms part of Egypt's extraordinary archaeological heritage. The site offers visitors a direct connection to the civilization that built one of the greatest empires of the ancient world.,210,
آثار عين شمس . مدينة اون القديمة .,30.1260972,31.3192333,أخرى,"آثار عين شمس . مدينة اون القديمة . is a point of interest in Egypt, contributing to the country's diverse cultural, historical, and natural landscape.",211,
بيت ايهاب,29.9877088,31.2762305,أخرى,"بيت ايهاب is a point of interest in Egypt, contributing to the country's diverse cultural, historical, and natural landscape.",212,
النزهة 2,30.1372582,31.3704718,أخرى,"النزهة 2 is a point of interest in Egypt, contributing to the country's diverse cultural, historical, and natural landscape.",213,
مدفن بابا,29.8508217,31.4124117,أخرى,"مدفن بابا is a point of interest in Egypt, contributing to the country's diverse cultural, historical, and natural landscape.",214,
سنتر ايليت,30.060006,31.349513,أخرى,"سنتر ايليت is a point of interest in Egypt, contributing to the country's diverse cultural, historical, and natural landscape.",215,
49 Amman Street,30.0411108,31.2042596,أخرى,"49 Amman Street is a point of interest in Egypt, contributing to the country's diverse cultural, historical, and natural landscape.",216,
HolydIes,30.059221,31.2074897,إقامة,"HolydIes is a hotel and accommodation facility in Egypt, offering lodging services to travelers and tourists visiting the area.",217,
كهروميكا,30.0364304,31.2177982,ثقافي,"كهروميكا is a cultural institution in Egypt that preserves and presents aspects of Egyptian heritage, history, and artistic traditions for visitors and researchers alike.",218,
عماد بكري,30.0916178,31.3242652,إقامة,"عماد بكري is a hotel and accommodation facility in Egypt, offering lodging services to travelers and tourists visiting the area.",219,
نسرين,30.0680542,31.3686849,أخرى,"نسرين is a point of interest in Egypt, contributing to the country's diverse cultural, historical, and natural landscape.",220,
دار المركبات,30.0648749,31.2878045,إقامة,"دار المركبات is a hotel and accommodation facility in Egypt, offering lodging services to travelers and tourists visiting the area.",221,
منزل رمضان الاغا الفلسطينى,30.044342,31.2135852,إقامة,"منزل رمضان الاغا الفلسطينى is a hotel and accommodation facility in Egypt, offering lodging services to travelers and tourists visiting the area.",222,
فيلا عمر عزب,29.9815223,30.9853289,أخرى,"فيلا عمر عزب is a point of interest in Egypt, contributing to the country's diverse cultural, historical, and natural landscape.",223,
كوبري قصر النيل,30.0436895,31.2298343,أخرى,"كوبري قصر النيل is a point of interest in Egypt, contributing to the country's diverse cultural, historical, and natural landscape.",224,
فلتس,30.0897064,31.2741852,أخرى,"فلتس is a point of interest in Egypt, contributing to the country's diverse cultural, historical, and natural landscape.",225,
فندق لاڤي,30.0525959,31.2418231,إقامة,"فندق لاڤي is a hotel and accommodation facility in Egypt, offering lodging services to travelers and tourists visiting the area.",226,
Lavie Hotel,30.0526148,31.241769,إقامة,"Lavie Hotel is a hotel and accommodation facility in Egypt, offering lodging services to travelers and tourists visiting the area.",227,
لي لي,30.0525168,31.2424756,إقامة,"لي لي is a hotel and accommodation facility in Egypt, offering lodging services to travelers and tourists visiting the area.",228,
شركة وسط المدينة للتسويق العقارى و التشطيبات الداخلية,29.979209,31.3152894,ثقافي,"شركة وسط المدينة للتسويق العقارى و التشطيبات الداخلية is a cultural institution in Egypt that preserves and presents aspects of Egyptian heritage, history, and artistic traditions for visitors and researchers alike.",229,
عبدالله الكويتي,30.0214653,30.9783523,أخرى,"عبدالله الكويتي is a point of interest in Egypt, contributing to the country's diverse cultural, historical, and natural landscape.",230,
فيلا سلطانة,29.9539582,31.1783008,أخرى,"فيلا سلطانة is a point of interest in Egypt, contributing to the country's diverse cultural, historical, and natural landscape.",231,
Unfinished Northern Pyramid of Zawyet El Aryan,29.9401222,31.151556,تاريخي,Unfinished Northern Pyramid of Zawyet El Aryan is an ancient Egyptian historical site that forms part of Egypt's extraordinary archaeological heritage. The site offers visitors a direct connection to the civilization that built one of the greatest empires of the ancient world.,232,
Double Pyramid,29.89306,31.20306,تاريخي,Double Pyramid is an ancient Egyptian historical site that forms part of Egypt's extraordinary archaeological heritage. The site offers visitors a direct connection to the civilization that built one of the greatest empires of the ancient world.,233,
Lepsius XXIV,29.893528,31.202861,تاريخي,Lepsius XXIV is an ancient Egyptian historical site that forms part of Egypt's extraordinary archaeological heritage. The site offers visitors a direct connection to the civilization that built one of the greatest empires of the ancient world.,234,
Pyramid of Khentkaus II,29.894139,31.2025,تاريخي,Pyramid of Khentkaus II is an ancient Egyptian historical site that forms part of Egypt's extraordinary archaeological heritage. The site offers visitors a direct connection to the civilization that built one of the greatest empires of the ancient world.,235,
Unfinished Pyramid of Abusir,29.89861,31.20167,أخرى,Unfinished Pyramid of Abusir is an ancient Egyptian historical site that forms part of Egypt's extraordinary archaeological heritage. The site offers visitors a direct connection to the civilization that built one of the greatest empires of the ancient world.,236,
Qakare Ibi,29.84167,31.21778,أخرى,"Qakare Ibi is a point of interest in Egypt, contributing to the country's diverse cultural, historical, and natural landscape.",237,
Pyramid of Reherishefnakht,29.85389,31.21778,تاريخي,Pyramid of Reherishefnakht is an ancient Egyptian historical site that forms part of Egypt's extraordinary archaeological heritage. The site offers visitors a direct connection to the civilization that built one of the greatest empires of the ancient world.,238,
Layer Pyramid,29.93282,31.161262,تاريخي,Layer Pyramid is an ancient Egyptian historical site that forms part of Egypt's extraordinary archaeological heritage. The site offers visitors a direct connection to the civilization that built one of the greatest empires of the ancient world.,239,
شركة عقارات السخنة الحاج فاروق يوم الثلاثاء,30.0595928,31.2002796,خدمات,شركة عقارات السخنة الحاج فاروق يوم الثلاثاء is a service facility in Egypt that supports visitors and residents in the area.,240,
المجموعة ٢,30.0796697,31.4048892,ثقافي,"المجموعة ٢ is a cultural institution in Egypt that preserves and presents aspects of Egyptian heritage, history, and artistic traditions for visitors and researchers alike.",241,
STAR INK,29.9543832,31.2592845,ثقافي,"STAR INK is a cultural institution in Egypt that preserves and presents aspects of Egyptian heritage, history, and artistic traditions for visitors and researchers alike.",242,
منزلي مصر,30.0446059,31.197698,إقامة,"منزلي مصر is a hotel and accommodation facility in Egypt, offering lodging services to travelers and tourists visiting the area.",243,
الميدان المركزي للمصاطب والمقابر الصخرية,29.973947,31.1380005,أخرى,"الميدان المركزي للمصاطب والمقابر الصخرية is a point of interest in Egypt, contributing to the country's diverse cultural, historical, and natural landscape.",244,
Southern field of mainly rock cut tombs,29.9689654,31.1398941,أخرى,Southern field of mainly rock cut tombs is an ancient Egyptian historical site that forms part of Egypt's extraordinary archaeological heritage. The site offers visitors a direct connection to the civilization that built one of the greatest empires of the ancient world.,245,
Mastabas and rock cut tombs,29.9743792,31.1346424,أخرى,Mastabas and rock cut tombs is an ancient Egyptian historical site that forms part of Egypt's extraordinary archaeological heritage. The site offers visitors a direct connection to the civilization that built one of the greatest empires of the ancient world.,246,
مصاطب,29.9775172,31.1351815,أخرى,"مصاطب is a point of interest in Egypt, contributing to the country's diverse cultural, historical, and natural landscape.",247,
المقبرة الغربية,29.9799042,31.1309892,أخرى,"المقبرة الغربية is a point of interest in Egypt, contributing to the country's diverse cultural, historical, and natural landscape.",248,
منزل اسماعيل,30.043608,31.1977483,أخرى,"منزل اسماعيل is a point of interest in Egypt, contributing to the country's diverse cultural, historical, and natural landscape.",249,
منزل محمد شافعي,30.1036095,31.3111485,أخرى,"منزل محمد شافعي is a point of interest in Egypt, contributing to the country's diverse cultural, historical, and natural landscape.",250,
Work,29.9855985,31.3046659,ثقافي,"Work is a cultural institution in Egypt that preserves and presents aspects of Egyptian heritage, history, and artistic traditions for visitors and researchers alike.",251,
Pyramids Inn Hostel,29.9681218,31.146174,إقامة,"Pyramids Inn Hostel is a hotel and accommodation facility in Egypt, offering lodging services to travelers and tourists visiting the area.",252,
برج الفردوس,30.0611398,31.1926622,أخرى,"برج الفردوس is a point of interest in Egypt, contributing to the country's diverse cultural, historical, and natural landscape.",253,
جمعية فنادق الشباب المصري,30.0275393,31.2243921,إقامة,"جمعية فنادق الشباب المصري is a hotel and accommodation facility in Egypt, offering lodging services to travelers and tourists visiting the area.",254,
تمثال قصر النيل,30.0439664,31.231621,أخرى,"تمثال قصر النيل is a point of interest in Egypt, contributing to the country's diverse cultural, historical, and natural landscape.",255,
Carrefour MAADI,29.9822264,31.3161741,أخرى,"Carrefour MAADI is a point of interest in Egypt, contributing to the country's diverse cultural, historical, and natural landscape.",256,
عمارة ٥٤,30.060033,31.3622308,أخرى,"عمارة ٥٤ is a point of interest in Egypt, contributing to the country's diverse cultural, historical, and natural landscape.",257,
الحى السادس مدينة نصر,30.0506511,31.3119196,أخرى,"الحى السادس مدينة نصر is a point of interest in Egypt, contributing to the country's diverse cultural, historical, and natural landscape.",258,
الحى السابع مدينة نصر,30.0521637,31.3270502,أخرى,"الحى السابع مدينة نصر is a point of interest in Egypt, contributing to the country's diverse cultural, historical, and natural landscape.",259,
دار الحرب الالكترونية,30.0700302,31.3477733,أخرى,"دار الحرب الالكترونية is a point of interest in Egypt, contributing to the country's diverse cultural, historical, and natural landscape.",260,
Cairo Photography Club,29.959,31.257741,أخرى,"Cairo Photography Club is a point of interest in Egypt, contributing to the country's diverse cultural, historical, and natural landscape.",261,
Fisher Boats,29.9982082,31.2254095,أخرى,"Fisher Boats is a point of interest in Egypt, contributing to the country's diverse cultural, historical, and natural landscape.",262,
Fisher Boats,29.9957645,31.2257365,أخرى,"Fisher Boats is a point of interest in Egypt, contributing to the country's diverse cultural, historical, and natural landscape.",263,
دار مناسبات مسجد الشرطة,30.0520993,31.2762919,أخرى,دار مناسبات مسجد الشرطة is a mosque serving the local Muslim community and representing Egypt's Islamic architectural heritage. Egypt's mosques range from medieval masterpieces to modern places of worship.,264,
توتال,29.9952593,31.1632697,أخرى,"توتال is a point of interest in Egypt, contributing to the country's diverse cultural, historical, and natural landscape.",265,
توتال,29.9913287,31.1380117,أخرى,"توتال is a point of interest in Egypt, contributing to the country's diverse cultural, historical, and natural landscape.",266,
أم كلثوم,30.0640916,31.2157202,ثقافي,"أم كلثوم is a cultural institution in Egypt that preserves and presents aspects of Egyptian heritage, history, and artistic traditions for visitors and researchers alike.",267,
جامعة القاهرة,30.0287374,31.207713,ثقافي,"جامعة القاهرة is a cultural institution in Egypt that preserves and presents aspects of Egyptian heritage, history, and artistic traditions for visitors and researchers alike.",268,
العودة,30.066004,31.1743549,ثقافي,"العودة is a cultural institution in Egypt that preserves and presents aspects of Egyptian heritage, history, and artistic traditions for visitors and researchers alike.",269,
Mogamma Nasr El Din,30.011417,31.205376,أخرى,"Mogamma Nasr El Din is a point of interest in Egypt, contributing to the country's diverse cultural, historical, and natural landscape.",270,
Sasa Sakr Quraish,29.9861423,31.291293,أخرى,"Sasa Sakr Quraish is a point of interest in Egypt, contributing to the country's diverse cultural, historical, and natural landscape.",271,
Apple,29.9547,31.0038741,ثقافي,"Apple is a cultural institution in Egypt that preserves and presents aspects of Egyptian heritage, history, and artistic traditions for visitors and researchers alike.",272,
بيت العائلة (شبرا),30.086049,31.2411664,أخرى,"بيت العائلة (شبرا) is a point of interest in Egypt, contributing to the country's diverse cultural, historical, and natural landscape.",273,
التبة,30.0608498,31.3779325,أخرى,"التبة is a point of interest in Egypt, contributing to the country's diverse cultural, historical, and natural landscape.",274,
Tiba Pyramids Hotel,29.9865912,31.1414737,إقامة,"Tiba Pyramids Hotel is a hotel and accommodation facility in Egypt, offering lodging services to travelers and tourists visiting the area.",275,
بداية طريق شبرا بنها الجديد,30.1496727,31.2577607,أخرى,"بداية طريق شبرا بنها الجديد is a point of interest in Egypt, contributing to the country's diverse cultural, historical, and natural landscape.",276,
Teleperformance - City Walk,30.0164661,31.3882026,أخرى,"Teleperformance - City Walk is a point of interest in Egypt, contributing to the country's diverse cultural, historical, and natural landscape.",277,
تحت الكوبري للعبور للجهة المقابلة,30.093321,31.3386382,أخرى,"تحت الكوبري للعبور للجهة المقابلة is a point of interest in Egypt, contributing to the country's diverse cultural, historical, and natural landscape.",278,
برج النواوى السكنى,30.0858049,31.2906424,أخرى,"برج النواوى السكنى is a point of interest in Egypt, contributing to the country's diverse cultural, historical, and natural landscape.",279,
Home,30.0373688,31.1971163,أخرى,"Home is a point of interest in Egypt, contributing to the country's diverse cultural, historical, and natural landscape.",280,
مكتب المحامي,30.0036873,31.173352,ثقافي,"مكتب المحامي is a cultural institution in Egypt that preserves and presents aspects of Egyptian heritage, history, and artistic traditions for visitors and researchers alike.",281,
سيراميكا الامل,30.1391423,31.3375209,أخرى,"سيراميكا الامل is a point of interest in Egypt, contributing to the country's diverse cultural, historical, and natural landscape.",282,
Main Entrance Gate,30.0169542,31.3897913,أخرى,"Main Entrance Gate is a point of interest in Egypt, contributing to the country's diverse cultural, historical, and natural landscape.",283,
مسجد صبحي حسين,30.0000041,31.3308456,أخرى,مسجد صبحي حسين is a mosque serving the local Muslim community and representing Egypt's Islamic architectural heritage. Egypt's mosques range from medieval masterpieces to modern places of worship.,284,
ملعب دار المدفعية,30.0804071,31.3520795,أخرى,"ملعب دار المدفعية is a point of interest in Egypt, contributing to the country's diverse cultural, historical, and natural landscape.",285,
فندق ميركور,29.986834,31.1337285,إقامة,"فندق ميركور is a hotel and accommodation facility in Egypt, offering lodging services to travelers and tourists visiting the area.",286,
أبراج الصفا و المروة,29.9901734,31.1621553,أخرى,"أبراج الصفا و المروة is a point of interest in Egypt, contributing to the country's diverse cultural, historical, and natural landscape.",287,
Cheops Pyramid In,29.9758937,31.141299,إقامة,"Cheops Pyramid In is a hotel and accommodation facility in Egypt, offering lodging services to travelers and tourists visiting the area.",288,
Magic House,29.9807791,31.1380728,أخرى,"Magic House is a point of interest in Egypt, contributing to the country's diverse cultural, historical, and natural landscape.",289,
اسراء,30.0453697,31.3890265,أخرى,"اسراء is a point of interest in Egypt, contributing to the country's diverse cultural, historical, and natural landscape.",290,
الشقة,30.0652102,31.2036454,إقامة,"الشقة is a hotel and accommodation facility in Egypt, offering lodging services to travelers and tourists visiting the area.",291,
شركة سيما للمواد الغذائية,29.9726675,31.1635427,ثقافي,"شركة سيما للمواد الغذائية is a cultural institution in Egypt that preserves and presents aspects of Egyptian heritage, history, and artistic traditions for visitors and researchers alike.",292,
جولف ريزيدانس,29.893926,31.0627504,أخرى,"جولف ريزيدانس is a point of interest in Egypt, contributing to the country's diverse cultural, historical, and natural landscape.",293,
بيروت,30.0932549,31.3278123,إقامة,"بيروت is a hotel and accommodation facility in Egypt, offering lodging services to travelers and tourists visiting the area.",294,
عمارات رسلان,29.9994122,31.1882062,أخرى,"عمارات رسلان is a point of interest in Egypt, contributing to the country's diverse cultural, historical, and natural landscape.",295,
Leith ibn saud mosque,30.0076121,31.2577156,أخرى,Leith ibn saud mosque is a mosque serving the local Muslim community and representing Egypt's Islamic architectural heritage. Egypt's mosques range from medieval masterpieces to modern places of worship.,296,
مدينة البعوث الإسلامية,30.0560281,31.2778145,أخرى,"مدينة البعوث الإسلامية is a point of interest in Egypt, contributing to the country's diverse cultural, historical, and natural landscape.",297,
كفر سندوة,30.2733884,31.313851,أخرى,"كفر سندوة is a point of interest in Egypt, contributing to the country's diverse cultural, historical, and natural landscape.",298,
كفر سندوة,30.2737313,31.3141836,أخرى,"كفر سندوة is a point of interest in Egypt, contributing to the country's diverse cultural, historical, and natural landscape.",299,
شقتي في القاهرة,30.053749,31.1953219,أخرى,"شقتي في القاهرة is a point of interest in Egypt, contributing to the country's diverse cultural, historical, and natural landscape.",300,
مكتب محمد سمير,30.111492,31.3516642,أخرى,"مكتب محمد سمير is a point of interest in Egypt, contributing to the country's diverse cultural, historical, and natural landscape.",301,
نرجس,30.0373982,31.2409102,أخرى,"نرجس is a point of interest in Egypt, contributing to the country's diverse cultural, historical, and natural landscape.",302,
My new home,30.0668366,30.9478739,أخرى,"My new home is a point of interest in Egypt, contributing to the country's diverse cultural, historical, and natural landscape.",303,
حسن ابوريه,29.9991377,31.1882398,أخرى,"حسن ابوريه is a point of interest in Egypt, contributing to the country's diverse cultural, historical, and natural landscape.",304,
Awsan,30.0478824,31.1903906,أخرى,"Awsan is a point of interest in Egypt, contributing to the country's diverse cultural, historical, and natural landscape.",305,
home,30.0693622,31.2409944,أخرى,"home is a point of interest in Egypt, contributing to the country's diverse cultural, historical, and natural landscape.",306,
captain ashraf taher home,30.1079842,31.3428974,أخرى,"captain ashraf taher home is a point of interest in Egypt, contributing to the country's diverse cultural, historical, and natural landscape.",307,
Cairo home,30.0750677,30.9812816,أخرى,"Cairo home is a point of interest in Egypt, contributing to the country's diverse cultural, historical, and natural landscape.",308,
pyramids family inn,29.9775111,31.1437447,إقامة,"pyramids family inn is a hotel and accommodation facility in Egypt, offering lodging services to travelers and tourists visiting the area.",309,
pyramids Overlook Inn,29.975786,31.1403401,إقامة,"pyramids Overlook Inn is a hotel and accommodation facility in Egypt, offering lodging services to travelers and tourists visiting the area.",310,
Golden Carven Hotel,30.0880091,31.3388201,إقامة,"Golden Carven Hotel is a hotel and accommodation facility in Egypt, offering lodging services to travelers and tourists visiting the area.",311,
المنزل - جوي,30.039252,31.2473146,أخرى,"المنزل - جوي is a point of interest in Egypt, contributing to the country's diverse cultural, historical, and natural landscape.",312,
مكاني,29.9776815,30.9414733,أخرى,"مكاني is a point of interest in Egypt, contributing to the country's diverse cultural, historical, and natural landscape.",313,
Barakat Home (6th of Oct),29.960197,30.9401359,أخرى,"Barakat Home (6th of Oct) is a point of interest in Egypt, contributing to the country's diverse cultural, historical, and natural landscape.",314,
اصلاح وصيانة اجهزة اليكترونية,30.100616,31.2605595,ثقافي,"اصلاح وصيانة اجهزة اليكترونية is a cultural institution in Egypt that preserves and presents aspects of Egyptian heritage, history, and artistic traditions for visitors and researchers alike.",315,
قضل سليمان,29.9541979,31.0977915,أخرى,"قضل سليمان is a point of interest in Egypt, contributing to the country's diverse cultural, historical, and natural landscape.",316,
Egypt CC Travel (real),29.9725574,31.1429137,إقامة,"Egypt CC Travel (real) is a hotel and accommodation facility in Egypt, offering lodging services to travelers and tourists visiting the area.",317,
دار المدفعية,30.0805142,31.3537698,أخرى,"دار المدفعية is a point of interest in Egypt, contributing to the country's diverse cultural, historical, and natural landscape.",318,
نادى المحامين النهرى,29.9907548,31.2283862,أخرى,"نادى المحامين النهرى is a point of interest in Egypt, contributing to the country's diverse cultural, historical, and natural landscape.",319,
برج الفردوس,30.0611441,31.1926456,أخرى,"برج الفردوس is a point of interest in Egypt, contributing to the country's diverse cultural, historical, and natural landscape.",320,
هوليداي ان,29.9606675,31.2478985,إقامة,"هوليداي ان is a hotel and accommodation facility in Egypt, offering lodging services to travelers and tourists visiting the area.",321,
Lagoona,29.9568667,31.1536378,إقامة,"Lagoona is a hotel and accommodation facility in Egypt, offering lodging services to travelers and tourists visiting the area.",322,
miraj hall,29.9559813,31.153332,أخرى,"miraj hall is a point of interest in Egypt, contributing to the country's diverse cultural, historical, and natural landscape.",323,
ABUSIMBEL PAPYRUS,29.9813351,31.1430577,ثقافي,"ABUSIMBEL PAPYRUS is a cultural institution in Egypt that preserves and presents aspects of Egyptian heritage, history, and artistic traditions for visitors and researchers alike.",324,
Trio Hotel Caroline Crillon,30.0527729,31.1949468,إقامة,"Trio Hotel Caroline Crillon is a hotel and accommodation facility in Egypt, offering lodging services to travelers and tourists visiting the area.",325,
Best View Pyramids Hotel,29.9734817,31.1420605,إقامة,"Best View Pyramids Hotel is a hotel and accommodation facility in Egypt, offering lodging services to travelers and tourists visiting the area.",326,
مقر سناك شوت,29.9964033,31.3127957,ثقافي,"مقر سناك شوت is a cultural institution in Egypt that preserves and presents aspects of Egyptian heritage, history, and artistic traditions for visitors and researchers alike.",327,
The Square Boutique Hotel,30.0472745,31.238954,إقامة,"The Square Boutique Hotel is a hotel and accommodation facility in Egypt, offering lodging services to travelers and tourists visiting the area.",328,
شقة مدام هند,30.0507163,31.2424462,أخرى,"شقة مدام هند is a point of interest in Egypt, contributing to the country's diverse cultural, historical, and natural landscape.",329,
مدام البغل,30.0361919,31.2411727,أخرى,"مدام البغل is a point of interest in Egypt, contributing to the country's diverse cultural, historical, and natural landscape.",330,
Hayat,29.9753361,31.1413339,إقامة,"Hayat is a hotel and accommodation facility in Egypt, offering lodging services to travelers and tourists visiting the area.",331,
Atlantis Pyramids Inn,29.9759431,31.1401736,إقامة,"Atlantis Pyramids Inn is a hotel and accommodation facility in Egypt, offering lodging services to travelers and tourists visiting the area.",332,
Pyramids plateau inn,29.9760233,31.141815,إقامة,"Pyramids plateau inn is a hotel and accommodation facility in Egypt, offering lodging services to travelers and tourists visiting the area.",333,
ميدان الساعة,30.0107095,31.1760607,أخرى,"ميدان الساعة is a point of interest in Egypt, contributing to the country's diverse cultural, historical, and natural landscape.",334,
Farida home,29.9945901,30.982463,أخرى,"Farida home is a point of interest in Egypt, contributing to the country's diverse cultural, historical, and natural landscape.",335,
مقر اكسلوسيف,29.9690249,31.3348687,ثقافي,"مقر اكسلوسيف is a cultural institution in Egypt that preserves and presents aspects of Egyptian heritage, history, and artistic traditions for visitors and researchers alike.",336,
Hnaton Carpet School,29.8633751,31.2327498,أخرى,"Hnaton Carpet School is a point of interest in Egypt, contributing to the country's diverse cultural, historical, and natural landscape.",337,
The Shepherd Hotel,30.0420866,31.231877,إقامة,"The Shepherd Hotel is a hotel and accommodation facility in Egypt, offering lodging services to travelers and tourists visiting the area.",338,
مدينة المنفي,29.974924,31.1558991,أخرى,"مدينة المنفي is a point of interest in Egypt, contributing to the country's diverse cultural, historical, and natural landscape.",339,
قيس فيصل شقة,30.0186145,31.1813376,أخرى,"قيس فيصل شقة is a point of interest in Egypt, contributing to the country's diverse cultural, historical, and natural landscape.",340,
قيس عبه,30.0187291,31.1924377,أخرى,"قيس عبه is a point of interest in Egypt, contributing to the country's diverse cultural, historical, and natural landscape.",341,
شارع الهرم اختصار,30.0036367,31.1857381,أخرى,"شارع الهرم اختصار is a point of interest in Egypt, contributing to the country's diverse cultural, historical, and natural landscape.",342,
اولكر,30.1088902,31.1994124,ثقافي,"اولكر is a cultural institution in Egypt that preserves and presents aspects of Egyptian heritage, history, and artistic traditions for visitors and researchers alike.",343,
مسجد رامو,29.9820436,30.979335,أخرى,مسجد رامو is a mosque serving the local Muslim community and representing Egypt's Islamic architectural heritage. Egypt's mosques range from medieval masterpieces to modern places of worship.,344,
شغل,30.0000793,31.2648544,ثقافي,"شغل is a cultural institution in Egypt that preserves and presents aspects of Egyptian heritage, history, and artistic traditions for visitors and researchers alike.",345,
The Guard Hotel,30.0833403,31.3797771,إقامة,"The Guard Hotel is a hotel and accommodation facility in Egypt, offering lodging services to travelers and tourists visiting the area.",346,
Le Riad Hotel de Charme,30.0521855,31.2617601,إقامة,"Le Riad Hotel de Charme is a hotel and accommodation facility in Egypt, offering lodging services to travelers and tourists visiting the area.",347,
Dok Dok Boating,30.0367696,31.2289963,أخرى,"Dok Dok Boating is a point of interest in Egypt, contributing to the country's diverse cultural, historical, and natural landscape.",348,
Sharia al Muizz Li Din Allah,30.0467278,31.2600713,أخرى,"Sharia al Muizz Li Din Allah is a point of interest in Egypt, contributing to the country's diverse cultural, historical, and natural landscape.",349,
مصور احمد سامي,30.0383492,31.1964311,ثقافي,"مصور احمد سامي is a cultural institution in Egypt that preserves and presents aspects of Egyptian heritage, history, and artistic traditions for visitors and researchers alike.",350,
سيدنا الحسين,30.0465867,31.2614212,ثقافي,"سيدنا الحسين is a cultural institution in Egypt that preserves and presents aspects of Egyptian heritage, history, and artistic traditions for visitors and researchers alike.",351,
السيدة نفيسه,30.019316,31.2510038,ثقافي,"السيدة نفيسه is a cultural institution in Egypt that preserves and presents aspects of Egyptian heritage, history, and artistic traditions for visitors and researchers alike.",352,
عمارة البيت,30.1071428,31.3824496,أخرى,"عمارة البيت is a point of interest in Egypt, contributing to the country's diverse cultural, historical, and natural landscape.",353,
Le Ciel Hotel,30.0813387,31.323837,إقامة,"Le Ciel Hotel is a hotel and accommodation facility in Egypt, offering lodging services to travelers and tourists visiting the area.",354,
عامر جروب,30.1035364,31.3787931,أخرى,"عامر جروب is a point of interest in Egypt, contributing to the country's diverse cultural, historical, and natural landscape.",355,
شقة شمر,30.0102194,31.2255497,إقامة,"شقة شمر is a hotel and accommodation facility in Egypt, offering lodging services to travelers and tourists visiting the area.",356,
Villa Belle Epoque,29.9595817,31.2631143,إقامة,"Villa Belle Epoque is a hotel and accommodation facility in Egypt, offering lodging services to travelers and tourists visiting the area.",357,
شقة ولاد العبد,30.0353268,31.3451871,أخرى,"شقة ولاد العبد is a point of interest in Egypt, contributing to the country's diverse cultural, historical, and natural landscape.",358,
Sultan Hostel,30.053164,31.2416694,إقامة,"Sultan Hostel is a hotel and accommodation facility in Egypt, offering lodging services to travelers and tourists visiting the area.",359,
Venice Hosokawaya,30.0531844,31.2416087,إقامة,"Venice Hosokawaya is a hotel and accommodation facility in Egypt, offering lodging services to travelers and tourists visiting the area.",360,
شقة سيدي الحسين,30.0478967,31.2644001,أخرى,"شقة سيدي الحسين is a point of interest in Egypt, contributing to the country's diverse cultural, historical, and natural landscape.",361,
ميدان ابن الحكم,30.1099631,31.3202807,أخرى,"ميدان ابن الحكم is a point of interest in Egypt, contributing to the country's diverse cultural, historical, and natural landscape.",362,
Castle Hotel,30.0430704,31.2416318,إقامة,"Castle Hotel is a hotel and accommodation facility in Egypt, offering lodging services to travelers and tourists visiting the area.",363,
اسماعيل ابو السعود,30.017301,30.9687471,إقامة,"اسماعيل ابو السعود is a hotel and accommodation facility in Egypt, offering lodging services to travelers and tourists visiting the area.",364,
EGY hawamdya,29.8901274,31.2720231,أخرى,"EGY hawamdya is a point of interest in Egypt, contributing to the country's diverse cultural, historical, and natural landscape.",365,
بيت الحوامدية,29.8863551,31.2727844,أخرى,"بيت الحوامدية is a point of interest in Egypt, contributing to the country's diverse cultural, historical, and natural landscape.",366,
صبحي,30.0845709,31.1855018,إقامة,"صبحي is a hotel and accommodation facility in Egypt, offering lodging services to travelers and tourists visiting the area.",367,
نهر النيل,29.9570684,31.2501664,إقامة,"نهر النيل is a hotel and accommodation facility in Egypt, offering lodging services to travelers and tourists visiting the area.",368,
شقة د.حسن قظوار مصر,29.9658027,31.1061171,أخرى,"شقة د.حسن قظوار مصر is a point of interest in Egypt, contributing to the country's diverse cultural, historical, and natural landscape.",369,
جاردنيا برميدز هوستيل,29.9855962,31.1455764,إقامة,"جاردنيا برميدز هوستيل is a hotel and accommodation facility in Egypt, offering lodging services to travelers and tourists visiting the area.",370,
Houra Mht,29.9993741,31.1510642,أخرى,"Houra Mht is a point of interest in Egypt, contributing to the country's diverse cultural, historical, and natural landscape.",371,
nada,30.0191201,31.1854226,إقامة,"nada is a hotel and accommodation facility in Egypt, offering lodging services to travelers and tourists visiting the area.",372,
Masjid AlPasha,30.0211054,31.2252474,أخرى,"Masjid AlPasha is a point of interest in Egypt, contributing to the country's diverse cultural, historical, and natural landscape.",373,
Asrama Baharu Wilayah Persekutuan,30.0505473,31.3242076,إقامة,"Asrama Baharu Wilayah Persekutuan is a hotel and accommodation facility in Egypt, offering lodging services to travelers and tourists visiting the area.",374,
Asrama Darul Aman 1,30.0508399,31.324902,إقامة,"Asrama Darul Aman 1 is a hotel and accommodation facility in Egypt, offering lodging services to travelers and tourists visiting the area.",375,
شقة الدقي,30.0420791,31.2120535,أخرى,"شقة الدقي is a point of interest in Egypt, contributing to the country's diverse cultural, historical, and natural landscape.",376,
ashraf,30.1294985,31.2741646,أخرى,"ashraf is a point of interest in Egypt, contributing to the country's diverse cultural, historical, and natural landscape.",377,
Nema Inn pyramids,29.9757572,31.1416903,إقامة,"Nema Inn pyramids is a hotel and accommodation facility in Egypt, offering lodging services to travelers and tourists visiting the area.",378,
Crown Hotel,30.0485916,31.2432594,إقامة,"Crown Hotel is a hotel and accommodation facility in Egypt, offering lodging services to travelers and tourists visiting the area.",379,
فندق نيو وان سيزون,30.0495905,31.2400194,إقامة,"فندق نيو وان سيزون is a hotel and accommodation facility in Egypt, offering lodging services to travelers and tourists visiting the area.",380,
Limitless Hostel,30.0485859,31.2438134,إقامة,"Limitless Hostel is a hotel and accommodation facility in Egypt, offering lodging services to travelers and tourists visiting the area.",381,
new home,30.0041448,31.0488784,أخرى,"new home is a point of interest in Egypt, contributing to the country's diverse cultural, historical, and natural landscape.",382,
Sinnari House,30.0329709,31.2427314,أخرى,"Sinnari House is a point of interest in Egypt, contributing to the country's diverse cultural, historical, and natural landscape.",383,
Sinnari House,30.0480594,31.2374762,أخرى,"Sinnari House is a point of interest in Egypt, contributing to the country's diverse cultural, historical, and natural landscape.",384,
Dahab Hostel,30.0481266,31.2373954,إقامة,"Dahab Hostel is a hotel and accommodation facility in Egypt, offering lodging services to travelers and tourists visiting the area.",385,
عمارة سكن,30.0392988,31.3358721,أخرى,"عمارة سكن is a point of interest in Egypt, contributing to the country's diverse cultural, historical, and natural landscape.",386,
Zamalek tree,30.0466497,31.2250489,أخرى,"Zamalek tree is a point of interest in Egypt, contributing to the country's diverse cultural, historical, and natural landscape.",387,
جاردنيا هوستيل,30.0508193,31.240519,إقامة,"جاردنيا هوستيل is a hotel and accommodation facility in Egypt, offering lodging services to travelers and tourists visiting the area.",388,
32 ريينا أب تاون كايرو د/وائل حبيب,30.024972,31.3133971,أخرى,"32 ريينا أب تاون كايرو د/وائل حبيب is a point of interest in Egypt, contributing to the country's diverse cultural, historical, and natural landscape.",389,
بيت حمادة,30.0980469,31.3318648,أخرى,"بيت حمادة is a point of interest in Egypt, contributing to the country's diverse cultural, historical, and natural landscape.",390,
منزل ابو حسونة,30.1608334,31.2314892,إقامة,"منزل ابو حسونة is a hotel and accommodation facility in Egypt, offering lodging services to travelers and tourists visiting the area.",391,
عامر جروب,30.1037805,31.3784595,أخرى,"عامر جروب is a point of interest in Egypt, contributing to the country's diverse cultural, historical, and natural landscape.",392,
Anubieion,29.8751644,31.2230149,أخرى,"Anubieion is a point of interest in Egypt, contributing to the country's diverse cultural, historical, and natural landscape.",393,
المنزل,29.9521168,30.9408647,أخرى,"المنزل is a point of interest in Egypt, contributing to the country's diverse cultural, historical, and natural landscape.",394,
Cosmopolitan Hotel,30.047706,31.2403433,إقامة,"Cosmopolitan Hotel is a hotel and accommodation facility in Egypt, offering lodging services to travelers and tourists visiting the area.",395,
"Marriott Mena House, Cairo",29.9858579,31.1327491,إقامة,"Marriott Mena House, Cairo is a hotel and accommodation facility in Egypt, offering lodging services to travelers and tourists visiting the area.",396,
menna,30.0374561,31.1913346,أخرى,"menna is a point of interest in Egypt, contributing to the country's diverse cultural, historical, and natural landscape.",397,
nasr city h,30.0459416,31.3275669,أخرى,"nasr city h is a point of interest in Egypt, contributing to the country's diverse cultural, historical, and natural landscape.",398,
apartamento,30.1406644,31.3609787,أخرى,"apartamento is a point of interest in Egypt, contributing to the country's diverse cultural, historical, and natural landscape.",399,
apartamento verdadero,30.1390253,31.3617387,أخرى,"apartamento verdadero is a point of interest in Egypt, contributing to the country's diverse cultural, historical, and natural landscape.",400,
منزل عبدالباسط محمود حسن,30.1464667,31.2324835,أخرى,"منزل عبدالباسط محمود حسن is a point of interest in Egypt, contributing to the country's diverse cultural, historical, and natural landscape.",401,
Bubasteion,29.8735271,31.2239814,تاريخي,Bubasteion is an ancient Egyptian historical site that forms part of Egypt's extraordinary archaeological heritage. The site offers visitors a direct connection to the civilization that built one of the greatest empires of the ancient world.,402,
جوهرة الهرم,29.9913412,31.154173,إقامة,"جوهرة الهرم is a hotel and accommodation facility in Egypt, offering lodging services to travelers and tourists visiting the area.",403,
البيت,29.990257,31.1868175,أخرى,"البيت is a point of interest in Egypt, contributing to the country's diverse cultural, historical, and natural landscape.",404,
شقة مصر نصر,30.0457664,31.3464302,أخرى,"شقة مصر نصر is a point of interest in Egypt, contributing to the country's diverse cultural, historical, and natural landscape.",405,
لوحة أبي الهول,29.9752684,31.1378372,أخرى,"لوحة أبي الهول is a point of interest in Egypt, contributing to the country's diverse cultural, historical, and natural landscape.",406,
بيت دكتوره,29.9758687,31.1038223,إقامة,"بيت دكتوره is a hotel and accommodation facility in Egypt, offering lodging services to travelers and tourists visiting the area.",407,
م. فياض,30.0637863,31.3518583,أخرى,"م. فياض is a point of interest in Egypt, contributing to the country's diverse cultural, historical, and natural landscape.",408,
قهوة شيشة مهندسين,30.0617966,31.2040796,أخرى,"قهوة شيشة مهندسين is a point of interest in Egypt, contributing to the country's diverse cultural, historical, and natural landscape.",409,
Tomb of Meresankh III,29.9778003,31.1377395,أخرى,Tomb of Meresankh III is an ancient Egyptian historical site that forms part of Egypt's extraordinary archaeological heritage. The site offers visitors a direct connection to the civilization that built one of the greatest empires of the ancient world.,410,
Horus Guest House Pyramids,29.97422,31.1421914,إقامة,"Horus Guest House Pyramids is a hotel and accommodation facility in Egypt, offering lodging services to travelers and tourists visiting the area.",411,
ا,30.0669712,31.3812045,إقامة,"ا is a hotel and accommodation facility in Egypt, offering lodging services to travelers and tourists visiting the area.",412,
عماره 4078,30.037036,31.3983811,أخرى,"عماره 4078 is a point of interest in Egypt, contributing to the country's diverse cultural, historical, and natural landscape.",413,
Shahbor Studio,29.97128,31.1425487,أخرى,"Shahbor Studio is a point of interest in Egypt, contributing to the country's diverse cultural, historical, and natural landscape.",414,
شقة د أمل بدران,30.012333,31.2246473,أخرى,"شقة د أمل بدران is a point of interest in Egypt, contributing to the country's diverse cultural, historical, and natural landscape.",415,
منزل ابو دعاء المصري,30.0093403,31.3381087,أخرى,"منزل ابو دعاء المصري is a point of interest in Egypt, contributing to the country's diverse cultural, historical, and natural landscape.",416,
مربع 1174,30.095101,31.3794923,أخرى,"مربع 1174 is a point of interest in Egypt, contributing to the country's diverse cultural, historical, and natural landscape.",417,
Photo point of Pyramids,29.974455,31.1239021,أخرى,Photo point of Pyramids is an ancient Egyptian historical site that forms part of Egypt's extraordinary archaeological heritage. The site offers visitors a direct connection to the civilization that built one of the greatest empires of the ancient world.,418,
Panorama point II.,29.9664651,31.1279181,أخرى,"Panorama point II. is a point of interest in Egypt, contributing to the country's diverse cultural, historical, and natural landscape.",419,
Anubis Kingdom Pyramids Hotel,29.9738329,31.1408581,أخرى,Anubis Kingdom Pyramids Hotel is an ancient Egyptian historical site that forms part of Egypt's extraordinary archaeological heritage. The site offers visitors a direct connection to the civilization that built one of the greatest empires of the ancient world.,420,
Royal pyramids Inn,29.9740365,31.1414565,إقامة,"Royal pyramids Inn is a hotel and accommodation facility in Egypt, offering lodging services to travelers and tourists visiting the area.",421,
Pyramids View apartment,29.9742409,31.1415906,إقامة,"Pyramids View apartment is a hotel and accommodation facility in Egypt, offering lodging services to travelers and tourists visiting the area.",422,
Pyramids View apartment,29.9739005,31.1421593,أخرى,Pyramids View apartment is an ancient Egyptian historical site that forms part of Egypt's extraordinary archaeological heritage. The site offers visitors a direct connection to the civilization that built one of the greatest empires of the ancient world.,423,
Gardenia Pyramids Hostel,29.9852361,31.1445437,إقامة,"Gardenia Pyramids Hostel is a hotel and accommodation facility in Egypt, offering lodging services to travelers and tourists visiting the area.",424,
Pyramids Inn,29.9727205,31.1438038,إقامة,"Pyramids Inn is a hotel and accommodation facility in Egypt, offering lodging services to travelers and tourists visiting the area.",425,
مسلسل 11,29.9814482,31.4109268,أخرى,"مسلسل 11 is a point of interest in Egypt, contributing to the country's diverse cultural, historical, and natural landscape.",426,
البيت,30.1589818,31.3416919,أخرى,"البيت is a point of interest in Egypt, contributing to the country's diverse cultural, historical, and natural landscape.",427,
Suisse Hotel,30.0482677,31.2373404,إقامة,"Suisse Hotel is a hotel and accommodation facility in Egypt, offering lodging services to travelers and tourists visiting the area.",428,
Vienna Hostel,30.0481549,31.2372965,إقامة,"Vienna Hostel is a hotel and accommodation facility in Egypt, offering lodging services to travelers and tourists visiting the area.",429,
رشدي أباظة‎,30.0542896,31.2426019,أخرى,"رشدي أباظة‎ is a point of interest in Egypt, contributing to the country's diverse cultural, historical, and natural landscape.",430,
Al Masar Art Gallery,30.0594759,31.2242203,ثقافي,"Al Masar Art Gallery is a cultural institution in Egypt that preserves and presents aspects of Egyptian heritage, history, and artistic traditions for visitors and researchers alike.",431,
Pyramids Power Inn,29.9724605,31.1429041,أخرى,Pyramids Power Inn is an ancient Egyptian historical site that forms part of Egypt's extraordinary archaeological heritage. The site offers visitors a direct connection to the civilization that built one of the greatest empires of the ancient world.,432,
تويوتا AMG,29.9846213,31.3573363,ثقافي,"تويوتا AMG is a cultural institution in Egypt that preserves and presents aspects of Egyptian heritage, history, and artistic traditions for visitors and researchers alike.",433,
عمارة 55 شارع الطيران,30.0762043,31.3208128,أخرى,"عمارة 55 شارع الطيران is a point of interest in Egypt, contributing to the country's diverse cultural, historical, and natural landscape.",434,
عمارة اول مايو رقم 8,30.0685063,31.3384587,أخرى,"عمارة اول مايو رقم 8 is a point of interest in Egypt, contributing to the country's diverse cultural, historical, and natural landscape.",435,
Amira Adoum,30.0766085,31.334273,أخرى,"Amira Adoum is a point of interest in Egypt, contributing to the country's diverse cultural, historical, and natural landscape.",436,
Jana,29.9734212,31.1442218,أخرى,"Jana is a point of interest in Egypt, contributing to the country's diverse cultural, historical, and natural landscape.",437,
Bayt Yakan,30.0367215,31.2583465,أخرى,"Bayt Yakan is a point of interest in Egypt, contributing to the country's diverse cultural, historical, and natural landscape.",438,
Panorama Pyramids Inn,29.9744838,31.1411272,إقامة,"Panorama Pyramids Inn is a hotel and accommodation facility in Egypt, offering lodging services to travelers and tourists visiting the area.",439,
فندق فور سيزون نايل بلازا القاهره,30.0362273,31.2293727,إقامة,"فندق فور سيزون نايل بلازا القاهره is a hotel and accommodation facility in Egypt, offering lodging services to travelers and tourists visiting the area.",440,
ذا غابرييل هوتيل,30.1031938,31.386345,إقامة,"ذا غابرييل هوتيل is a hotel and accommodation facility in Egypt, offering lodging services to travelers and tourists visiting the area.",441,
هيئ تعاونيات البناء,30.050965,31.3469807,أخرى,"هيئ تعاونيات البناء is a point of interest in Egypt, contributing to the country's diverse cultural, historical, and natural landscape.",442,
Cleopatra’s Museum,29.9972735,31.217199,ثقافي,"Cleopatra’s Museum is a cultural institution in Egypt that preserves and presents aspects of Egyptian heritage, history, and artistic traditions for visitors and researchers alike.",443,
Almadiafa - المضيفه,30.0472654,31.2353043,إقامة,"Almadiafa - المضيفه is a hotel and accommodation facility in Egypt, offering lodging services to travelers and tourists visiting the area.",444,
Qattah,30.2170479,30.9668449,تاريخي,Qattah is an ancient Egyptian historical site that forms part of Egypt's extraordinary archaeological heritage. The site offers visitors a direct connection to the civilization that built one of the greatest empires of the ancient world.,445,
Cairo World Trade Center Hotel & Residences,30.0643123,31.2281499,إقامة,"Cairo World Trade Center Hotel & Residences is a hotel and accommodation facility in Egypt, offering lodging services to travelers and tourists visiting the area.",446,
Masr 5614,30.0617969,31.3400787,أخرى,"Masr 5614 is a point of interest in Egypt, contributing to the country's diverse cultural, historical, and natural landscape.",447,
بريزر,30.0614591,31.3400815,أخرى,"بريزر is a point of interest in Egypt, contributing to the country's diverse cultural, historical, and natural landscape.",448,
بلوك 14,30.0383491,31.3749966,أخرى,"بلوك 14 is a point of interest in Egypt, contributing to the country's diverse cultural, historical, and natural landscape.",449,
بلوك 13,30.0388411,31.376957,أخرى,"بلوك 13 is a point of interest in Egypt, contributing to the country's diverse cultural, historical, and natural landscape.",450,
Le Riad Pyramids Hotel,29.9906676,31.1308122,إقامة,"Le Riad Pyramids Hotel is a hotel and accommodation facility in Egypt, offering lodging services to travelers and tourists visiting the area.",451,
Building No 18,30.0087746,31.207135,أخرى,"Building No 18 is a point of interest in Egypt, contributing to the country's diverse cultural, historical, and natural landscape.",452,
بلوك 17 أ,30.0455588,31.3620461,أخرى,"بلوك 17 أ is a point of interest in Egypt, contributing to the country's diverse cultural, historical, and natural landscape.",453,
بلوك 120,30.0465777,31.369142,أخرى,"بلوك 120 is a point of interest in Egypt, contributing to the country's diverse cultural, historical, and natural landscape.",454,
بلوك 85,30.0470675,31.3698028,أخرى,"بلوك 85 is a point of interest in Egypt, contributing to the country's diverse cultural, historical, and natural landscape.",455,
بلوك 80,30.0474871,31.3686782,أخرى,"بلوك 80 is a point of interest in Egypt, contributing to the country's diverse cultural, historical, and natural landscape.",456,
بلوك 12,30.0390131,31.3745022,أخرى,"بلوك 12 is a point of interest in Egypt, contributing to the country's diverse cultural, historical, and natural landscape.",457,
بلوك 23 1,30.0466321,31.3606819,أخرى,"بلوك 23 1 is a point of interest in Egypt, contributing to the country's diverse cultural, historical, and natural landscape.",458,
بلوك 95,30.0448324,31.3597527,أخرى,"بلوك 95 is a point of interest in Egypt, contributing to the country's diverse cultural, historical, and natural landscape.",459,
محمد محمود باشا,30.0433082,31.2389328,خدمات,محمد محمود باشا is a service facility in Egypt that supports visitors and residents in the area.,460,
سيمون بوليفار,30.0423713,31.2330885,ثقافي,"سيمون بوليفار is a cultural institution in Egypt that preserves and presents aspects of Egyptian heritage, history, and artistic traditions for visitors and researchers alike.",461,
محمود الفلكي باشا,30.0447119,31.2395534,خدمات,محمود الفلكي باشا is a service facility in Egypt that supports visitors and residents in the area.,462,
تمثال السيد عمر مكرم,30.0439284,31.2347865,ثقافي,"تمثال السيد عمر مكرم is a cultural institution in Egypt that preserves and presents aspects of Egyptian heritage, history, and artistic traditions for visitors and researchers alike.",463,
كمبوند جاردنيا النصر,29.9806417,30.9272302,أخرى,"كمبوند جاردنيا النصر is a point of interest in Egypt, contributing to the country's diverse cultural, historical, and natural landscape.",464,
الى بنها الحر,30.1352849,31.2714374,إقامة,"الى بنها الحر is a hotel and accommodation facility in Egypt, offering lodging services to travelers and tourists visiting the area.",465,
طريق بنى يوسف,29.9932596,31.1292967,إقامة,"طريق بنى يوسف is a hotel and accommodation facility in Egypt, offering lodging services to travelers and tourists visiting the area.",466,
ركنه كتيرو فيستيفال مول,30.026641,31.4089611,إقامة,"ركنه كتيرو فيستيفال مول is a hotel and accommodation facility in Egypt, offering lodging services to travelers and tourists visiting the area.",467,
مطلع شبرا بنها,30.1390461,31.2635658,إقامة,"مطلع شبرا بنها is a hotel and accommodation facility in Egypt, offering lodging services to travelers and tourists visiting the area.",468,
الى شبرا بنها الحر,30.1287397,31.2960462,إقامة,"الى شبرا بنها الحر is a hotel and accommodation facility in Egypt, offering lodging services to travelers and tourists visiting the area.",469,
مستودع مهمات القوات الجويه قاعده الماظه,30.0969347,31.3658213,إقامة,"مستودع مهمات القوات الجويه قاعده الماظه is a hotel and accommodation facility in Egypt, offering lodging services to travelers and tourists visiting the area.",470,
مسرح الجلاء ق م,30.0974007,31.3480613,إقامة,"مسرح الجلاء ق م is a hotel and accommodation facility in Egypt, offering lodging services to travelers and tourists visiting the area.",471,
شركه شمال القاهره للكهرباء سكن مصر التجمع الثالث,29.9753758,31.4059827,إقامة,"شركه شمال القاهره للكهرباء سكن مصر التجمع الثالث is a hotel and accommodation facility in Egypt, offering lodging services to travelers and tourists visiting the area.",472,
معهد المهندسين العسكريين,29.941567,31.1602059,إقامة,"معهد المهندسين العسكريين is a hotel and accommodation facility in Egypt, offering lodging services to travelers and tourists visiting the area.",473,
زهراءمدينه نصر الظباط,30.0563286,31.3874155,إقامة,"زهراءمدينه نصر الظباط is a hotel and accommodation facility in Egypt, offering lodging services to travelers and tourists visiting the area.",474,
معهد المدفعيه,30.0758312,31.3693033,إقامة,"معهد المدفعيه is a hotel and accommodation facility in Egypt, offering lodging services to travelers and tourists visiting the area.",475,
الشعبه الهندسية قوات جويه,30.0831063,31.3150017,إقامة,"الشعبه الهندسية قوات جويه is a hotel and accommodation facility in Egypt, offering lodging services to travelers and tourists visiting the area.",476,
براسبيل,30.0517845,31.241795,إقامة,"براسبيل is a hotel and accommodation facility in Egypt, offering lodging services to travelers and tourists visiting the area.",477,
مارفل ستون هوتل,29.9749036,31.1415167,إقامة,"مارفل ستون هوتل is a hotel and accommodation facility in Egypt, offering lodging services to travelers and tourists visiting the area.",478,
Contemporary Image Collective (CIC) - مركز الصورة المعاصرة,30.0498341,31.2403083,أخرى,"Contemporary Image Collective (CIC) - مركز الصورة المعاصرة is a point of interest in Egypt, contributing to the country's diverse cultural, historical, and natural landscape.",479,
Seven Eleven Heru Pyramids View Hotel,29.9540856,31.1439583,إقامة,"Seven Eleven Heru Pyramids View Hotel is a hotel and accommodation facility in Egypt, offering lodging services to travelers and tourists visiting the area.",480,
المنزل,30.0583102,31.3401735,أخرى,"المنزل is a point of interest in Egypt, contributing to the country's diverse cultural, historical, and natural landscape.",481,
Hesham Kamal,30.0013548,31.0147588,أخرى,"Hesham Kamal is a point of interest in Egypt, contributing to the country's diverse cultural, historical, and natural landscape.",482,
ايه كمال,30.0314465,31.0313118,أخرى,"ايه كمال is a point of interest in Egypt, contributing to the country's diverse cultural, historical, and natural landscape.",483,
هشام كمال,30.0354843,31.0381202,أخرى,"هشام كمال is a point of interest in Egypt, contributing to the country's diverse cultural, historical, and natural landscape.",484,
كمبوند الهضبه,30.0104558,31.0156303,أخرى,"كمبوند الهضبه is a point of interest in Egypt, contributing to the country's diverse cultural, historical, and natural landscape.",485,
هشام كمال,30.0350802,31.0370781,أخرى,"هشام كمال is a point of interest in Egypt, contributing to the country's diverse cultural, historical, and natural landscape.",486,
مسجد الكمال,30.0026376,31.0120185,أخرى,مسجد الكمال is a mosque serving the local Muslim community and representing Egypt's Islamic architectural heritage. Egypt's mosques range from medieval masterpieces to modern places of worship.,487,
كمبوند الكارما ٣,30.0071042,31.0148307,أخرى,"كمبوند الكارما ٣ is a point of interest in Egypt, contributing to the country's diverse cultural, historical, and natural landscape.",488,
فيلا د رؤوف عبدالرازق,30.0098385,31.0165397,أخرى,"فيلا د رؤوف عبدالرازق is a point of interest in Egypt, contributing to the country's diverse cultural, historical, and natural landscape.",489,
مسجد أبو شقه,30.0112345,31.018107,أخرى,مسجد أبو شقه is a mosque serving the local Muslim community and representing Egypt's Islamic architectural heritage. Egypt's mosques range from medieval masterpieces to modern places of worship.,490,
Capo Pyramid,29.971015,31.1428806,إقامة,"Capo Pyramid is a hotel and accommodation facility in Egypt, offering lodging services to travelers and tourists visiting the area.",491,
اداره الاسلحه و الذخيرة,30.0463983,31.3365421,إقامة,"اداره الاسلحه و الذخيرة is a hotel and accommodation facility in Egypt, offering lodging services to travelers and tourists visiting the area.",492,
Pyramids Loft Guesthouse,29.975948,31.1435767,إقامة,"Pyramids Loft Guesthouse is a hotel and accommodation facility in Egypt, offering lodging services to travelers and tourists visiting the area.",493,
City Hostel,30.0537395,31.2481125,إقامة,"City Hostel is a hotel and accommodation facility in Egypt, offering lodging services to travelers and tourists visiting the area.",494,
مقر العمل,30.1082353,31.3146685,ثقافي,"مقر العمل is a cultural institution in Egypt that preserves and presents aspects of Egyptian heritage, history, and artistic traditions for visitors and researchers alike.",495,
TuT pyramids view,29.9726784,31.1411976,إقامة,"TuT pyramids view is a hotel and accommodation facility in Egypt, offering lodging services to travelers and tourists visiting the area.",496,
منزل عمرو اللول,30.0623944,31.3881598,أخرى,"منزل عمرو اللول is a point of interest in Egypt, contributing to the country's diverse cultural, historical, and natural landscape.",497,
مبني 90,30.1070798,31.3415018,أخرى,"مبني 90 is a point of interest in Egypt, contributing to the country's diverse cultural, historical, and natural landscape.",498,
عماره 21 بلوك 54,30.0529502,31.3696104,أخرى,"عماره 21 بلوك 54 is a point of interest in Egypt, contributing to the country's diverse cultural, historical, and natural landscape.",499,
مبني 24,30.0722012,31.3306897,أخرى,"مبني 24 is a point of interest in Egypt, contributing to the country's diverse cultural, historical, and natural landscape.",500,
بوابه قاعده الماظه الرئيسية,30.0915159,31.3493735,إقامة,"بوابه قاعده الماظه الرئيسية is a hotel and accommodation facility in Egypt, offering lodging services to travelers and tourists visiting the area.",501,
ك ٧٠٠ القوات الجوية,30.0795438,31.359231,إقامة,"ك ٧٠٠ القوات الجوية is a hotel and accommodation facility in Egypt, offering lodging services to travelers and tourists visiting the area.",502,
SWISS ARCHEOLOGICAL MUSEUM,30.0621364,31.2239665,ثقافي,"SWISS ARCHEOLOGICAL MUSEUM is a cultural institution in Egypt that preserves and presents aspects of Egyptian heritage, history, and artistic traditions for visitors and researchers alike.",503,
Castle Hostel,30.0506428,31.2361651,إقامة,"Castle Hostel is a hotel and accommodation facility in Egypt, offering lodging services to travelers and tourists visiting the area.",504,
Alabaster sphinx,29.8495549,31.2548784,ثقافي,"Alabaster sphinx is a cultural institution in Egypt that preserves and presents aspects of Egyptian heritage, history, and artistic traditions for visitors and researchers alike.",505,
Statue of Rameses II,29.8495976,31.2556299,ثقافي,"Statue of Rameses II is a cultural institution in Egypt that preserves and presents aspects of Egyptian heritage, history, and artistic traditions for visitors and researchers alike.",506,
Statue of Rameses II,29.8494326,31.2543496,ثقافي,"Statue of Rameses II is a cultural institution in Egypt that preserves and presents aspects of Egyptian heritage, history, and artistic traditions for visitors and researchers alike.",507,
Gresham Hotel,30.0485745,31.2387148,إقامة,"Gresham Hotel is a hotel and accommodation facility in Egypt, offering lodging services to travelers and tourists visiting the area.",508,
Holy Sheet Hostel,30.0471853,31.2401119,إقامة,"Holy Sheet Hostel is a hotel and accommodation facility in Egypt, offering lodging services to travelers and tourists visiting the area.",509,
Cairo Nights House 6th flr,30.0508967,31.2437137,إقامة,"Cairo Nights House 6th flr is a hotel and accommodation facility in Egypt, offering lodging services to travelers and tourists visiting the area.",510,
local bazaar,30.0489115,31.252135,أخرى,"local bazaar is a point of interest in Egypt, contributing to the country's diverse cultural, historical, and natural landscape.",511,
مقام شيخ الاسلام زكريا الأنصاري,30.0119285,31.258363,أخرى,"مقام شيخ الاسلام زكريا الأنصاري is a point of interest in Egypt, contributing to the country's diverse cultural, historical, and natural landscape.",512,
Tahrir Plaza Suites Hotel,30.0486474,31.2348627,إقامة,"Tahrir Plaza Suites Hotel is a hotel and accommodation facility in Egypt, offering lodging services to travelers and tourists visiting the area.",513,
Pyramids Park Resort Cairo,30.0006064,31.1160362,إقامة,"Pyramids Park Resort Cairo is a hotel and accommodation facility in Egypt, offering lodging services to travelers and tourists visiting the area.",514,
اولاد الصيفي,30.0895362,31.1875193,أخرى,"اولاد الصيفي is a point of interest in Egypt, contributing to the country's diverse cultural, historical, and natural landscape.",515,
اولاد الصيفي,30.0857578,31.1874968,أخرى,"اولاد الصيفي is a point of interest in Egypt, contributing to the country's diverse cultural, historical, and natural landscape.",516,
شارع عبدالمحسن الصيفي,30.0921442,31.1808033,أخرى,"شارع عبدالمحسن الصيفي is a point of interest in Egypt, contributing to the country's diverse cultural, historical, and natural landscape.",517,
حنان صبحي,30.0919708,31.1870759,أخرى,"حنان صبحي is a point of interest in Egypt, contributing to the country's diverse cultural, historical, and natural landscape.",518,
عائلة الصيفي,30.0875059,31.1874729,أخرى,"عائلة الصيفي is a point of interest in Egypt, contributing to the country's diverse cultural, historical, and natural landscape.",519,
Noha sleem,30.0791802,31.0171722,أخرى,"Noha sleem is a point of interest in Egypt, contributing to the country's diverse cultural, historical, and natural landscape.",520,
Cleopatra Hotel,30.0462969,31.2353548,إقامة,"Cleopatra Hotel is a hotel and accommodation facility in Egypt, offering lodging services to travelers and tourists visiting the area.",521,
Doaa Zaki,29.9547861,30.9326832,أخرى,"Doaa Zaki is a point of interest in Egypt, contributing to the country's diverse cultural, historical, and natural landscape.",522,
درس كيمياء جرمين,29.9965981,30.9867645,أخرى,"درس كيمياء جرمين is a point of interest in Egypt, contributing to the country's diverse cultural, historical, and natural landscape.",523,
Safir Hotel,30.0353398,31.2138502,إقامة,"Safir Hotel is a hotel and accommodation facility in Egypt, offering lodging services to travelers and tourists visiting the area.",524,
سكني,30.0538327,31.3371523,أخرى,"سكني is a point of interest in Egypt, contributing to the country's diverse cultural, historical, and natural landscape.",525,
Pyramids Planet Hotel,29.9614768,31.1079449,إقامة,"Pyramids Planet Hotel is a hotel and accommodation facility in Egypt, offering lodging services to travelers and tourists visiting the area.",526,
منزل محمد سيد احمد الخولي,30.0367036,31.1856824,أخرى,"منزل محمد سيد احمد الخولي is a point of interest in Egypt, contributing to the country's diverse cultural, historical, and natural landscape.",527,
منزل اشرف محمد سيداحمد,30.0427836,31.1727926,أخرى,"منزل اشرف محمد سيداحمد is a point of interest in Egypt, contributing to the country's diverse cultural, historical, and natural landscape.",528,
Central Cairo,30.0508356,31.2422026,إقامة,"Central Cairo is a hotel and accommodation facility in Egypt, offering lodging services to travelers and tourists visiting the area.",529,
Eileen Hotel Cairo,30.0459882,31.2394293,إقامة,"Eileen Hotel Cairo is a hotel and accommodation facility in Egypt, offering lodging services to travelers and tourists visiting the area.",530,
Chan el-Chalili,30.0475461,31.2624073,أخرى,"Chan el-Chalili is a point of interest in Egypt, contributing to the country's diverse cultural, historical, and natural landscape.",531,
فوج السادس اشغال,30.0701667,31.3618612,إقامة,"فوج السادس اشغال is a hotel and accommodation facility in Egypt, offering lodging services to travelers and tourists visiting the area.",532,
24,29.913799,31.0363141,أخرى,"24 is a point of interest in Egypt, contributing to the country's diverse cultural, historical, and natural landscape.",533,
مبني رقم 5,30.0512907,31.3336633,أخرى,"مبني رقم 5 is a point of interest in Egypt, contributing to the country's diverse cultural, historical, and natural landscape.",534,
المسلة المعلقة,29.9945689,31.1213249,أخرى,"المسلة المعلقة is a point of interest in Egypt, contributing to the country's diverse cultural, historical, and natural landscape.",535,
منزل,30.0313802,30.9755805,أخرى,"منزل is a point of interest in Egypt, contributing to the country's diverse cultural, historical, and natural landscape.",536,
ال90 فدان منطقه 9 عماره 24,29.8573907,31.3864532,أخرى,"ال90 فدان منطقه 9 عماره 24 is a point of interest in Egypt, contributing to the country's diverse cultural, historical, and natural landscape.",537,
ال90 فدان منطقه 1 عماره 11,29.8571073,31.3883786,أخرى,"ال90 فدان منطقه 1 عماره 11 is a point of interest in Egypt, contributing to the country's diverse cultural, historical, and natural landscape.",538,
ابناء الشيخ للالكترونيات,30.0529965,31.4009084,ثقافي,"ابناء الشيخ للالكترونيات is a cultural institution in Egypt that preserves and presents aspects of Egyptian heritage, history, and artistic traditions for visitors and researchers alike.",539,
Photo point of Pyramids,29.9678802,31.1250045,أخرى,Photo point of Pyramids is an ancient Egyptian historical site that forms part of Egypt's extraordinary archaeological heritage. The site offers visitors a direct connection to the civilization that built one of the greatest empires of the ancient world.,540,
Atlas international hotel,30.0483875,31.2462697,إقامة,"Atlas international hotel is a hotel and accommodation facility in Egypt, offering lodging services to travelers and tourists visiting the area.",541,
House of Kharazati,30.0521212,31.2622164,أخرى,"House of Kharazati is a point of interest in Egypt, contributing to the country's diverse cultural, historical, and natural landscape.",542,
حازم حمزه لصيانه السخانات الغاز,30.0657031,31.1760878,ثقافي,"حازم حمزه لصيانه السخانات الغاز is a cultural institution in Egypt that preserves and presents aspects of Egyptian heritage, history, and artistic traditions for visitors and researchers alike.",543,
Studio Emad Eddin Foundation,30.0557471,31.244208,ثقافي,"Studio Emad Eddin Foundation is a cultural institution in Egypt that preserves and presents aspects of Egyptian heritage, history, and artistic traditions for visitors and researchers alike.",544,
Centro Cairo Hotel,30.0507737,31.2421843,إقامة,"Centro Cairo Hotel is a hotel and accommodation facility in Egypt, offering lodging services to travelers and tourists visiting the area.",545,
Oriental weavers,30.1068908,31.3673902,ثقافي,"Oriental weavers is a cultural institution in Egypt that preserves and presents aspects of Egyptian heritage, history, and artistic traditions for visitors and researchers alike.",546,
Meramees Hostel,30.0467597,31.2403257,إقامة,"Meramees Hostel is a hotel and accommodation facility in Egypt, offering lodging services to travelers and tourists visiting the area.",547,
حي الفيروز,30.0104685,30.9701068,أخرى,"حي الفيروز is a point of interest in Egypt, contributing to the country's diverse cultural, historical, and natural landscape.",548,
فيلا محمد ربيع عنبر,30.1303189,31.0683975,أخرى,"فيلا محمد ربيع عنبر is a point of interest in Egypt, contributing to the country's diverse cultural, historical, and natural landscape.",549,
فندق نور الصباح,30.0474934,31.2621557,إقامة,"فندق نور الصباح is a hotel and accommodation facility in Egypt, offering lodging services to travelers and tourists visiting the area.",550,
Rasha home,30.0004732,31.1726928,أخرى,"Rasha home is a point of interest in Egypt, contributing to the country's diverse cultural, historical, and natural landscape.",551,
Takiyyat Ibrahim al-Gulshani,30.0429799,31.2568082,أخرى,"Takiyyat Ibrahim al-Gulshani is a point of interest in Egypt, contributing to the country's diverse cultural, historical, and natural landscape.",552,
Cairo View Hotel,30.0470566,31.2438855,إقامة,"Cairo View Hotel is a hotel and accommodation facility in Egypt, offering lodging services to travelers and tourists visiting the area.",553,
متحف جمال عبد الناصر,30.0865458,31.3106874,ثقافي,"متحف جمال عبد الناصر is a cultural institution in Egypt that preserves and presents aspects of Egyptian heritage, history, and artistic traditions for visitors and researchers alike.",554,40.0
Holy Sheet Plus Hotel,30.0497049,31.2391747,إقامة,"Holy Sheet Plus Hotel is a hotel and accommodation facility in Egypt, offering lodging services to travelers and tourists visiting the area.",555,
معرض معدات مطابخ وكافيهات,29.9584208,30.9459175,ثقافي,"معرض معدات مطابخ وكافيهات is a cultural institution in Egypt that preserves and presents aspects of Egyptian heritage, history, and artistic traditions for visitors and researchers alike.",556,
متحف آدم حنين,29.9719641,31.1751941,ثقافي,"متحف آدم حنين is a cultural institution in Egypt that preserves and presents aspects of Egyptian heritage, history, and artistic traditions for visitors and researchers alike.",557,
Merit,29.9735859,31.1439715,أخرى,"Merit is a point of interest in Egypt, contributing to the country's diverse cultural, historical, and natural landscape.",558,
City Centre pyramids wiew,29.9776662,31.1439891,إقامة,"City Centre pyramids wiew is a hotel and accommodation facility in Egypt, offering lodging services to travelers and tourists visiting the area.",559,
Garden pyramid wiew,29.9824783,31.1396343,إقامة,"Garden pyramid wiew is a hotel and accommodation facility in Egypt, offering lodging services to travelers and tourists visiting the area.",560,
Sidi Hamad Pyramids View,29.9785486,31.1403523,إقامة,"Sidi Hamad Pyramids View is a hotel and accommodation facility in Egypt, offering lodging services to travelers and tourists visiting the area.",561,
MARK-pyramids view,29.9789745,31.1415937,إقامة,"MARK-pyramids view is a hotel and accommodation facility in Egypt, offering lodging services to travelers and tourists visiting the area.",562,
Palace Gate of Al Amir Manjak,30.0340889,31.2563769,أخرى,"Palace Gate of Al Amir Manjak is a point of interest in Egypt, contributing to the country's diverse cultural, historical, and natural landscape.",563,
حازم حمزه لصيانه السخانات الغاز,30.0656147,31.1760926,ثقافي,"حازم حمزه لصيانه السخانات الغاز is a cultural institution in Egypt that preserves and presents aspects of Egyptian heritage, history, and artistic traditions for visitors and researchers alike.",564,
بيت جدو عزمي (شبرا),30.1184768,31.2576934,أخرى,"بيت جدو عزمي (شبرا) is a point of interest in Egypt, contributing to the country's diverse cultural, historical, and natural landscape.",565,
Nour Hotel,30.0511736,31.2407799,إقامة,"Nour Hotel is a hotel and accommodation facility in Egypt, offering lodging services to travelers and tourists visiting the area.",566,
Hotel Golden Plaza,30.0511614,31.2407713,إقامة,"Hotel Golden Plaza is a hotel and accommodation facility in Egypt, offering lodging services to travelers and tourists visiting the area.",567,
Cheers Hostel,30.0511722,31.2407544,إقامة,"Cheers Hostel is a hotel and accommodation facility in Egypt, offering lodging services to travelers and tourists visiting the area.",568,
Arena Pyramids View,29.9780483,31.1423507,إقامة,"Arena Pyramids View is a hotel and accommodation facility in Egypt, offering lodging services to travelers and tourists visiting the area.",569,
The President Hotel,30.0676342,31.2195827,إقامة,"The President Hotel is a hotel and accommodation facility in Egypt, offering lodging services to travelers and tourists visiting the area.",570,
Pyramids Boutique Hotel,29.989002,31.1345843,إقامة,"Pyramids Boutique Hotel is a hotel and accommodation facility in Egypt, offering lodging services to travelers and tourists visiting the area.",571,
Sphinx Pyramid Hotel,30.1248614,31.2480692,إقامة,"Sphinx Pyramid Hotel is a hotel and accommodation facility in Egypt, offering lodging services to travelers and tourists visiting the area.",572,
المتحف الحربي القومي,30.0309246,31.2625649,ثقافي,المتحف الحربي القومي في قلعة صلاح الدين بالقاهرة يوثّق تاريخ الجيش المصري عبر العصور. يضم مجموعة ضخمة من الأسلحة والمدافع والزي العسكري والخرائط الحربية. تُعدّ معروضاته المتعلقة بحرب أكتوبر 1973 من أبرز أجنحة المتحف.,573,30.0
سبيل وكتاب عبدالرحمن كتخدا,30.050709,31.261593,ثقافي,"سبيل وكتاب عبدالرحمن كتخدا is a cultural institution in Egypt that preserves and presents aspects of Egyptian heritage, history, and artistic traditions for visitors and researchers alike.",574,
Hostgram,30.0492861,31.2392566,إقامة,"Hostgram is a hotel and accommodation facility in Egypt, offering lodging services to travelers and tourists visiting the area.",575,
3. salah khatab,29.9786074,31.1563911,أخرى,"3. salah khatab is a point of interest in Egypt, contributing to the country's diverse cultural, historical, and natural landscape.",576,
ضريح,30.1655523,31.0752366,أخرى,"ضريح is a point of interest in Egypt, contributing to the country's diverse cultural, historical, and natural landscape.",577,
Elgabry horse club,29.9737227,31.142124,أخرى,"Elgabry horse club is a point of interest in Egypt, contributing to the country's diverse cultural, historical, and natural landscape.",578,
جويل بلازا,29.9733591,31.2350144,إقامة,"جويل بلازا is a hotel and accommodation facility in Egypt, offering lodging services to travelers and tourists visiting the area.",579,
تمثال نهضة مصر,30.0282948,31.2158727,ثقافي,"تمثال نهضة مصر is a cultural institution in Egypt that preserves and presents aspects of Egyptian heritage, history, and artistic traditions for visitors and researchers alike.",580,
Ice skating,30.1032428,31.3867592,أخرى,"Ice skating is a point of interest in Egypt, contributing to the country's diverse cultural, historical, and natural landscape.",581,
Radisson,30.1094789,31.382204,إقامة,"Radisson is a hotel and accommodation facility in Egypt, offering lodging services to travelers and tourists visiting the area.",582,
تمثال احمد شوقي,30.0307033,31.2126557,ثقافي,"تمثال احمد شوقي is a cultural institution in Egypt that preserves and presents aspects of Egyptian heritage, history, and artistic traditions for visitors and researchers alike.",583,
Falak Art Gallery,30.0371418,31.2331189,أخرى,"Falak Art Gallery is a point of interest in Egypt, contributing to the country's diverse cultural, historical, and natural landscape.",584,
AbdelAziz Ahmed علي عزوز ابوعلوة,30.1541124,31.0343386,أخرى,"AbdelAziz Ahmed علي عزوز ابوعلوة is a point of interest in Egypt, contributing to the country's diverse cultural, historical, and natural landscape.",585,
موقع ميلاد الثورة المصرية 2011,30.0445853,31.2356095,أخرى,"موقع ميلاد الثورة المصرية 2011 is a point of interest in Egypt, contributing to the country's diverse cultural, historical, and natural landscape.",586,
موقع مذبحة رابعة,30.0684755,31.3217081,أخرى,"موقع مذبحة رابعة is a point of interest in Egypt, contributing to the country's diverse cultural, historical, and natural landscape.",587,
موقع ميلاد ثورة 30 يونيو,30.0441957,31.2357769,أخرى,"موقع ميلاد ثورة 30 يونيو is a point of interest in Egypt, contributing to the country's diverse cultural, historical, and natural landscape.",588,
أون,30.1292477,31.3079279,تاريخي,أون is an ancient Egyptian historical site that forms part of Egypt's extraordinary archaeological heritage. The site offers visitors a direct connection to the civilization that built one of the greatest empires of the ancient world.,589,
موقع الانقلاب المصري عام 2013,30.0828773,31.3160006,أخرى,"موقع الانقلاب المصري عام 2013 is a point of interest in Egypt, contributing to the country's diverse cultural, historical, and natural landscape.",590,
Venus Hotel,30.0596841,31.2446164,أخرى,"Venus Hotel is a point of interest in Egypt, contributing to the country's diverse cultural, historical, and natural landscape.",591,
تمثال الشيخ زايد,30.0194236,31.0072661,ثقافي,"تمثال الشيخ زايد is a cultural institution in Egypt that preserves and presents aspects of Egyptian heritage, history, and artistic traditions for visitors and researchers alike.",592,
Sun Temple Palace,29.8983124,31.2091759,أخرى,"Sun Temple Palace is an ancient Egyptian temple site representing the country's rich religious and architectural heritage. These sacred spaces served as centers of worship, ritual, and economic activity in the ancient world.",593,
entrance gate to Sun Temple Palace guesthouse,29.8980182,31.2086805,أخرى,"entrance gate to Sun Temple Palace guesthouse is an ancient Egyptian temple site representing the country's rich religious and architectural heritage. These sacred spaces served as centers of worship, ritual, and economic activity in the ancient world.",594,
open horse way from town to pyramids,29.8906675,31.212049,أخرى,open horse way from town to pyramids is an ancient Egyptian historical site that forms part of Egypt's extraordinary archaeological heritage. The site offers visitors a direct connection to the civilization that built one of the greatest empires of the ancient world.,595,
open horse way from pyramids to town,29.8867143,31.212712,أخرى,open horse way from pyramids to town is an ancient Egyptian historical site that forms part of Egypt's extraordinary archaeological heritage. The site offers visitors a direct connection to the civilization that built one of the greatest empires of the ancient world.,596,
gate,29.8982463,31.2082116,أخرى,"gate is a point of interest in Egypt, contributing to the country's diverse cultural, historical, and natural landscape.",597,
pyramids sunshine inn,29.9440963,31.1616804,إقامة,"pyramids sunshine inn is a hotel and accommodation facility in Egypt, offering lodging services to travelers and tourists visiting the area.",598,
giza pyramids view from afar,29.9391169,31.1648156,أخرى,giza pyramids view from afar is an ancient Egyptian historical site that forms part of Egypt's extraordinary archaeological heritage. The site offers visitors a direct connection to the civilization that built one of the greatest empires of the ancient world.,599,
Happy View Inn,29.9678816,31.1457095,إقامة,"Happy View Inn is a hotel and accommodation facility in Egypt, offering lodging services to travelers and tourists visiting the area.",600,
pyramids sunrise inn,29.9523266,31.1564447,إقامة,"pyramids sunrise inn is a hotel and accommodation facility in Egypt, offering lodging services to travelers and tourists visiting the area.",601,
Pyramids Plateau,29.9681291,31.1462618,إقامة,"Pyramids Plateau is a hotel and accommodation facility in Egypt, offering lodging services to travelers and tourists visiting the area.",602,
giza pyramids view,29.9599529,31.151698,أخرى,giza pyramids view is an ancient Egyptian historical site that forms part of Egypt's extraordinary archaeological heritage. The site offers visitors a direct connection to the civilization that built one of the greatest empires of the ancient world.,603,
Gardenia,29.964295,31.1486271,إقامة,"Gardenia is a hotel and accommodation facility in Egypt, offering lodging services to travelers and tourists visiting the area.",604,
Almas Pyramids,29.9657537,31.1476925,إقامة,"Almas Pyramids is a hotel and accommodation facility in Egypt, offering lodging services to travelers and tourists visiting the area.",605,
Remal Pyramids,29.9663548,31.147296,إقامة,"Remal Pyramids is a hotel and accommodation facility in Egypt, offering lodging services to travelers and tourists visiting the area.",606,
Pyramids Palace View,29.9685217,31.1464976,إقامة,"Pyramids Palace View is a hotel and accommodation facility in Egypt, offering lodging services to travelers and tourists visiting the area.",607,
بيت السناري,30.0329644,31.2428189,ثقافي,"بيت السناري is a cultural institution in Egypt that preserves and presents aspects of Egyptian heritage, history, and artistic traditions for visitors and researchers alike.",608,
loads of horse and buggy rides in the desert sand right along the fence,29.9590344,31.1284628,أخرى,"loads of horse and buggy rides in the desert sand right along the fence is a point of interest in Egypt, contributing to the country's diverse cultural, historical, and natural landscape.",609,
ضريح أنور السادات,30.0654033,31.3138664,تاريخي,ضريح أنور السادات is an ancient Egyptian historical site that forms part of Egypt's extraordinary archaeological heritage. The site offers visitors a direct connection to the civilization that built one of the greatest empires of the ancient world.,610,
ضريح جمال عبد الناصر,30.0833742,31.2942979,تاريخي,ضريح جمال عبد الناصر is an ancient Egyptian historical site that forms part of Egypt's extraordinary archaeological heritage. The site offers visitors a direct connection to the civilization that built one of the greatest empires of the ancient world.,611,
قبر محمد مرسي,30.0294477,31.3519114,تاريخي,قبر محمد مرسي is an ancient Egyptian historical site that forms part of Egypt's extraordinary archaeological heritage. The site offers visitors a direct connection to the civilization that built one of the greatest empires of the ancient world.,612,
Atlantis Hotel,30.0495245,31.2400351,إقامة,"Atlantis Hotel is a hotel and accommodation facility in Egypt, offering lodging services to travelers and tourists visiting the area.",613,
Soft Hotel,30.0502026,31.2392179,إقامة,"Soft Hotel is a hotel and accommodation facility in Egypt, offering lodging services to travelers and tourists visiting the area.",614,
Pyramids Yard Hotel,29.9896509,31.1370656,إقامة,"Pyramids Yard Hotel is a hotel and accommodation facility in Egypt, offering lodging services to travelers and tourists visiting the area.",615,
The Great Sphinx,29.9743921,31.1385155,خدمات,The Great Sphinx is a service facility in Egypt that supports visitors and residents in the area.,616,
The Home Hotel Pyramids Inn,29.9869345,31.1351488,إقامة,"The Home Hotel Pyramids Inn is a hotel and accommodation facility in Egypt, offering lodging services to travelers and tourists visiting the area.",617,
The pyramid complex of king Khufu,29.9806333,31.1338581,خدمات,"The pyramid complex of King Khufu at Giza stands as one of humanity's greatest architectural achievements. The site includes the Great Pyramid, boat pits, mortuary temple, and causeways connecting to the Nile valley temple. This 4,500-year-old monument continues to reveal new secrets to archaeologists through ongoing excavations.",618,400.0
Grand Museum Hotel,29.9903684,31.1308122,إقامة,"Grand Museum Hotel is a hotel and accommodation facility in Egypt, offering lodging services to travelers and tourists visiting the area.",619,
Pyramid complex of Khufu (Cheops in Greek),29.9794364,31.1355056,خدمات,"The Khufu pyramid complex at Giza encompasses the Great Pyramid, three subsidiary pyramids, the Great Sphinx, and the Valley Temple. This UNESCO World Heritage site represents the pinnacle of ancient Egyptian architectural achievement. The complex took approximately 20 years to complete and required an estimated 2.3 million stone blocks.",620,400.0
Pyramids Pride Inn,29.9902021,31.1311445,إقامة,"Pyramids Pride Inn is a hotel and accommodation facility in Egypt, offering lodging services to travelers and tourists visiting the area.",621,
Pyramids Front,29.9895678,31.1373663,إقامة,"Pyramids Front is a hotel and accommodation facility in Egypt, offering lodging services to travelers and tourists visiting the area.",622,
Alfouad Hotel & Spa,29.99129,31.1278909,إقامة,"Alfouad Hotel & Spa is a hotel and accommodation facility in Egypt, offering lodging services to travelers and tourists visiting the area.",623,
The sanctuary // Dynasty 26 tomb shaft,29.9792063,31.1354453,خدمات,The sanctuary // Dynasty 26 tomb shaft is an ancient Egyptian historical site that forms part of Egypt's extraordinary archaeological heritage. The site offers visitors a direct connection to the civilization that built one of the greatest empires of the ancient world.,624,
متحف قصر عابدين,30.0434053,31.2478331,ثقافي,متحف قصر عابدين الموجود في قصر الحكم التاريخي بوسط القاهرة يضم مجموعات ملكية نادرة تشمل الأسلحة والأوسمة والهدايا الدبلوماسية. بُني القصر في 1874 في عهد الخديوي إسماعيل وشكّل المقر الرسمي لحكام مصر حتى ثورة 1952.,625,100.0
Ramses II,30.0470641,31.2335474,أخرى,"Ramses II is a point of interest in Egypt, contributing to the country's diverse cultural, historical, and natural landscape.",626,
Sphinx of Thutmosis III,30.0469477,31.2335511,ثقافي,"Sphinx of Thutmosis III is a cultural institution in Egypt that preserves and presents aspects of Egyptian heritage, history, and artistic traditions for visitors and researchers alike.",627,
Sphinx of Thutmosis III,30.0469513,31.2337049,ثقافي,"Sphinx of Thutmosis III is a cultural institution in Egypt that preserves and presents aspects of Egyptian heritage, history, and artistic traditions for visitors and researchers alike.",628,
Ramses II,30.0470677,31.2337012,أخرى,"Ramses II is a point of interest in Egypt, contributing to the country's diverse cultural, historical, and natural landscape.",629,
Auguste Mariette,30.0470017,31.232889,ثقافي,"Auguste Mariette is a cultural institution in Egypt that preserves and presents aspects of Egyptian heritage, history, and artistic traditions for visitors and researchers alike.",630,
Pyramids view guest house,29.9902273,31.1311026,أخرى,Pyramids view guest house is an ancient Egyptian historical site that forms part of Egypt's extraordinary archaeological heritage. The site offers visitors a direct connection to the civilization that built one of the greatest empires of the ancient world.,631,
متحف أنور السادات,29.9981468,31.2169877,ثقافي,متحف الرئيس أنور السادات يوثّق حياة الزعيم المصري الذي حصل على جائزة نوبل للسلام ووقّع معاهدة السلام مع إسرائيل عام 1979. يعرض وثائق تاريخية نادرة وأغراضه الشخصية وصوراً من مسيرته السياسية وحرب أكتوبر 1973.,632,40.0
متحف تاريخ مصر الحديث,29.9981468,31.2168924,ثقافي,"متحف تاريخ مصر الحديث is a cultural institution in Egypt that preserves and presents aspects of Egyptian heritage, history, and artistic traditions for visitors and researchers alike.",633,
متحف بناة الأهرامات,29.998149,31.216811,ثقافي,"متحف بناة الأهرامات is a cultural institution in Egypt that preserves and presents aspects of Egyptian heritage, history, and artistic traditions for visitors and researchers alike.",634,100.0
متحف التحنيط,29.9981504,31.216728,ثقافي,متحف التحنيط في الأقصر هو المتحف الوحيد في العالم المخصص لعلم وفن التحنيط الفرعوني. يضم مومياوات بشرية وحيوانية وأدوات التحنيط وخامات العطور والأحجبة المستخدمة في الطقوس الجنائزية. يقدم رؤية علمية وروحانية فريدة عن تصوّر المصريين القدماء للموت والحياة الأخرى.,635,100.0
المتحف القبطى,29.9981511,31.2166442,ثقافي,"المتحف القبطي في القاهرة القديمة يحتضن أكبر مجموعة من الآثار القبطية في العالم. تأسس عام 1910 ويضم أكثر من 16,000 قطعة تشمل المخطوطات والأيقونات والمنسوجات والفخاريات التي توثّق تراث المسيحية المصرية.",636,100.0
متحف نابليون,29.9981525,31.2165645,ثقافي,"متحف نابليون is a cultural institution in Egypt that preserves and presents aspects of Egyptian heritage, history, and artistic traditions for visitors and researchers alike.",637,
متحف المخترعين,29.9981511,31.2164971,ثقافي,"متحف المخترعين is a cultural institution in Egypt that preserves and presents aspects of Egyptian heritage, history, and artistic traditions for visitors and researchers alike.",638,
Islamic Museum,29.9965532,31.218377,ثقافي,"The Museum of Islamic Art in central Cairo holds one of the world's most important collections of Islamic art and artifacts, spanning 1,400 years of Islamic civilization. The museum houses over 100,000 objects including rare manuscripts, metalwork, ceramics, and textiles from Egypt, Persia, Turkey, and across the Islamic world. Reopened after extensive restoration following a bomb attack in 2014.",639,100.0
مقبرة توت عنخ أمون,29.9965582,31.2182907,أخرى,"مقبرة توت عنخ أمون is a point of interest in Egypt, contributing to the country's diverse cultural, historical, and natural landscape.",640,
متحف عبد الناصر,29.9965639,31.2182073,ثقافي,"متحف عبد الناصر is a cultural institution in Egypt that preserves and presents aspects of Egyptian heritage, history, and artistic traditions for visitors and researchers alike.",641,40.0
أحمد شوقى,30.0447126,31.2274919,ثقافي,"أحمد شوقى is a cultural institution in Egypt that preserves and presents aspects of Egyptian heritage, history, and artistic traditions for visitors and researchers alike.",642,
محمدعيد,30.1536913,31.2868962,أخرى,"محمدعيد is a point of interest in Egypt, contributing to the country's diverse cultural, historical, and natural landscape.",643,
متحف التراث,29.9976227,31.2172423,ثقافي,"متحف التراث is a cultural institution in Egypt that preserves and presents aspects of Egyptian heritage, history, and artistic traditions for visitors and researchers alike.",644,
متحف الحياة اليومية لمصر الفرعونية,29.9976041,31.217422,ثقافي,"متحف الحياة اليومية لمصر الفرعونية is a cultural institution in Egypt that preserves and presents aspects of Egyptian heritage, history, and artistic traditions for visitors and researchers alike.",645,
جومانجى,30.0978012,31.317274,أخرى,"جومانجى is a point of interest in Egypt, contributing to the country's diverse cultural, historical, and natural landscape.",646,
Sakan Masr EMPC Compound - Main Gate,29.9556284,31.0250524,أخرى,"Sakan Masr EMPC Compound - Main Gate is a point of interest in Egypt, contributing to the country's diverse cultural, historical, and natural landscape.",647,
Elegance Grand City Hotel,30.0368832,31.2326038,إقامة,"Elegance Grand City Hotel is a hotel and accommodation facility in Egypt, offering lodging services to travelers and tourists visiting the area.",648,
منزل سهل حمزة,29.9943682,31.1543819,أخرى,"منزل سهل حمزة is a point of interest in Egypt, contributing to the country's diverse cultural, historical, and natural landscape.",649,
بيت اقارب,29.9993504,31.1546642,أخرى,"بيت اقارب is a point of interest in Egypt, contributing to the country's diverse cultural, historical, and natural landscape.",650,
El Waha Home,30.0382971,31.3764511,أخرى,"El Waha Home is a point of interest in Egypt, contributing to the country's diverse cultural, historical, and natural landscape.",651,
Pyramids Spiritual Gate,29.9771248,31.1441206,إقامة,"Pyramids Spiritual Gate is a hotel and accommodation facility in Egypt, offering lodging services to travelers and tourists visiting the area.",652,
SS Thistlegorm,27.814092,33.9200482,أخرى,"SS Thistlegorm is a point of interest in Egypt, contributing to the country's diverse cultural, historical, and natural landscape.",653,
Shark Reef,27.7257079,34.259035,أخرى,"Shark Reef is a point of interest in Egypt, contributing to the country's diverse cultural, historical, and natural landscape.",654,
Anemone City,27.7274421,34.2588554,أخرى,"Anemone City is a point of interest in Egypt, contributing to the country's diverse cultural, historical, and natural landscape.",655,
Satellite Reef,27.7244542,34.2575222,أخرى,"Satellite Reef is a point of interest in Egypt, contributing to the country's diverse cultural, historical, and natural landscape.",656,
Yolanda Reef,27.7247011,34.2583484,أخرى,"Yolanda Reef is a point of interest in Egypt, contributing to the country's diverse cultural, historical, and natural landscape.",657,
Ras Ghozlani,27.7894435,34.2619429,أخرى,"Ras Ghozlani is a point of interest in Egypt, contributing to the country's diverse cultural, historical, and natural landscape.",658,
Far Garden,27.9150053,34.3588754,أخرى,"Far Garden is a point of interest in Egypt, contributing to the country's diverse cultural, historical, and natural landscape.",659,
Amphoras,27.8692787,34.3252798,أخرى,"Amphoras is a point of interest in Egypt, contributing to the country's diverse cultural, historical, and natural landscape.",660,
Jackfish Alley,27.7441533,34.2569889,أخرى,"Jackfish Alley is a point of interest in Egypt, contributing to the country's diverse cultural, historical, and natural landscape.",661,
Near Garden,27.9081038,34.3467116,أخرى,"Near Garden is a point of interest in Egypt, contributing to the country's diverse cultural, historical, and natural landscape.",662,
Middle Garden,27.9129604,34.3511212,أخرى,"Middle Garden is a point of interest in Egypt, contributing to the country's diverse cultural, historical, and natural landscape.",663,
Egypt Air office,27.8650486,34.2983829,خدمات,Egypt Air office is a service facility in Egypt that supports visitors and residents in the area.,664,
Turquoise,27.86226,34.2887806,إقامة,"Turquoise is a hotel and accommodation facility in Egypt, offering lodging services to travelers and tourists visiting the area.",665,
Sinai Grand Casino,27.918536,34.3403121,أخرى,"Sinai Grand Casino is a point of interest in Egypt, contributing to the country's diverse cultural, historical, and natural landscape.",666,
Logaina,27.859843,34.280798,إقامة,"Logaina is a hotel and accommodation facility in Egypt, offering lodging services to travelers and tourists visiting the area.",667,
Dunraven,27.7033333,34.1216666,أخرى,"Dunraven is a point of interest in Egypt, contributing to the country's diverse cultural, historical, and natural landscape.",668,
Ras Katy,27.8466578,34.3024876,أخرى,"Ras Katy is a point of interest in Egypt, contributing to the country's diverse cultural, historical, and natural landscape.",669,
Ras Umm Sid,27.847261,34.31648,أخرى,"Ras Umm Sid is a point of interest in Egypt, contributing to the country's diverse cultural, historical, and natural landscape.",670,
أفيرة,27.8654526,34.2905028,أخرى,"أفيرة is a point of interest in Egypt, contributing to the country's diverse cultural, historical, and natural landscape.",671,
Animation Dessole Seti Sharm,27.8633049,34.2959938,أخرى,"Animation Dessole Seti Sharm is a point of interest in Egypt, contributing to the country's diverse cultural, historical, and natural landscape.",672,
Reception,27.8634741,34.2964948,خدمات,Reception is a service facility in Egypt that supports visitors and residents in the area.,673,
Mangrove trees,27.7292689,34.2467835,أخرى,"Mangrove trees is a point of interest in Egypt, contributing to the country's diverse cultural, historical, and natural landscape.",674,
Turtle Bay,27.8644615,34.3229602,أخرى,"Turtle Bay is a point of interest in Egypt, contributing to the country's diverse cultural, historical, and natural landscape.",675,
Pinky Wall,27.8795604,34.3220161,أخرى,"Pinky Wall is a point of interest in Egypt, contributing to the country's diverse cultural, historical, and natural landscape.",676,
Sodfa,27.8877937,34.3293251,أخرى,"Sodfa is a point of interest in Egypt, contributing to the country's diverse cultural, historical, and natural landscape.",677,
Tower,27.8822916,34.3262218,أخرى,"Tower is a point of interest in Egypt, contributing to the country's diverse cultural, historical, and natural landscape.",678,
Iberotel Palace,27.863544,34.2936835,إقامة,"Iberotel Palace is a hotel and accommodation facility in Egypt, offering lodging services to travelers and tourists visiting the area.",679,
La Perla,27.8651254,34.3120786,إقامة,"La Perla is a hotel and accommodation facility in Egypt, offering lodging services to travelers and tourists visiting the area.",680,
Seti Sharm,27.8634282,34.2968121,إقامة,"Seti Sharm is a hotel and accommodation facility in Egypt, offering lodging services to travelers and tourists visiting the area.",681,
Sanafir,27.9101791,34.3249554,إقامة,"Sanafir is a hotel and accommodation facility in Egypt, offering lodging services to travelers and tourists visiting the area.",682,
Hotel Royal Plaza,27.9111647,34.3195076,إقامة,"Hotel Royal Plaza is a hotel and accommodation facility in Egypt, offering lodging services to travelers and tourists visiting the area.",683,
Logaina Sharm Resort,27.956868,34.3664738,إقامة,"Logaina Sharm Resort is a hotel and accommodation facility in Egypt, offering lodging services to travelers and tourists visiting the area.",684,
Otium Hotel Aloha Resort,27.8696555,34.3207382,إقامة,"Otium Hotel Aloha Resort is a hotel and accommodation facility in Egypt, offering lodging services to travelers and tourists visiting the area.",685,
White island,27.7442598,34.1637749,أخرى,"White island is a point of interest in Egypt, contributing to the country's diverse cultural, historical, and natural landscape.",686,
Reception,27.8646546,34.3180122,خدمات,Reception is a service facility in Egypt that supports visitors and residents in the area.,687,
Animation team,27.8637728,34.3195854,خدمات,Animation team is a service facility in Egypt that supports visitors and residents in the area.,688,
Old Quay Beach,27.7360188,34.2410701,أخرى,"Old Quay Beach is a point of interest in Egypt, contributing to the country's diverse cultural, historical, and natural landscape.",689,
Shark & Yolanda Reef,27.7281718,34.2566574,أخرى,"Shark & Yolanda Reef is a point of interest in Egypt, contributing to the country's diverse cultural, historical, and natural landscape.",690,
Shark Observatory Clifftop,27.7318843,34.2602631,أخرى,"Shark Observatory Clifftop is a point of interest in Egypt, contributing to the country's diverse cultural, historical, and natural landscape.",691,
جراند سيرين,27.9297839,34.3664465,إقامة,"جراند سيرين is a hotel and accommodation facility in Egypt, offering lodging services to travelers and tourists visiting the area.",692,
Sinai Old Spices,27.9118363,34.2842311,إقامة,"Sinai Old Spices is a hotel and accommodation facility in Egypt, offering lodging services to travelers and tourists visiting the area.",693,
Sun rise resorts diamond,27.8648576,34.3192706,إقامة,"Sun rise resorts diamond is a hotel and accommodation facility in Egypt, offering lodging services to travelers and tourists visiting the area.",694,
Sun Rise Resort Diamond,27.8648417,34.3192711,إقامة,"Sun Rise Resort Diamond is a hotel and accommodation facility in Egypt, offering lodging services to travelers and tourists visiting the area.",695,
Sunrise Diamond Beach Resort,27.8638597,34.3187651,إقامة,"Sunrise Diamond Beach Resort is a hotel and accommodation facility in Egypt, offering lodging services to travelers and tourists visiting the area.",696,
Egyptian Youth Hostels Association,27.8629213,34.3032004,إقامة,"Egyptian Youth Hostels Association is a hotel and accommodation facility in Egypt, offering lodging services to travelers and tourists visiting the area.",697,
The Grand Hotel Sharm,27.871913,34.3184544,إقامة,"The Grand Hotel Sharm is a hotel and accommodation facility in Egypt, offering lodging services to travelers and tourists visiting the area.",698,
Naama Blue Hotel,27.9100395,34.3209116,إقامة,"Naama Blue Hotel is a hotel and accommodation facility in Egypt, offering lodging services to travelers and tourists visiting the area.",699,
Ras Um Sid,27.8482308,34.310403,أخرى,"Ras Um Sid is a point of interest in Egypt, contributing to the country's diverse cultural, historical, and natural landscape.",700,
Reef Oasis Beach Resort,27.9184998,34.3613922,إقامة,"Reef Oasis Beach Resort is a hotel and accommodation facility in Egypt, offering lodging services to travelers and tourists visiting the area.",701,
Hotel,27.8550967,34.3075014,إقامة,"Hotel is a hotel and accommodation facility in Egypt, offering lodging services to travelers and tourists visiting the area.",702,
Aqua Blu Resort,27.8572744,34.3042061,إقامة,"Aqua Blu Resort is a hotel and accommodation facility in Egypt, offering lodging services to travelers and tourists visiting the area.",703,
King Tut Museum,27.9074779,34.3188138,ثقافي,"The King Tutankhamun Museum offers an immersive experience recreating the discovery of the famous boy pharaoh's tomb by Howard Carter in 1922. Featuring replica artifacts from the original Tutankhamun collection, it provides an accessible introduction to one of archaeology's most celebrated finds. The museum includes life-size reproductions of the nested coffins and funerary treasures.",704,150.0
منتجع ماريوت شرم الشيخ,27.9162639,34.3324096,إقامة,"منتجع ماريوت شرم الشيخ is a hotel and accommodation facility in Egypt, offering lodging services to travelers and tourists visiting the area.",705,
سفاري شرم الشيخ,27.942264,34.3086591,أخرى,"سفاري شرم الشيخ is a point of interest in Egypt, contributing to the country's diverse cultural, historical, and natural landscape.",706,
Hollywood park sharm,27.9281335,34.3455117,أخرى,"Hollywood park sharm is a point of interest in Egypt, contributing to the country's diverse cultural, historical, and natural landscape.",707,
Marsa Kharita,27.8246951,34.2667686,أخرى,"Marsa Kharita is a point of interest in Egypt, contributing to the country's diverse cultural, historical, and natural landscape.",708,
Marsa Bareika,27.7866024,34.2177797,أخرى,"Marsa Bareika is a point of interest in Egypt, contributing to the country's diverse cultural, historical, and natural landscape.",709,
Sharm,27.908208,34.3244795,أخرى,"Sharm is a point of interest in Egypt, contributing to the country's diverse cultural, historical, and natural landscape.",710,
Shark Observatory,27.7310555,34.2597859,أخرى,"Shark Observatory is a point of interest in Egypt, contributing to the country's diverse cultural, historical, and natural landscape.",711,
Sol Y Mar Sharming Inn,27.8694615,34.3174065,إقامة,"Sol Y Mar Sharming Inn is a hotel and accommodation facility in Egypt, offering lodging services to travelers and tourists visiting the area.",712,
Sharm Dreams Vacation Club,27.917752,34.3252539,إقامة,"Sharm Dreams Vacation Club is a hotel and accommodation facility in Egypt, offering lodging services to travelers and tourists visiting the area.",713,
Tropicana Rosetta & Jasmine Club 4*,27.9169296,34.3264019,إقامة,"Tropicana Rosetta & Jasmine Club 4* is a hotel and accommodation facility in Egypt, offering lodging services to travelers and tourists visiting the area.",714,
Sinai Sunset,27.9173929,34.3279964,إقامة,"Sinai Sunset is a hotel and accommodation facility in Egypt, offering lodging services to travelers and tourists visiting the area.",715,
Novotel Palm,27.9171032,34.3302678,إقامة,"Novotel Palm is a hotel and accommodation facility in Egypt, offering lodging services to travelers and tourists visiting the area.",716,
South Sinai Governorate,27.8955101,34.3039262,أخرى,"South Sinai Governorate is a point of interest in Egypt, contributing to the country's diverse cultural, historical, and natural landscape.",717,
el Fanara Beach,27.8482533,34.3141824,أخرى,"el Fanara Beach is a point of interest in Egypt, contributing to the country's diverse cultural, historical, and natural landscape.",718,
"""Naama Heights""",27.9219275,34.3226604,إقامة,"""Naama Heights"" is a hotel and accommodation facility in Egypt, offering lodging services to travelers and tourists visiting the area.",719,
Old quay,27.7379401,34.238864,أخرى,"Old quay is a point of interest in Egypt, contributing to the country's diverse cultural, historical, and natural landscape.",720,
Hidden bay,27.7342382,34.2457746,أخرى,"Hidden bay is a point of interest in Egypt, contributing to the country's diverse cultural, historical, and natural landscape.",721,
Sheraton,27.9217863,34.3669308,إقامة,"Sheraton is a hotel and accommodation facility in Egypt, offering lodging services to travelers and tourists visiting the area.",722,
танк,27.8507304,34.2898294,أخرى,"танк is a point of interest in Egypt, contributing to the country's diverse cultural, historical, and natural landscape.",723,
Mangrove channel,27.7279086,34.2479521,أخرى,"Mangrove channel is a point of interest in Egypt, contributing to the country's diverse cultural, historical, and natural landscape.",724,
Mangrove channel,27.7277899,34.2478448,خدمات,Mangrove channel is a service facility in Egypt that supports visitors and residents in the area.,725,
Earthquake crack,27.728068,34.2581653,أخرى,"Earthquake crack is a point of interest in Egypt, contributing to the country's diverse cultural, historical, and natural landscape.",726,
Earthquake crack,27.7279252,34.2576349,أخرى,"Earthquake crack is a point of interest in Egypt, contributing to the country's diverse cultural, historical, and natural landscape.",727,
Earthquake crack,27.7299718,34.2566693,أخرى,"Earthquake crack is a point of interest in Egypt, contributing to the country's diverse cultural, historical, and natural landscape.",728,
Ras Mohammed Wall,27.7321708,34.2595976,خدمات,Ras Mohammed Wall is a service facility in Egypt that supports visitors and residents in the area.,729,
Amirati Beach,27.8618271,34.2895379,أخرى,"Amirati Beach is a point of interest in Egypt, contributing to the country's diverse cultural, historical, and natural landscape.",730,
Dave in resorts,27.8642262,34.311138,إقامة,"Dave in resorts is a hotel and accommodation facility in Egypt, offering lodging services to travelers and tourists visiting the area.",731,
Palma Beach,27.85198,34.3165394,إقامة,"Palma Beach is a hotel and accommodation facility in Egypt, offering lodging services to travelers and tourists visiting the area.",732,
Stella din Mare,27.9049479,34.3299906,إقامة,"Stella din Mare is a hotel and accommodation facility in Egypt, offering lodging services to travelers and tourists visiting the area.",733,
Dolphins,27.8607955,34.3028897,أخرى,"Dolphins is a point of interest in Egypt, contributing to the country's diverse cultural, historical, and natural landscape.",734,
Domina coral bay Harem resort 5*,27.9249295,34.364045,إقامة,"Domina coral bay Harem resort 5* is a hotel and accommodation facility in Egypt, offering lodging services to travelers and tourists visiting the area.",735,
Compass,27.9025639,34.3127282,أخرى,"Compass is a point of interest in Egypt, contributing to the country's diverse cultural, historical, and natural landscape.",736,
Domina coral bay harem 5,27.9249106,34.3639737,إقامة,"Domina coral bay harem 5 is a hotel and accommodation facility in Egypt, offering lodging services to travelers and tourists visiting the area.",737,
Монте Карло,27.8659749,34.3200977,إقامة,"Монте Карло is a hotel and accommodation facility in Egypt, offering lodging services to travelers and tourists visiting the area.",738,
Domina coral bay aquamarine,27.9295573,34.3646208,إقامة,"Domina coral bay aquamarine is a hotel and accommodation facility in Egypt, offering lodging services to travelers and tourists visiting the area.",739,
Mohamed Ali Pacha,27.8662583,34.296414,أخرى,"Mohamed Ali Pacha is a point of interest in Egypt, contributing to the country's diverse cultural, historical, and natural landscape.",740,
Faraana atv safari,27.9442758,34.313349,أخرى,"Faraana atv safari is a point of interest in Egypt, contributing to the country's diverse cultural, historical, and natural landscape.",741,
Pennut’s Tomb,22.7371389,32.2611775,أخرى,Pennut’s Tomb is an ancient Egyptian historical site that forms part of Egypt's extraordinary archaeological heritage. The site offers visitors a direct connection to the civilization that built one of the greatest empires of the ancient world.,742,
ملاهي,31.1243259,30.6450726,أخرى,"ملاهي is a point of interest in Egypt, contributing to the country's diverse cultural, historical, and natural landscape.",743,
حديقة حيوان دسوق,31.1248036,30.6448135,أخرى,"حديقة حيوان دسوق is a point of interest in Egypt, contributing to the country's diverse cultural, historical, and natural landscape.",744,
الجندى المجهول,31.0367213,30.4597722,أخرى,"الجندى المجهول is a point of interest in Egypt, contributing to the country's diverse cultural, historical, and natural landscape.",745,
المسلة,31.0982535,30.6729403,أخرى,"المسلة is a point of interest in Egypt, contributing to the country's diverse cultural, historical, and natural landscape.",746,
ربيع الدكماوي,30.7486216,30.772762,أخرى,"ربيع الدكماوي is a point of interest in Egypt, contributing to the country's diverse cultural, historical, and natural landscape.",747,
كفر خضير,30.9459348,30.7641918,إقامة,"كفر خضير is a hotel and accommodation facility in Egypt, offering lodging services to travelers and tourists visiting the area.",748,
نصب المصحف الشريف,31.1282526,30.6451251,أخرى,"نصب المصحف الشريف is a point of interest in Egypt, contributing to the country's diverse cultural, historical, and natural landscape.",749,
شارع حبكة,31.0422542,30.4583146,أخرى,"شارع حبكة is a point of interest in Egypt, contributing to the country's diverse cultural, historical, and natural landscape.",750,
علي زيدان,30.8132963,30.417795,إقامة,"علي زيدان is a hotel and accommodation facility in Egypt, offering lodging services to travelers and tourists visiting the area.",751,
مشروع 5,30.8136785,30.4171718,أخرى,"مشروع 5 is a point of interest in Egypt, contributing to the country's diverse cultural, historical, and natural landscape.",752,
قدري رسلان,30.8651375,30.4245239,أخرى,"قدري رسلان is a point of interest in Egypt, contributing to the country's diverse cultural, historical, and natural landscape.",753,
NourCards Apartments,31.0305655,30.713612,إقامة,"NourCards Apartments is a hotel and accommodation facility in Egypt, offering lodging services to travelers and tourists visiting the area.",754,
كوم فرين,30.8646311,30.4843172,تاريخي,كوم فرين is an ancient Egyptian historical site that forms part of Egypt's extraordinary archaeological heritage. The site offers visitors a direct connection to the civilization that built one of the greatest empires of the ancient world.,755,
Naucratis,30.8996243,30.5923303,أخرى,"Naucratis is a point of interest in Egypt, contributing to the country's diverse cultural, historical, and natural landscape.",756,
صفط العنب,30.8123532,30.6876724,أخرى,"صفط العنب is a point of interest in Egypt, contributing to the country's diverse cultural, historical, and natural landscape.",757,
قرية نجريج,30.9743073,30.8669695,أخرى,"قرية نجريج is a point of interest in Egypt, contributing to the country's diverse cultural, historical, and natural landscape.",758,
نوميديا,26.3156833,34.84145,أخرى,"نوميديا is a point of interest in Egypt, contributing to the country's diverse cultural, historical, and natural landscape.",759,
Pensee Royal Garden,25.9363667,34.3900547,إقامة,"Pensee Royal Garden is a hotel and accommodation facility in Egypt, offering lodging services to travelers and tourists visiting the area.",760,
Amphitheater,25.9663789,34.3621962,أخرى,"Amphitheater is a point of interest in Egypt, contributing to the country's diverse cultural, historical, and natural landscape.",761,
وادي الحيتان,29.2640584,30.0230279,خدمات,وادي الحيتان is a service facility in Egypt that supports visitors and residents in the area.,762,
النهدين,29.1887894,30.3609341,أخرى,"النهدين is a point of interest in Egypt, contributing to the country's diverse cultural, historical, and natural landscape.",763,
ايكولودج زوارة,29.144113,30.307587,أخرى,"ايكولودج زوارة is a point of interest in Egypt, contributing to the country's diverse cultural, historical, and natural landscape.",764,
Qosour AlArab Camp,29.1410945,30.1946215,إقامة,"Qosour AlArab Camp is a hotel and accommodation facility in Egypt, offering lodging services to travelers and tourists visiting the area.",765,
Lake Rayan from Mt Medawara,29.1803327,30.3506529,أخرى,"Lake Rayan from Mt Medawara is a point of interest in Egypt, contributing to the country's diverse cultural, historical, and natural landscape.",766,
Magic Lake from Mt Medawara,29.1715509,30.3500423,أخرى,"Magic Lake from Mt Medawara is a point of interest in Egypt, contributing to the country's diverse cultural, historical, and natural landscape.",767,
Observation of a narrow Sandsea,28.9853081,30.4061646,أخرى,"Observation of a narrow Sandsea is a point of interest in Egypt, contributing to the country's diverse cultural, historical, and natural landscape.",768,
الشاطئ المسحور,29.1545377,30.4169,خارجي وطبيعي,"الشاطئ المسحور is an outdoor natural or recreational area in Egypt, offering visitors the opportunity to experience the country's diverse landscapes from the Nile Valley to the desert and Mediterranean coast.",769,
Daniela,28.5367411,34.5157708,إقامة,"Daniela is a hotel and accommodation facility in Egypt, offering lodging services to travelers and tourists visiting the area.",770,
Blue Hole Memorial,28.5732169,34.5384791,أخرى,"Blue Hole Memorial is a point of interest in Egypt, contributing to the country's diverse cultural, historical, and natural landscape.",771,
The Bells,28.5734535,34.5392697,أخرى,"The Bells is a point of interest in Egypt, contributing to the country's diverse cultural, historical, and natural landscape.",772,
Miami Beach Hotel,28.5407939,34.5151431,إقامة,"Miami Beach Hotel is a hotel and accommodation facility in Egypt, offering lodging services to travelers and tourists visiting the area.",773,
Camico Hotel,28.5429559,34.5159281,إقامة,"Camico Hotel is a hotel and accommodation facility in Egypt, offering lodging services to travelers and tourists visiting the area.",774,
Sea Sun Hotel,28.5493893,34.5166826,إقامة,"Sea Sun Hotel is a hotel and accommodation facility in Egypt, offering lodging services to travelers and tourists visiting the area.",775,
Blue Hole,28.5723028,34.5373553,أخرى,"Blue Hole is a point of interest in Egypt, contributing to the country's diverse cultural, historical, and natural landscape.",776,
Canyon,28.554359,34.5212059,أخرى,"Canyon is a point of interest in Egypt, contributing to the country's diverse cultural, historical, and natural landscape.",777,
camel tomb,28.6961625,34.3954707,أخرى,camel tomb is an ancient Egyptian historical site that forms part of Egypt's extraordinary archaeological heritage. The site offers visitors a direct connection to the civilization that built one of the greatest empires of the ancient world.,778,
tafoni,28.8999505,34.4373091,أخرى,"tafoni is a point of interest in Egypt, contributing to the country's diverse cultural, historical, and natural landscape.",779,
Hadudah,28.7713253,34.4340271,أخرى,"Hadudah is a point of interest in Egypt, contributing to the country's diverse cultural, historical, and natural landscape.",780,
Hedeide,28.7599078,34.4377742,أخرى,"Hedeide is a point of interest in Egypt, contributing to the country's diverse cultural, historical, and natural landscape.",781,
Naqb Mehamed,28.9277289,34.4912286,أخرى,"Naqb Mehamed is a point of interest in Egypt, contributing to the country's diverse cultural, historical, and natural landscape.",782,
Wadi Rum,28.9109012,34.4217753,أخرى,"Wadi Rum is a point of interest in Egypt, contributing to the country's diverse cultural, historical, and natural landscape.",783,
White Canyon Entrance,28.8795771,34.4302315,أخرى,"White Canyon Entrance is a point of interest in Egypt, contributing to the country's diverse cultural, historical, and natural landscape.",784,
dune,28.8835842,34.431726,أخرى,"dune is a point of interest in Egypt, contributing to the country's diverse cultural, historical, and natural landscape.",785,
dune,28.8784219,34.4347515,أخرى,"dune is a point of interest in Egypt, contributing to the country's diverse cultural, historical, and natural landscape.",786,
Mushroom,28.8967052,34.4706156,أخرى,"Mushroom is a point of interest in Egypt, contributing to the country's diverse cultural, historical, and natural landscape.",787,
Mushroom,28.8139185,34.4472427,أخرى,"Mushroom is a point of interest in Egypt, contributing to the country's diverse cultural, historical, and natural landscape.",788,
Mushroom,28.9275448,34.4924907,أخرى,"Mushroom is a point of interest in Egypt, contributing to the country's diverse cultural, historical, and natural landscape.",789,
Mushroom,28.9255425,34.4965278,أخرى,"Mushroom is a point of interest in Egypt, contributing to the country's diverse cultural, historical, and natural landscape.",790,
Mushroom,28.791381,34.4258908,أخرى,"Mushroom is a point of interest in Egypt, contributing to the country's diverse cultural, historical, and natural landscape.",791,
Cathedral,28.8946913,34.4316626,أخرى,"Cathedral is a point of interest in Egypt, contributing to the country's diverse cultural, historical, and natural landscape.",792,
Cave,28.8931668,34.4157084,أخرى,"Cave is a point of interest in Egypt, contributing to the country's diverse cultural, historical, and natural landscape.",793,
Peace Land camp,28.6119955,34.5552744,أخرى,"Peace Land camp is a point of interest in Egypt, contributing to the country's diverse cultural, historical, and natural landscape.",794,
camp,28.6397211,34.5781044,أخرى,"camp is a point of interest in Egypt, contributing to the country's diverse cultural, historical, and natural landscape.",795,
camp,28.6390736,34.5797809,أخرى,"camp is a point of interest in Egypt, contributing to the country's diverse cultural, historical, and natural landscape.",796,
tirfie,28.5514254,34.5160151,إقامة,"tirfie is a hotel and accommodation facility in Egypt, offering lodging services to travelers and tourists visiting the area.",797,
Saddle,28.5720833,34.5375978,أخرى,"Saddle is a point of interest in Egypt, contributing to the country's diverse cultural, historical, and natural landscape.",798,
Blue and Bells view stp,28.5747696,34.5399879,أخرى,"Blue and Bells view stp is a point of interest in Egypt, contributing to the country's diverse cultural, historical, and natural landscape.",799,
blue lagoon View STP,28.6356525,34.5785017,أخرى,"blue lagoon View STP is a point of interest in Egypt, contributing to the country's diverse cultural, historical, and natural landscape.",800,
أوبونتو,28.6160907,34.5600586,إقامة,"أوبونتو is a hotel and accommodation facility in Egypt, offering lodging services to travelers and tourists visiting the area.",801,
حطام سفينة,28.8770947,34.8323462,أخرى,"حطام سفينة is a point of interest in Egypt, contributing to the country's diverse cultural, historical, and natural landscape.",802,
ship wreck,28.8769173,34.8323912,أخرى,"ship wreck is a point of interest in Egypt, contributing to the country's diverse cultural, historical, and natural landscape.",803,
Мини красный каньон,28.8899907,34.4707957,أخرى,"Мини красный каньон is a point of interest in Egypt, contributing to the country's diverse cultural, historical, and natural landscape.",804,
Blue hole,28.5725321,34.5375154,أخرى,"Blue hole is a point of interest in Egypt, contributing to the country's diverse cultural, historical, and natural landscape.",805,
el-Hammam,25.5157525,30.5430379,تاريخي,el-Hammam is an ancient Egyptian historical site that forms part of Egypt's extraordinary archaeological heritage. The site offers visitors a direct connection to the civilization that built one of the greatest empires of the ancient world.,806,
Ain el-Charab (Ain et-Turba),25.4809898,30.5559743,تاريخي,Ain el-Charab (Ain et-Turba) is an ancient Egyptian historical site that forms part of Egypt's extraordinary archaeological heritage. The site offers visitors a direct connection to the civilization that built one of the greatest empires of the ancient world.,807,
Qasr El Bagawat Hotel,25.4850889,30.5627369,أخرى,"Qasr El Bagawat Hotel is a point of interest in Egypt, contributing to the country's diverse cultural, historical, and natural landscape.",808,
Bab el-Mukhenig,26.8691308,33.0359623,تاريخي,Bab el-Mukhenig is an ancient Egyptian historical site that forms part of Egypt's extraordinary archaeological heritage. The site offers visitors a direct connection to the civilization that built one of the greatest empires of the ancient world.,809,
Rahala Safari Hotel,27.0636849,27.9765658,إقامة,"Rahala Safari Hotel is a hotel and accommodation facility in Egypt, offering lodging services to travelers and tourists visiting the area.",810,
Badr Museum,27.0619204,27.9684299,ثقافي,"Badr Museum in Farafra Oasis in the Western Desert is a unique artistic and cultural institution created entirely by local artist Badr Abdel Moghny. The museum showcases his paintings, sculptures, and pottery celebrating Bedouin life and desert culture. The building itself, constructed from mud-brick in traditional style, is itself a work of art.",811,50.0
العرابة المدفونة,26.175,31.911111,تاريخي,العرابة المدفونة is an ancient Egyptian historical site that forms part of Egypt's extraordinary archaeological heritage. The site offers visitors a direct connection to the civilization that built one of the greatest empires of the ancient world.,812,
Tomb T Tomb of Pharaoh Den,26.1744336,31.9077693,أخرى,Tomb T Tomb of Pharaoh Den is an ancient Egyptian historical site that forms part of Egypt's extraordinary archaeological heritage. The site offers visitors a direct connection to the civilization that built one of the greatest empires of the ancient world.,813,
مهندس السيد العربي,26.3367579,31.89085,أخرى,"مهندس السيد العربي is a point of interest in Egypt, contributing to the country's diverse cultural, historical, and natural landscape.",814,
Pyramid of Ahmose,26.175,31.93778,تاريخي,"The pyramid of Ahmose I at Abydos is associated with the founder of the 18th Dynasty and the New Kingdom, who expelled the Hyksos and reunified Egypt around 1550 BCE. Unlike typical pyramids, it was a cenotaph rather than an actual burial place. Nearby at Abydos is a remarkable painted pyramid chapel and a large brick pyramid that stands as a monument to this transformative pharaoh.",815,
كوم معين,26.3045764,31.9106581,أخرى,"كوم معين is a point of interest in Egypt, contributing to the country's diverse cultural, historical, and natural landscape.",816,
Mortuary temple of Senwosret III,26.1782655,31.9295357,تاريخي,"The mortuary temple of Senwosret III at Dahshur dates to the Middle Kingdom's 12th Dynasty. Senwosret III was one of ancient Egypt's most powerful kings, famous for his military campaigns into Nubia and his administrative reforms. The complex once included a causeway, valley temple, and subsidiary pyramids for royal women.",817,100.0
al-Maḥāsna,26.2606441,31.8401232,تاريخي,al-Maḥāsna is an ancient Egyptian historical site that forms part of Egypt's extraordinary archaeological heritage. The site offers visitors a direct connection to the civilization that built one of the greatest empires of the ancient world.,818,
Tomb of Anedjib (X),26.1750269,31.9071242,تاريخي,Tomb of Anedjib (X) is an ancient Egyptian historical site that forms part of Egypt's extraordinary archaeological heritage. The site offers visitors a direct connection to the civilization that built one of the greatest empires of the ancient world.,819,
Tomb of Djet (Z),26.1748076,31.9076058,تاريخي,Tomb of Djet (Z) is an ancient Egyptian historical site that forms part of Egypt's extraordinary archaeological heritage. The site offers visitors a direct connection to the civilization that built one of the greatest empires of the ancient world.,820,
Tomb of Djer (O),26.1752649,31.9079027,تاريخي,Tomb of Djer (O) is an ancient Egyptian historical site that forms part of Egypt's extraordinary archaeological heritage. The site offers visitors a direct connection to the civilization that built one of the greatest empires of the ancient world.,821,
S 9 (Abydos),26.1713576,31.9250733,تاريخي,S 9 (Abydos) is an ancient Egyptian historical site that forms part of Egypt's extraordinary archaeological heritage. The site offers visitors a direct connection to the civilization that built one of the greatest empires of the ancient world.,822,
Kom El Sultan,26.1925455,31.9111476,تاريخي,Kom El Sultan is an ancient Egyptian historical site that forms part of Egypt's extraordinary archaeological heritage. The site offers visitors a direct connection to the civilization that built one of the greatest empires of the ancient world.,823,
فندق ام سيتي ابيدوس,26.1861634,31.9194361,إقامة,"فندق ام سيتي ابيدوس is a hotel and accommodation facility in Egypt, offering lodging services to travelers and tourists visiting the area.",824,
Wadi Qabr Rijm-Shea 'leq,24.1194728,35.2754634,تاريخي,Wadi Qabr Rijm-Shea 'leq is an ancient Egyptian historical site that forms part of Egypt's extraordinary archaeological heritage. The site offers visitors a direct connection to the civilization that built one of the greatest empires of the ancient world.,825,
نقطة لاما Lama point,23.5031616,25.5748104,أخرى,"نقطة لاما Lama point is a point of interest in Egypt, contributing to the country's diverse cultural, historical, and natural landscape.",826,
منزل احمد خليل احمد,26.1849904,32.6783856,أخرى,"منزل احمد خليل احمد is a point of interest in Egypt, contributing to the country's diverse cultural, historical, and natural landscape.",827,
Qift,25.9961949,32.8161441,تاريخي,Qift is an ancient Egyptian historical site that forms part of Egypt's extraordinary archaeological heritage. The site offers visitors a direct connection to the civilization that built one of the greatest empires of the ancient world.,828,
Pyramid of Naqada,25.94056,32.70917,أخرى,Pyramid of Naqada is an ancient Egyptian historical site that forms part of Egypt's extraordinary archaeological heritage. The site offers visitors a direct connection to the civilization that built one of the greatest empires of the ancient world.,829,
svu theater,26.1920215,32.7425499,أخرى,"svu theater is a point of interest in Egypt, contributing to the country's diverse cultural, historical, and natural landscape.",830,
Basma Hotel,26.1481924,32.7122924,إقامة,"Basma Hotel is a hotel and accommodation facility in Egypt, offering lodging services to travelers and tourists visiting the area.",831,
Basma Hotel,26.1482525,32.7122919,إقامة,"Basma Hotel is a hotel and accommodation facility in Egypt, offering lodging services to travelers and tourists visiting the area.",832,
نجع الحجيري,26.0002182,32.8456061,أخرى,"نجع الحجيري is a point of interest in Egypt, contributing to the country's diverse cultural, historical, and natural landscape.",833,
Pyramid of Nubt,25.9765548,32.7329707,أخرى,Pyramid of Nubt is an ancient Egyptian historical site that forms part of Egypt's extraordinary archaeological heritage. The site offers visitors a direct connection to the civilization that built one of the greatest empires of the ancient world.,834,
Dream Hotel,26.1611979,32.7258809,إقامة,"Dream Hotel is a hotel and accommodation facility in Egypt, offering lodging services to travelers and tourists visiting the area.",835,
Grand Hotel,26.1606424,32.7247858,إقامة,"Grand Hotel is a hotel and accommodation facility in Egypt, offering lodging services to travelers and tourists visiting the area.",836,
Makkah - no WiFi !,26.1607663,32.7250108,إقامة,"Makkah - no WiFi ! is a hotel and accommodation facility in Egypt, offering lodging services to travelers and tourists visiting the area.",837,
El Yasmene,26.1589486,32.7226577,إقامة,"El Yasmene is a hotel and accommodation facility in Egypt, offering lodging services to travelers and tourists visiting the area.",838,
The roof,26.141668,32.6702499,خدمات,The roof is a service facility in Egypt that supports visitors and residents in the area.,839,
The Archqeological Site of Dendara,26.1450813,32.6716872,خدمات,The Archqeological Site of Dendara is a service facility in Egypt that supports visitors and residents in the area.,840,
صخرة قالب السكر,24.4278268,28.5347304,أخرى,"صخرة قالب السكر is a point of interest in Egypt, contributing to the country's diverse cultural, historical, and natural landscape.",841,
صخرة سمير لاما,24.4418564,28.5479339,أخرى,"صخرة سمير لاما is a point of interest in Egypt, contributing to the country's diverse cultural, historical, and natural landscape.",842,
مخيم سيد,29.2012737,25.4281575,إقامة,"مخيم سيد is a hotel and accommodation facility in Egypt, offering lodging services to travelers and tourists visiting the area.",843,
Sunset view,29.1923655,25.4785569,أخرى,"Sunset view is a point of interest in Egypt, contributing to the country's diverse cultural, historical, and natural landscape.",844,
Campione,29.1787742,25.4733334,إقامة,"Campione is a hotel and accommodation facility in Egypt, offering lodging services to travelers and tourists visiting the area.",845,
قلعة المويلح,27.6821316,35.476073,أخرى,"قلعة المويلح is a point of interest in Egypt, contributing to the country's diverse cultural, historical, and natural landscape.",846,
جبل الكريستال Crystal Mountain,27.6617066,28.4300922,أخرى,"جبل الكريستال Crystal Mountain is a point of interest in Egypt, contributing to the country's diverse cultural, historical, and natural landscape.",847,
Crystal Mountain,27.6437708,28.4300627,أخرى,"Crystal Mountain is a point of interest in Egypt, contributing to the country's diverse cultural, historical, and natural landscape.",848,
East Abu Dabab 3,25.3441825,34.7774058,أخرى,"East Abu Dabab 3 is a point of interest in Egypt, contributing to the country's diverse cultural, historical, and natural landscape.",849,
Ras Shona,25.4684135,34.6819826,أخرى,"Ras Shona is a point of interest in Egypt, contributing to the country's diverse cultural, historical, and natural landscape.",850,
Abu Dabab 6,25.3248029,34.7983978,أخرى,"Abu Dabab 6 is a point of interest in Egypt, contributing to the country's diverse cultural, historical, and natural landscape.",851,
Shaab Shona,25.4698771,34.6828121,أخرى,"Shaab Shona is a point of interest in Egypt, contributing to the country's diverse cultural, historical, and natural landscape.",852,
Magic Tulip Beach Resort,25.4357198,34.6889606,إقامة,"Magic Tulip Beach Resort is a hotel and accommodation facility in Egypt, offering lodging services to travelers and tourists visiting the area.",853,
توليب غاردن,25.4353259,34.6861052,إقامة,"توليب غاردن is a hotel and accommodation facility in Egypt, offering lodging services to travelers and tourists visiting the area.",854,
Cataract Marsa Alam Resort,25.2302954,34.7979013,إقامة,"Cataract Marsa Alam Resort is a hotel and accommodation facility in Egypt, offering lodging services to travelers and tourists visiting the area.",855,
Abu Dabab 4,25.34062,34.79488,أخرى,"Abu Dabab 4 is a point of interest in Egypt, contributing to the country's diverse cultural, historical, and natural landscape.",856,
Paradise Club Shoni Bay,25.4192628,34.6920388,إقامة,"Paradise Club Shoni Bay is a hotel and accommodation facility in Egypt, offering lodging services to travelers and tourists visiting the area.",857,
Hotel Beach Safari Nubian Resort,25.1961183,34.8168213,إقامة,"Hotel Beach Safari Nubian Resort is a hotel and accommodation facility in Egypt, offering lodging services to travelers and tourists visiting the area.",858,
The Oasis,25.2663699,34.7830486,إقامة,"The Oasis is a hotel and accommodation facility in Egypt, offering lodging services to travelers and tourists visiting the area.",859,
Blue Reef Resort,25.240422,34.7945533,إقامة,"Blue Reef Resort is a hotel and accommodation facility in Egypt, offering lodging services to travelers and tourists visiting the area.",860,
Kahramana Park Resort,25.2565342,34.7850334,إقامة,"Kahramana Park Resort is a hotel and accommodation facility in Egypt, offering lodging services to travelers and tourists visiting the area.",861,
Badawia resort,25.4063005,34.696191,إقامة,"Badawia resort is a hotel and accommodation facility in Egypt, offering lodging services to travelers and tourists visiting the area.",862,
Best Western Solitaire Resort,25.2713487,34.7794035,إقامة,"Best Western Solitaire Resort is a hotel and accommodation facility in Egypt, offering lodging services to travelers and tourists visiting the area.",863,
Beach Safari Nubian Resort,25.1993964,34.8174983,إقامة,"Beach Safari Nubian Resort is a hotel and accommodation facility in Egypt, offering lodging services to travelers and tourists visiting the area.",864,
Kahramana Beach Resort,25.2576188,34.7891997,إقامة,"Kahramana Beach Resort is a hotel and accommodation facility in Egypt, offering lodging services to travelers and tourists visiting the area.",865,
El Phistone Resort,25.2764013,34.7736518,إقامة,"El Phistone Resort is a hotel and accommodation facility in Egypt, offering lodging services to travelers and tourists visiting the area.",866,
Royal Tulip Beach Resort,25.4370223,34.6881777,إقامة,"Royal Tulip Beach Resort is a hotel and accommodation facility in Egypt, offering lodging services to travelers and tourists visiting the area.",867,
Jolie beach,25.4114176,34.6942521,إقامة,"Jolie beach is a hotel and accommodation facility in Egypt, offering lodging services to travelers and tourists visiting the area.",868,
Door to the sea,25.3414947,34.738897,أخرى,"Door to the sea is a point of interest in Egypt, contributing to the country's diverse cultural, historical, and natural landscape.",869,
Chariot,25.3416492,34.7389895,أخرى,"Chariot is a point of interest in Egypt, contributing to the country's diverse cultural, historical, and natural landscape.",870,
Concorde House Reef (Dive Spot),25.3813405,34.7183208,أخرى,"Concorde House Reef (Dive Spot) is a point of interest in Egypt, contributing to the country's diverse cultural, historical, and natural landscape.",871,
Hermes Bay (Dugong),25.3219566,34.7445343,أخرى,"Hermes Bay (Dugong) is a point of interest in Egypt, contributing to the country's diverse cultural, historical, and natural landscape.",872,
Royal Braika Marsa Alam,25.2149613,34.8018487,إقامة,"Royal Braika Marsa Alam is a hotel and accommodation facility in Egypt, offering lodging services to travelers and tourists visiting the area.",873,
ProCenter Tommy Friedl El Naaba,25.3201422,34.7442929,أخرى,"ProCenter Tommy Friedl El Naaba is a point of interest in Egypt, contributing to the country's diverse cultural, historical, and natural landscape.",874,
Pickalbatros Portofino Villaggio Resort,25.2522528,34.7897771,إقامة,"Pickalbatros Portofino Villaggio Resort is a hotel and accommodation facility in Egypt, offering lodging services to travelers and tourists visiting the area.",875,
Pickalbatros Portofino Vita,25.2560154,34.7880954,إقامة,"Pickalbatros Portofino Vita is a hotel and accommodation facility in Egypt, offering lodging services to travelers and tourists visiting the area.",876,
Dunes Viewpoint,26.541896,27.8632948,أخرى,"Dunes Viewpoint is a point of interest in Egypt, contributing to the country's diverse cultural, historical, and natural landscape.",877,
Dive Urge,28.505932,34.5196968,إقامة,"Dive Urge is a hotel and accommodation facility in Egypt, offering lodging services to travelers and tourists visiting the area.",878,
Coral Coast Hotel,28.5035393,34.5198316,إقامة,"Coral Coast Hotel is a hotel and accommodation facility in Egypt, offering lodging services to travelers and tourists visiting the area.",879,
Blue Beach Club,28.5017366,34.5205411,إقامة,"Blue Beach Club is a hotel and accommodation facility in Egypt, offering lodging services to travelers and tourists visiting the area.",880,
Nirvana,28.4993349,34.5191795,إقامة,"Nirvana is a hotel and accommodation facility in Egypt, offering lodging services to travelers and tourists visiting the area.",881,
Red Sea Relax,28.4991982,34.5187708,إقامة,"Red Sea Relax is a hotel and accommodation facility in Egypt, offering lodging services to travelers and tourists visiting the area.",882,
Desert Divers,28.498609,34.517977,إقامة,"Desert Divers is a hotel and accommodation facility in Egypt, offering lodging services to travelers and tourists visiting the area.",883,
نسيمة,28.4933087,34.5167892,إقامة,"نسيمة is a hotel and accommodation facility in Egypt, offering lodging services to travelers and tourists visiting the area.",884,
بركودا,28.4802631,34.5120399,إقامة,"بركودا is a hotel and accommodation facility in Egypt, offering lodging services to travelers and tourists visiting the area.",885,
Reef 2000,28.5179586,34.5112604,إقامة,"Reef 2000 is a hotel and accommodation facility in Egypt, offering lodging services to travelers and tourists visiting the area.",886,
Light House,28.4984313,34.5206951,أخرى,"Light House is a point of interest in Egypt, contributing to the country's diverse cultural, historical, and natural landscape.",887,
Eel Garden,28.5053487,34.5212322,أخرى,"Eel Garden is a point of interest in Egypt, contributing to the country's diverse cultural, historical, and natural landscape.",888,
الجزر,28.4772304,34.5132459,أخرى,"الجزر is a point of interest in Egypt, contributing to the country's diverse cultural, historical, and natural landscape.",889,
Sindbad,28.499968,34.5202509,إقامة,"Sindbad is a hotel and accommodation facility in Egypt, offering lodging services to travelers and tourists visiting the area.",890,
Swiss Inn Resort Dahab,28.4807068,34.4940693,إقامة,"Swiss Inn Resort Dahab is a hotel and accommodation facility in Egypt, offering lodging services to travelers and tourists visiting the area.",891,
Seven Heaven Hotel,28.4976419,34.5165679,إقامة,"Seven Heaven Hotel is a hotel and accommodation facility in Egypt, offering lodging services to travelers and tourists visiting the area.",892,
Dahab Paradise,28.521621,34.5119352,إقامة,"Dahab Paradise is a hotel and accommodation facility in Egypt, offering lodging services to travelers and tourists visiting the area.",893,
Jaz Dahabeya,28.4801968,34.4904174,إقامة,"Jaz Dahabeya is a hotel and accommodation facility in Egypt, offering lodging services to travelers and tourists visiting the area.",894,
Ganet Sinai,28.4803491,34.4922786,إقامة,"Ganet Sinai is a hotel and accommodation facility in Egypt, offering lodging services to travelers and tourists visiting the area.",895,
Marine Garden,28.500203,34.5203783,إقامة,"Marine Garden is a hotel and accommodation facility in Egypt, offering lodging services to travelers and tourists visiting the area.",896,
Wadi Connection,28.4943621,34.4536865,خارجي وطبيعي,"Wadi Connection is an outdoor natural or recreational area in Egypt, offering visitors the opportunity to experience the country's diverse landscapes from the Nile Valley to the desert and Mediterranean coast.",897,
Tirana Dahab Resort,28.48035,34.4996895,إقامة,"Tirana Dahab Resort is a hotel and accommodation facility in Egypt, offering lodging services to travelers and tourists visiting the area.",898,
Golden Heights Resort,28.5339748,34.5139683,إقامة,"Golden Heights Resort is a hotel and accommodation facility in Egypt, offering lodging services to travelers and tourists visiting the area.",899,
LightHouse,28.4996358,34.520124,إقامة,"LightHouse is a hotel and accommodation facility in Egypt, offering lodging services to travelers and tourists visiting the area.",900,
Bamboo House,28.4959715,34.5166903,إقامة,"Bamboo House is a hotel and accommodation facility in Egypt, offering lodging services to travelers and tourists visiting the area.",901,
Dyarna,28.4881906,34.5153092,إقامة,"Dyarna is a hotel and accommodation facility in Egypt, offering lodging services to travelers and tourists visiting the area.",902,
Christina Beach,28.4900115,34.5152186,إقامة,"Christina Beach is a hotel and accommodation facility in Egypt, offering lodging services to travelers and tourists visiting the area.",903,
Neptune,28.4963259,34.5166056,إقامة,"Neptune is a hotel and accommodation facility in Egypt, offering lodging services to travelers and tourists visiting the area.",904,
Alaska,28.4969159,34.5165539,إقامة,"Alaska is a hotel and accommodation facility in Egypt, offering lodging services to travelers and tourists visiting the area.",905,
Ali Baba,28.4974157,34.5168328,إقامة,"Ali Baba is a hotel and accommodation facility in Egypt, offering lodging services to travelers and tourists visiting the area.",906,
Sheikh Salem House,28.5061154,34.519619,إقامة,"Sheikh Salem House is a hotel and accommodation facility in Egypt, offering lodging services to travelers and tourists visiting the area.",907,
Planet Oasis,28.4998001,34.5189478,إقامة,"Planet Oasis is a hotel and accommodation facility in Egypt, offering lodging services to travelers and tourists visiting the area.",908,
Star Of Dahab,28.489228,34.5156789,إقامة,"Star Of Dahab is a hotel and accommodation facility in Egypt, offering lodging services to travelers and tourists visiting the area.",909,
Hotel Jowhara,28.490318,34.5150239,إقامة,"Hotel Jowhara is a hotel and accommodation facility in Egypt, offering lodging services to travelers and tourists visiting the area.",910,
Octopus Hotel,28.4905955,34.5150886,إقامة,"Octopus Hotel is a hotel and accommodation facility in Egypt, offering lodging services to travelers and tourists visiting the area.",911,
Residence Arabesque,28.501272,34.5172942,أخرى,"Residence Arabesque is a point of interest in Egypt, contributing to the country's diverse cultural, historical, and natural landscape.",912,
Canyon,28.4826336,34.468533,أخرى,"Canyon is a point of interest in Egypt, contributing to the country's diverse cultural, historical, and natural landscape.",913,
Bonduc,28.4837563,34.4691236,أخرى,"Bonduc is a point of interest in Egypt, contributing to the country's diverse cultural, historical, and natural landscape.",914,
Crazy Camel Camp,28.4957068,34.5159253,أخرى,"Crazy Camel Camp is a point of interest in Egypt, contributing to the country's diverse cultural, historical, and natural landscape.",915,
Happy Land,28.4915448,34.5157008,إقامة,"Happy Land is a hotel and accommodation facility in Egypt, offering lodging services to travelers and tourists visiting the area.",916,
Bish Bishi,28.4912073,34.5152287,إقامة,"Bish Bishi is a hotel and accommodation facility in Egypt, offering lodging services to travelers and tourists visiting the area.",917,
Canyon,28.5186708,34.5043039,أخرى,"Canyon is a point of interest in Egypt, contributing to the country's diverse cultural, historical, and natural landscape.",918,
grotto,28.5133477,34.4940099,أخرى,"grotto is a point of interest in Egypt, contributing to the country's diverse cultural, historical, and natural landscape.",919,
Sun,28.5004612,34.5168543,أخرى,"Sun is a point of interest in Egypt, contributing to the country's diverse cultural, historical, and natural landscape.",920,
Maria Schroeder,28.1905701,34.4468801,أخرى,"Maria Schroeder is a point of interest in Egypt, contributing to the country's diverse cultural, historical, and natural landscape.",921,
Amanda,28.5031855,34.5197294,إقامة,"Amanda is a hotel and accommodation facility in Egypt, offering lodging services to travelers and tourists visiting the area.",922,
Mangroves,28.1823455,34.4420083,أخرى,"Mangroves is a point of interest in Egypt, contributing to the country's diverse cultural, historical, and natural landscape.",923,
Asala square,28.5069406,34.5172595,أخرى,"Asala square is a point of interest in Egypt, contributing to the country's diverse cultural, historical, and natural landscape.",924,
كمين مدخل دهب,28.5231827,34.4721687,أخرى,"كمين مدخل دهب is a point of interest in Egypt, contributing to the country's diverse cultural, historical, and natural landscape.",925,
جبل الطويلات,28.4856776,34.4701454,أخرى,"جبل الطويلات is a point of interest in Egypt, contributing to the country's diverse cultural, historical, and natural landscape.",926,
Dahab Divers,28.4994765,34.5182147,إقامة,"Dahab Divers is a hotel and accommodation facility in Egypt, offering lodging services to travelers and tourists visiting the area.",927,
Dahabian Oasis,28.5027686,34.5168523,أخرى,"Dahabian Oasis is a point of interest in Egypt, contributing to the country's diverse cultural, historical, and natural landscape.",928,
Monica Hotel,28.4939649,34.5148473,إقامة,"Monica Hotel is a hotel and accommodation facility in Egypt, offering lodging services to travelers and tourists visiting the area.",929,
AusKi camp,28.4920458,34.5160551,إقامة,"AusKi camp is a hotel and accommodation facility in Egypt, offering lodging services to travelers and tourists visiting the area.",930,
Dahab Hotel,28.5019936,34.5198262,إقامة,"Dahab Hotel is a hotel and accommodation facility in Egypt, offering lodging services to travelers and tourists visiting the area.",931,
Mirage Village,28.5012749,34.5200472,إقامة,"Mirage Village is a hotel and accommodation facility in Egypt, offering lodging services to travelers and tourists visiting the area.",932,
New Life Camp,28.4928645,34.5158392,أخرى,"New Life Camp is a point of interest in Egypt, contributing to the country's diverse cultural, historical, and natural landscape.",933,
Royal Mood Hotel,28.4988475,34.5159579,إقامة,"Royal Mood Hotel is a hotel and accommodation facility in Egypt, offering lodging services to travelers and tourists visiting the area.",934,
Национальный парк Набк,28.1437268,34.4403504,أخرى,"Национальный парк Набк is a point of interest in Egypt, contributing to the country's diverse cultural, historical, and natural landscape.",935,
INMO Divers Home,28.4888397,34.5153254,إقامة,"INMO Divers Home is a hotel and accommodation facility in Egypt, offering lodging services to travelers and tourists visiting the area.",936,
Welcome in Dahab,28.5231181,34.4724203,ثقافي,"Welcome in Dahab is a cultural institution in Egypt that preserves and presents aspects of Egyptian heritage, history, and artistic traditions for visitors and researchers alike.",937,
Nasyet Mekky,28.4946648,34.5175735,أخرى,"Nasyet Mekky is a point of interest in Egypt, contributing to the country's diverse cultural, historical, and natural landscape.",938,
Street Art,28.5001401,34.5154531,ثقافي,"Street Art is a cultural institution in Egypt that preserves and presents aspects of Egyptian heritage, history, and artistic traditions for visitors and researchers alike.",939,
Penguin Village,28.4904474,34.5159182,إقامة,"Penguin Village is a hotel and accommodation facility in Egypt, offering lodging services to travelers and tourists visiting the area.",940,
Golden Plaza Hotel,28.4876348,34.5138079,إقامة,"Golden Plaza Hotel is a hotel and accommodation facility in Egypt, offering lodging services to travelers and tourists visiting the area.",941,
Le Méridien Dahab Resort,28.4696175,34.4772351,إقامة,"Le Méridien Dahab Resort is a hotel and accommodation facility in Egypt, offering lodging services to travelers and tourists visiting the area.",942,
Tarakhan hôtel,28.4972216,34.5165482,إقامة,"Tarakhan hôtel is a hotel and accommodation facility in Egypt, offering lodging services to travelers and tourists visiting the area.",943,
Blue Hole appartement,28.4933125,34.5158036,أخرى,"Blue Hole appartement is a point of interest in Egypt, contributing to the country's diverse cultural, historical, and natural landscape.",944,
Bedouin lodge,28.490973,34.5163217,إقامة,"Bedouin lodge is a hotel and accommodation facility in Egypt, offering lodging services to travelers and tourists visiting the area.",945,
Golden plaza,28.4876263,34.5138149,إقامة,"Golden plaza is a hotel and accommodation facility in Egypt, offering lodging services to travelers and tourists visiting the area.",946,
Golden Europe,28.4996061,34.5198403,إقامة,"Golden Europe is a hotel and accommodation facility in Egypt, offering lodging services to travelers and tourists visiting the area.",947,
Akhena apartment and hostel,28.4907798,34.5148893,أخرى,"Akhena apartment and hostel is a point of interest in Egypt, contributing to the country's diverse cultural, historical, and natural landscape.",948,
Sukoon Guest House,28.4956398,34.5154079,إقامة,"Sukoon Guest House is a hotel and accommodation facility in Egypt, offering lodging services to travelers and tourists visiting the area.",949,
Rustic House,28.5121133,34.5147927,إقامة,"Rustic House is a hotel and accommodation facility in Egypt, offering lodging services to travelers and tourists visiting the area.",950,
Al Fayruz camp,28.4916913,34.5150469,إقامة,"Al Fayruz camp is a hotel and accommodation facility in Egypt, offering lodging services to travelers and tourists visiting the area.",951,
Doplhins,28.4862395,34.5094876,ثقافي,"Doplhins is a cultural institution in Egypt that preserves and presents aspects of Egyptian heritage, history, and artistic traditions for visitors and researchers alike.",952,
Dahab,28.4828199,34.5012163,ثقافي,"Dahab is a cultural institution in Egypt that preserves and presents aspects of Egyptian heritage, history, and artistic traditions for visitors and researchers alike.",953,
My Hostel,28.490544,34.5151067,إقامة,"My Hostel is a hotel and accommodation facility in Egypt, offering lodging services to travelers and tourists visiting the area.",954,
Moods Art House,28.4998532,34.5174502,أخرى,"Moods Art House is a point of interest in Egypt, contributing to the country's diverse cultural, historical, and natural landscape.",955,
Dolphin Camp,28.4936031,34.5171669,إقامة,"Dolphin Camp is a hotel and accommodation facility in Egypt, offering lodging services to travelers and tourists visiting the area.",956,
The Islands diving site,28.4774174,34.5124118,أخرى,"The Islands diving site is a point of interest in Egypt, contributing to the country's diverse cultural, historical, and natural landscape.",957,
Lighthouse Hotel,28.5008804,34.5160827,إقامة,"Lighthouse Hotel is a hotel and accommodation facility in Egypt, offering lodging services to travelers and tourists visiting the area.",958,
Blue Hole Plaza,28.4871705,34.5105684,أخرى,"Blue Hole Plaza is a point of interest in Egypt, contributing to the country's diverse cultural, historical, and natural landscape.",959,
Lareine hotel,28.4927366,34.5134863,إقامة,"Lareine hotel is a hotel and accommodation facility in Egypt, offering lodging services to travelers and tourists visiting the area.",960,
Family house,28.4910639,34.5138126,أخرى,"Family house is a point of interest in Egypt, contributing to the country's diverse cultural, historical, and natural landscape.",961,
Deep Blue Divers,28.4953177,34.5162018,إقامة,"Deep Blue Divers is a hotel and accommodation facility in Egypt, offering lodging services to travelers and tourists visiting the area.",962,
Gina Motel,28.4937174,34.5148856,أخرى,"Gina Motel is a point of interest in Egypt, contributing to the country's diverse cultural, historical, and natural landscape.",963,
Lagoon resort Dahab,28.4830584,34.4983046,إقامة,"Lagoon resort Dahab is a hotel and accommodation facility in Egypt, offering lodging services to travelers and tourists visiting the area.",964,
Lagoon resort Dahab,28.4792103,34.4981379,إقامة,"Lagoon resort Dahab is a hotel and accommodation facility in Egypt, offering lodging services to travelers and tourists visiting the area.",965,
Nomads Hostel Dahab,28.4938057,34.512194,إقامة,"Nomads Hostel Dahab is a hotel and accommodation facility in Egypt, offering lodging services to travelers and tourists visiting the area.",966,
Dahab: Minicasa,28.5079922,34.5156299,أخرى,"Dahab: Minicasa is a point of interest in Egypt, contributing to the country's diverse cultural, historical, and natural landscape.",967,
Arigato,28.4990208,34.5170168,إقامة,"Arigato is a hotel and accommodation facility in Egypt, offering lodging services to travelers and tourists visiting the area.",968,
Eel Garden Villas Dahab,28.505566,34.5195327,أخرى,"Eel Garden Villas Dahab is a point of interest in Egypt, contributing to the country's diverse cultural, historical, and natural landscape.",969,
Tangerine House Dahab,28.5058049,34.5151414,أخرى,"Tangerine House Dahab is a point of interest in Egypt, contributing to the country's diverse cultural, historical, and natural landscape.",970,
Twin House Dahab,28.5029006,34.5199373,أخرى,"Twin House Dahab is a point of interest in Egypt, contributing to the country's diverse cultural, historical, and natural landscape.",971,
White House Dahab,28.5067185,34.5192017,أخرى,"White House Dahab is a point of interest in Egypt, contributing to the country's diverse cultural, historical, and natural landscape.",972,
Sunrise Apartment Dahab,28.5027093,34.519364,أخرى,"Sunrise Apartment Dahab is a point of interest in Egypt, contributing to the country's diverse cultural, historical, and natural landscape.",973,
Balsam Hotel,28.4934822,34.5153075,إقامة,"Balsam Hotel is a hotel and accommodation facility in Egypt, offering lodging services to travelers and tourists visiting the area.",974,
Archeological site Akhetaton,27.6451003,30.8985614,أخرى,"Archeological site Akhetaton is a point of interest in Egypt, contributing to the country's diverse cultural, historical, and natural landscape.",975,
Pyramid of Khui,27.30778,30.87167,أخرى,Pyramid of Khui is an ancient Egyptian historical site that forms part of Egypt's extraordinary archaeological heritage. The site offers visitors a direct connection to the civilization that built one of the greatest empires of the ancient world.,976,
Southern tombs,27.6104256,30.9148957,أخرى,Southern tombs is an ancient Egyptian historical site that forms part of Egypt's extraordinary archaeological heritage. The site offers visitors a direct connection to the civilization that built one of the greatest empires of the ancient world.,977,
Southern tombs,27.6162806,30.9199101,أخرى,Southern tombs is an ancient Egyptian historical site that forms part of Egypt's extraordinary archaeological heritage. The site offers visitors a direct connection to the civilization that built one of the greatest empires of the ancient world.,978,
Southern tombs,27.6148249,30.9193441,أخرى,Southern tombs is an ancient Egyptian historical site that forms part of Egypt's extraordinary archaeological heritage. The site offers visitors a direct connection to the civilization that built one of the greatest empires of the ancient world.,979,
Southern tombs,27.6142355,30.9191644,أخرى,Southern tombs is an ancient Egyptian historical site that forms part of Egypt's extraordinary archaeological heritage. The site offers visitors a direct connection to the civilization that built one of the greatest empires of the ancient world.,980,
Southern tombs,27.6142617,30.9183276,أخرى,Southern tombs is an ancient Egyptian historical site that forms part of Egypt's extraordinary archaeological heritage. The site offers visitors a direct connection to the civilization that built one of the greatest empires of the ancient world.,981,
Southern tombs,27.6142046,30.9181774,أخرى,Southern tombs is an ancient Egyptian historical site that forms part of Egypt's extraordinary archaeological heritage. The site offers visitors a direct connection to the civilization that built one of the greatest empires of the ancient world.,982,
Southern tombs,27.6138576,30.9181184,أخرى,Southern tombs is an ancient Egyptian historical site that forms part of Egypt's extraordinary archaeological heritage. The site offers visitors a direct connection to the civilization that built one of the greatest empires of the ancient world.,983,
Southern tombs,27.6136568,30.9182417,أخرى,Southern tombs is an ancient Egyptian historical site that forms part of Egypt's extraordinary archaeological heritage. The site offers visitors a direct connection to the civilization that built one of the greatest empires of the ancient world.,984,
Southern tombs,27.6134393,30.9183142,أخرى,Southern tombs is an ancient Egyptian historical site that forms part of Egypt's extraordinary archaeological heritage. The site offers visitors a direct connection to the civilization that built one of the greatest empires of the ancient world.,985,
Southern tombs,27.6131624,30.9183651,أخرى,Southern tombs is an ancient Egyptian historical site that forms part of Egypt's extraordinary archaeological heritage. The site offers visitors a direct connection to the civilization that built one of the greatest empires of the ancient world.,986,
Southern tombs,27.6120014,30.916395,أخرى,Southern tombs is an ancient Egyptian historical site that forms part of Egypt's extraordinary archaeological heritage. The site offers visitors a direct connection to the civilization that built one of the greatest empires of the ancient world.,987,
Southern tombs,27.6122272,30.9163615,أخرى,Southern tombs is an ancient Egyptian historical site that forms part of Egypt's extraordinary archaeological heritage. The site offers visitors a direct connection to the civilization that built one of the greatest empires of the ancient world.,988,
Southern tombs,27.6122391,30.9166525,أخرى,Southern tombs is an ancient Egyptian historical site that forms part of Egypt's extraordinary archaeological heritage. The site offers visitors a direct connection to the civilization that built one of the greatest empires of the ancient world.,989,
Southern tombs,27.6122617,30.916855,أخرى,Southern tombs is an ancient Egyptian historical site that forms part of Egypt's extraordinary archaeological heritage. The site offers visitors a direct connection to the civilization that built one of the greatest empires of the ancient world.,990,
Southern tombs,27.6122795,30.9173968,أخرى,Southern tombs is an ancient Egyptian historical site that forms part of Egypt's extraordinary archaeological heritage. The site offers visitors a direct connection to the civilization that built one of the greatest empires of the ancient world.,991,
Southern tombs,27.6124173,30.9173486,أخرى,Southern tombs is an ancient Egyptian historical site that forms part of Egypt's extraordinary archaeological heritage. The site offers visitors a direct connection to the civilization that built one of the greatest empires of the ancient world.,992,
Southern tombs,27.612497,30.9179105,أخرى,Southern tombs is an ancient Egyptian historical site that forms part of Egypt's extraordinary archaeological heritage. The site offers visitors a direct connection to the civilization that built one of the greatest empires of the ancient world.,993,
Southern tombs,27.6126895,30.9173955,أخرى,Southern tombs is an ancient Egyptian historical site that forms part of Egypt's extraordinary archaeological heritage. The site offers visitors a direct connection to the civilization that built one of the greatest empires of the ancient world.,994,
Southern tombs,27.6125279,30.9173901,أخرى,Southern tombs is an ancient Egyptian historical site that forms part of Egypt's extraordinary archaeological heritage. The site offers visitors a direct connection to the civilization that built one of the greatest empires of the ancient world.,995,
"Stelae ""U"", Athon's Sun-hymn",27.6456245,30.9381625,أخرى,"Stelae ""U"", Athon's Sun-hymn is a point of interest in Egypt, contributing to the country's diverse cultural, historical, and natural landscape.",996,
رسولية منفلوط,27.3221015,30.9573359,أخرى,"رسولية منفلوط is a point of interest in Egypt, contributing to the country's diverse cultural, historical, and natural landscape.",997,
انجيلية بني عمران,27.6425123,30.8682726,أخرى,"انجيلية بني عمران is a point of interest in Egypt, contributing to the country's diverse cultural, historical, and natural landscape.",998,
السلطانة سلمى,28.3374144,33.0673856,إقامة,"السلطانة سلمى is a hotel and accommodation facility in Egypt, offering lodging services to travelers and tourists visiting the area.",999,
Ali Palace Hotel,28.3557588,33.0835354,إقامة,"Ali Palace Hotel is a hotel and accommodation facility in Egypt, offering lodging services to travelers and tourists visiting the area.",1000,
ورشه اصلاح كاوتش غارب,28.350761,33.0550008,إقامة,"ورشه اصلاح كاوتش غارب is a hotel and accommodation facility in Egypt, offering lodging services to travelers and tourists visiting the area.",1001,
كمين راس غارب,28.350348,33.0500309,إقامة,"كمين راس غارب is a hotel and accommodation facility in Egypt, offering lodging services to travelers and tourists visiting the area.",1002,
تابوسيريس,30.947236,29.520851,أخرى,"تابوسيريس is a point of interest in Egypt, contributing to the country's diverse cultural, historical, and natural landscape.",1003,
بيت طه,30.866667,29.416667,أخرى,"بيت طه is a point of interest in Egypt, contributing to the country's diverse cultural, historical, and natural landscape.",1004,
Mareia,30.9951309,29.6566185,تاريخي,Mareia is an ancient Egyptian historical site that forms part of Egypt's extraordinary archaeological heritage. The site offers visitors a direct connection to the civilization that built one of the greatest empires of the ancient world.,1005,
ميدان ك 21,31.0779876,29.7351598,أخرى,"ميدان ك 21 is a point of interest in Egypt, contributing to the country's diverse cultural, historical, and natural landscape.",1006,
Hilton Alexandria King's Ranch,30.9823544,29.6927761,إقامة,"Hilton Alexandria King's Ranch is a hotel and accommodation facility in Egypt, offering lodging services to travelers and tourists visiting the area.",1007,
مراقيا جاردنز,30.9362798,29.4977719,أخرى,"مراقيا جاردنز is a point of interest in Egypt, contributing to the country's diverse cultural, historical, and natural landscape.",1008,
النخيل,31.0807091,29.7370798,أخرى,"النخيل is a point of interest in Egypt, contributing to the country's diverse cultural, historical, and natural landscape.",1009,
Kom el-Nagous,30.9560804,29.5404993,تاريخي,Kom el-Nagous is an ancient Egyptian historical site that forms part of Egypt's extraordinary archaeological heritage. The site offers visitors a direct connection to the civilization that built one of the greatest empires of the ancient world.,1010,
مسجد,30.972462,29.5676735,أخرى,مسجد is a mosque serving the local Muslim community and representing Egypt's Islamic architectural heritage. Egypt's mosques range from medieval masterpieces to modern places of worship.,1011,
مسجد,30.968339,29.5572665,أخرى,مسجد is a mosque serving the local Muslim community and representing Egypt's Islamic architectural heritage. Egypt's mosques range from medieval masterpieces to modern places of worship.,1012,
مسجد,30.9622799,29.5488616,أخرى,مسجد is a mosque serving the local Muslim community and representing Egypt's Islamic architectural heritage. Egypt's mosques range from medieval masterpieces to modern places of worship.,1013,
مسجد,30.9594904,29.5429683,أخرى,مسجد is a mosque serving the local Muslim community and representing Egypt's Islamic architectural heritage. Egypt's mosques range from medieval masterpieces to modern places of worship.,1014,
مسجد,30.9573594,29.5324708,أخرى,مسجد is a mosque serving the local Muslim community and representing Egypt's Islamic architectural heritage. Egypt's mosques range from medieval masterpieces to modern places of worship.,1015,
مسجد,30.9271979,29.4754663,أخرى,مسجد is a mosque serving the local Muslim community and representing Egypt's Islamic architectural heritage. Egypt's mosques range from medieval masterpieces to modern places of worship.,1016,
مسجد,30.942758,29.4997665,أخرى,مسجد is a mosque serving the local Muslim community and representing Egypt's Islamic architectural heritage. Egypt's mosques range from medieval masterpieces to modern places of worship.,1017,
مسجد,30.9741273,29.5756594,أخرى,مسجد is a mosque serving the local Muslim community and representing Egypt's Islamic architectural heritage. Egypt's mosques range from medieval masterpieces to modern places of worship.,1018,
ادفع مال للحكومة,30.8983773,29.4103648,أخرى,"ادفع مال للحكومة is a point of interest in Egypt, contributing to the country's diverse cultural, historical, and natural landscape.",1019,
Work house,30.8873839,29.5787988,أخرى,"Work house is a point of interest in Egypt, contributing to the country's diverse cultural, historical, and natural landscape.",1020,
South Gate（To Old Abu-Mema）,30.8501229,29.6636069,أخرى,"South Gate（To Old Abu-Mema） is a point of interest in Egypt, contributing to the country's diverse cultural, historical, and natural landscape.",1021,
Abu Mena UNESCO World Heritage Site,30.8410692,29.6633763,تاريخي,Abu Mena UNESCO World Heritage Site is an ancient Egyptian historical site that forms part of Egypt's extraordinary archaeological heritage. The site offers visitors a direct connection to the civilization that built one of the greatest empires of the ancient world.,1022,
مصطفى نصر,30.8473031,29.5632996,أخرى,"مصطفى نصر is a point of interest in Egypt, contributing to the country's diverse cultural, historical, and natural landscape.",1023,
ام زغيو,31.0714887,29.7621059,أخرى,"ام زغيو is a point of interest in Egypt, contributing to the country's diverse cultural, historical, and natural landscape.",1024,
Adham Hotel,31.0229342,29.7718735,إقامة,"Adham Hotel is a hotel and accommodation facility in Egypt, offering lodging services to travelers and tourists visiting the area.",1025,
Villa Rosana Resort,30.9114096,29.4339064,أخرى,"Villa Rosana Resort is a point of interest in Egypt, contributing to the country's diverse cultural, historical, and natural landscape.",1026,
Villa Rosana Resort,30.9113121,29.4341449,أخرى,"Villa Rosana Resort is a point of interest in Egypt, contributing to the country's diverse cultural, historical, and natural landscape.",1027,
Rosana Owners Beach,30.9154952,29.4314614,أخرى,"Rosana Owners Beach is a point of interest in Egypt, contributing to the country's diverse cultural, historical, and natural landscape.",1028,
Rosana Rent Beach,30.9169072,29.4346645,أخرى,"Rosana Rent Beach is a point of interest in Egypt, contributing to the country's diverse cultural, historical, and natural landscape.",1029,
Rosana Resort Group K,30.9118334,29.4364444,أخرى,"Rosana Resort Group K is a point of interest in Egypt, contributing to the country's diverse cultural, historical, and natural landscape.",1030,
Rosana Owners Beach,30.915669,29.4320468,أخرى,"Rosana Owners Beach is a point of interest in Egypt, contributing to the country's diverse cultural, historical, and natural landscape.",1031,
بيت السلام العجمي,31.0994533,29.7403136,أخرى,"بيت السلام العجمي is a point of interest in Egypt, contributing to the country's diverse cultural, historical, and natural landscape.",1032,
قرية سيد درويش بنجر السكر,30.8195073,29.589377,أخرى,"قرية سيد درويش بنجر السكر is a point of interest in Egypt, contributing to the country's diverse cultural, historical, and natural landscape.",1033,
قرية سيد درويش بنجر السكر,30.8195073,29.589377,أخرى,"قرية سيد درويش بنجر السكر is a point of interest in Egypt, contributing to the country's diverse cultural, historical, and natural landscape.",1034,
قرية الزهور بنجر السكر,30.7987595,29.568735,أخرى,"قرية الزهور بنجر السكر is a point of interest in Egypt, contributing to the country's diverse cultural, historical, and natural landscape.",1035,
قرية 18 بنجر السكر,30.8125193,29.65082,أخرى,"قرية 18 بنجر السكر is a point of interest in Egypt, contributing to the country's diverse cultural, historical, and natural landscape.",1036,
قرية سلامة حجازي بنجر السكر,30.8023708,29.6059737,أخرى,"قرية سلامة حجازي بنجر السكر is a point of interest in Egypt, contributing to the country's diverse cultural, historical, and natural landscape.",1037,
قرية 19 بنجر السكر,30.7899461,29.6486878,أخرى,"قرية 19 بنجر السكر is a point of interest in Egypt, contributing to the country's diverse cultural, historical, and natural landscape.",1038,
قرية 17 بنجر السكر,30.7959469,29.6800442,أخرى,"قرية 17 بنجر السكر is a point of interest in Egypt, contributing to the country's diverse cultural, historical, and natural landscape.",1039,
قرية العلا بنجر السكر,30.8243786,29.6253652,أخرى,"قرية العلا بنجر السكر is a point of interest in Egypt, contributing to the country's diverse cultural, historical, and natural landscape.",1040,
مبيت ٢٤ يناير ٢٠١٧,30.353368,33.8405647,أخرى,"مبيت ٢٤ يناير ٢٠١٧ is a point of interest in Egypt, contributing to the country's diverse cultural, historical, and natural landscape.",1041,
رأس عبيد,30.3790983,33.8802337,أخرى,"رأس عبيد is a point of interest in Egypt, contributing to the country's diverse cultural, historical, and natural landscape.",1042,
كً3 ح ح,30.4590931,33.7748892,إقامة,"كً3 ح ح is a hotel and accommodation facility in Egypt, offering lodging services to travelers and tourists visiting the area.",1043,
مالك ١,30.72173,33.8719731,إقامة,"مالك ١ is a hotel and accommodation facility in Egypt, offering lodging services to travelers and tourists visiting the area.",1044,
ك 262,30.4503561,33.7688527,إقامة,"ك 262 is a hotel and accommodation facility in Egypt, offering lodging services to travelers and tourists visiting the area.",1045,
جبل موسى,28.5388088,33.9751845,أخرى,"جبل موسى is a point of interest in Egypt, contributing to the country's diverse cultural, historical, and natural landscape.",1046,
دير الأربعين,28.5361427,33.9650848,أخرى,"دير الأربعين is a point of interest in Egypt, contributing to the country's diverse cultural, historical, and natural landscape.",1047,
إيكولج جبل سينا,28.5200806,33.9938057,أخرى,"إيكولج جبل سينا is a point of interest in Egypt, contributing to the country's diverse cultural, historical, and natural landscape.",1048,
Moses mountain,28.5389324,33.9754411,أخرى,"Moses mountain is a point of interest in Egypt, contributing to the country's diverse cultural, historical, and natural landscape.",1049,
Not an easy way up,28.5292123,33.9381274,خدمات,Not an easy way up is a service facility in Egypt that supports visitors and residents in the area.,1050,
Bed-3 Camp,29.8596635,27.9369039,إقامة,"Bed-3 Camp is a hotel and accommodation facility in Egypt, offering lodging services to travelers and tourists visiting the area.",1051,
Rig 72,30.0153939,28.2276236,إقامة,"Rig 72 is a hotel and accommodation facility in Egypt, offering lodging services to travelers and tourists visiting the area.",1052,
Rig 72,30.0225839,28.1859398,إقامة,"Rig 72 is a hotel and accommodation facility in Egypt, offering lodging services to travelers and tourists visiting the area.",1053,
Rig 72,30.0287704,28.2018184,إقامة,"Rig 72 is a hotel and accommodation facility in Egypt, offering lodging services to travelers and tourists visiting the area.",1054,
Rig 72,30.0243675,28.2219887,إقامة,"Rig 72 is a hotel and accommodation facility in Egypt, offering lodging services to travelers and tourists visiting the area.",1055,
Rig 72,30.0302473,28.225615,إقامة,"Rig 72 is a hotel and accommodation facility in Egypt, offering lodging services to travelers and tourists visiting the area.",1056,
قصير أبو طبق,30.333333,26.65,أخرى,"قصير أبو طبق is a point of interest in Egypt, contributing to the country's diverse cultural, historical, and natural landscape.",1057,
هرم اللاهون,29.2362253,30.9709336,تاريخي,هرم اللاهون أو هرم سنوسرت الثاني بالفيوم يعود إلى عصر الدولة الوسطى من الأسرة الثانية عشرة. تميز بأسلوب بناء مبتكر استخدم الطوب اللبن بدلاً من الحجر الكلسي كبنية داخلية مع واجهة حجرية خارجية. اكتُشفت فيه مجوهرات ملكية رائعة تعود لأميرات الأسرة الحاكمة.,1058,
تمثال العبور,29.0835421,31.1029451,أخرى,"تمثال العبور is a point of interest in Egypt, contributing to the country's diverse cultural, historical, and natural landscape.",1059,
قاعة المؤتمرات,29.0734481,31.1148876,إقامة,"قاعة المؤتمرات is a hotel and accommodation facility in Egypt, offering lodging services to travelers and tourists visiting the area.",1060,
المصنع,29.1044715,31.1850002,ثقافي,"المصنع is a cultural institution in Egypt that preserves and presents aspects of Egyptian heritage, history, and artistic traditions for visitors and researchers alike.",1061,
Heracleopolis Magna,29.0855154,30.9345621,تاريخي,Heracleopolis Magna is an ancient Egyptian historical site that forms part of Egypt's extraordinary archaeological heritage. The site offers visitors a direct connection to the civilization that built one of the greatest empires of the ancient world.,1062,
منتجع الاسيوطي سبورت,29.4017341,31.1139152,إقامة,"منتجع الاسيوطي سبورت is a hotel and accommodation facility in Egypt, offering lodging services to travelers and tourists visiting the area.",1063,
ميدان الزراعيين,29.0706832,31.0980993,أخرى,"ميدان الزراعيين is a point of interest in Egypt, contributing to the country's diverse cultural, historical, and natural landscape.",1064,
مقبرة ال أشرف عبدالله روبي,29.1243615,31.1854499,أخرى,"مقبرة ال أشرف عبدالله روبي is a point of interest in Egypt, contributing to the country's diverse cultural, historical, and natural landscape.",1065,
منزل الفقير الى الله,29.0299622,31.0849393,أخرى,"منزل الفقير الى الله is a point of interest in Egypt, contributing to the country's diverse cultural, historical, and natural landscape.",1066,
منزل الاستاذ رجب سيد,29.0833965,31.090684,أخرى,"منزل الاستاذ رجب سيد is a point of interest in Egypt, contributing to the country's diverse cultural, historical, and natural landscape.",1067,
منزل المستشار محمد عزت,29.1035727,30.9815456,أخرى,"منزل المستشار محمد عزت is a point of interest in Egypt, contributing to the country's diverse cultural, historical, and natural landscape.",1068,
Fag el-Gamous Cemetery,29.3925614,31.0415622,تاريخي,Fag el-Gamous Cemetery is an ancient Egyptian historical site that forms part of Egypt's extraordinary archaeological heritage. The site offers visitors a direct connection to the civilization that built one of the greatest empires of the ancient world.,1069,
تل الكوم الأحمر,31.56,31.075556,أخرى,"تل الكوم الأحمر is a point of interest in Egypt, contributing to the country's diverse cultural, historical, and natural landscape.",1070,
تل كفر شلبي,31.557222,31.091944,أخرى,"تل كفر شلبي is a point of interest in Egypt, contributing to the country's diverse cultural, historical, and natural landscape.",1071,
منزل الحاج مدحت سعفان,31.210692,31.3554483,أخرى,"منزل الحاج مدحت سعفان is a point of interest in Egypt, contributing to the country's diverse cultural, historical, and natural landscape.",1072,
منزل ال غانم,31.2593308,30.9123051,أخرى,"منزل ال غانم is a point of interest in Egypt, contributing to the country's diverse cultural, historical, and natural landscape.",1073,
المهدى محمد عبدالوهاب,31.2988194,31.2783084,أخرى,"المهدى محمد عبدالوهاب is a point of interest in Egypt, contributing to the country's diverse cultural, historical, and natural landscape.",1074,
Abu Gharadig,29.7927444,28.5611513,خدمات,Abu Gharadig is a service facility in Egypt that supports visitors and residents in the area.,1075,
Abu Gharadig,29.8012611,28.5587749,خدمات,Abu Gharadig is a service facility in Egypt that supports visitors and residents in the area.,1076,
Leontopolis,30.682516,31.3542098,تاريخي,Leontopolis is an ancient Egyptian historical site that forms part of Egypt's extraordinary archaeological heritage. The site offers visitors a direct connection to the civilization that built one of the greatest empires of the ancient world.,1077,
بطا,30.4625623,31.1692721,أخرى,"بطا is a point of interest in Egypt, contributing to the country's diverse cultural, historical, and natural landscape.",1078,
طوخ دلكة,30.6453566,30.9160977,أخرى,"طوخ دلكة is a point of interest in Egypt, contributing to the country's diverse cultural, historical, and natural landscape.",1079,
العجل,30.5009747,31.1529696,أخرى,"العجل is a point of interest in Egypt, contributing to the country's diverse cultural, historical, and natural landscape.",1080,
Shewail Home,30.3603644,31.3836777,إقامة,"Shewail Home is a hotel and accommodation facility in Egypt, offering lodging services to travelers and tourists visiting the area.",1081,
كورنيش كفر الجزار,30.4700119,31.1731165,أخرى,"كورنيش كفر الجزار is a point of interest in Egypt, contributing to the country's diverse cultural, historical, and natural landscape.",1082,
المفارق,30.6423961,31.3302052,إقامة,"المفارق is a hotel and accommodation facility in Egypt, offering lodging services to travelers and tourists visiting the area.",1083,
مختار خضر,30.4700617,31.1582792,أخرى,"مختار خضر is a point of interest in Egypt, contributing to the country's diverse cultural, historical, and natural landscape.",1084,
بطا,30.4612658,31.1689874,أخرى,"بطا is a point of interest in Egypt, contributing to the country's diverse cultural, historical, and natural landscape.",1085,
منزل م/ عماد عيسى,30.4275031,31.0147342,إقامة,"منزل م/ عماد عيسى is a hotel and accommodation facility in Egypt, offering lodging services to travelers and tourists visiting the area.",1086,
منزل ا. حسام,30.3076671,31.2816773,أخرى,"منزل ا. حسام is a point of interest in Egypt, contributing to the country's diverse cultural, historical, and natural landscape.",1087,
Mo sallam,30.3590998,30.946035,إقامة,"Mo sallam is a hotel and accommodation facility in Egypt, offering lodging services to travelers and tourists visiting the area.",1088,
فيلا البنا,30.5502664,31.2683203,أخرى,"فيلا البنا is a point of interest in Egypt, contributing to the country's diverse cultural, historical, and natural landscape.",1089,
المنزل,30.3933518,31.0697079,أخرى,"المنزل is a point of interest in Egypt, contributing to the country's diverse cultural, historical, and natural landscape.",1090,
Quesna,30.5283368,31.1706156,تاريخي,Quesna is an ancient Egyptian historical site that forms part of Egypt's extraordinary archaeological heritage. The site offers visitors a direct connection to the civilization that built one of the greatest empires of the ancient world.,1091,
منزل المقدس/عطيه جرجس ميخائيل سعيد,30.5167704,31.347478,أخرى,"منزل المقدس/عطيه جرجس ميخائيل سعيد is a point of interest in Egypt, contributing to the country's diverse cultural, historical, and natural landscape.",1092,
الخضرة,30.3626674,31.0283888,أخرى,"الخضرة is a point of interest in Egypt, contributing to the country's diverse cultural, historical, and natural landscape.",1093,
ابو عاطف,30.4868793,31.2177886,أخرى,"ابو عاطف is a point of interest in Egypt, contributing to the country's diverse cultural, historical, and natural landscape.",1094,
س٣٩ م ع مطار قويسنا,30.5772618,31.1282146,إقامة,"س٣٩ م ع مطار قويسنا is a hotel and accommodation facility in Egypt, offering lodging services to travelers and tourists visiting the area.",1095,
مستودع ٢٩ ذخائر جويه ابو ذكرى,30.5304154,31.1787192,إقامة,"مستودع ٢٩ ذخائر جويه ابو ذكرى is a hotel and accommodation facility in Egypt, offering lodging services to travelers and tourists visiting the area.",1096,
موقع البيكون,30.5609002,31.1338949,إقامة,"موقع البيكون is a hotel and accommodation facility in Egypt, offering lodging services to travelers and tourists visiting the area.",1097,
كفر الشيخ ابراهيم,30.5313486,31.1426756,إقامة,"كفر الشيخ ابراهيم is a hotel and accommodation facility in Egypt, offering lodging services to travelers and tourists visiting the area.",1098,
ميس الطيارين مطار قويسنا,30.551543,31.1441819,إقامة,"ميس الطيارين مطار قويسنا is a hotel and accommodation facility in Egypt, offering lodging services to travelers and tourists visiting the area.",1099,
عرب الخلوه,30.3585496,31.2718946,أخرى,"عرب الخلوه is a point of interest in Egypt, contributing to the country's diverse cultural, historical, and natural landscape.",1100,
منزل الحاج مجدى أبونصر,30.3099693,31.1152315,أخرى,"منزل الحاج مجدى أبونصر is a point of interest in Egypt, contributing to the country's diverse cultural, historical, and natural landscape.",1101,
منزل الحاج مجدى محمد أبونصر,30.3096016,31.1155847,أخرى,"منزل الحاج مجدى محمد أبونصر is a point of interest in Egypt, contributing to the country's diverse cultural, historical, and natural landscape.",1102,
الانجب الى سمادون واشمون,30.3534013,30.9322086,إقامة,"الانجب الى سمادون واشمون is a hotel and accommodation facility in Egypt, offering lodging services to travelers and tourists visiting the area.",1103,
ليونتوبوليس,30.2934024,31.3326198,تاريخي,ليونتوبوليس is an ancient Egyptian historical site that forms part of Egypt's extraordinary archaeological heritage. The site offers visitors a direct connection to the civilization that built one of the greatest empires of the ancient world.,1104,
اولاد البرقي أبومسلم,30.4842133,30.9760248,أخرى,"اولاد البرقي أبومسلم is a point of interest in Egypt, contributing to the country's diverse cultural, historical, and natural landscape.",1105,
الشيخ إبراهيم أبوالريش,30.4906329,31.1805323,أخرى,"الشيخ إبراهيم أبوالريش is a point of interest in Egypt, contributing to the country's diverse cultural, historical, and natural landscape.",1106,
المنزل,30.4738434,31.1841736,أخرى,"المنزل is a point of interest in Egypt, contributing to the country's diverse cultural, historical, and natural landscape.",1107,
خلود,29.8230968,31.3845021,ثقافي,"خلود is a cultural institution in Egypt that preserves and presents aspects of Egyptian heritage, history, and artistic traditions for visitors and researchers alike.",1108,
هرم الملائكة الإثنين,29.7833376,31.2000317,تاريخي,هرم الملائكة الإثنين is an ancient Egyptian historical site that forms part of Egypt's extraordinary archaeological heritage. The site offers visitors a direct connection to the civilization that built one of the greatest empires of the ancient world.,1109,
هرم سنوسرت الثالث,29.8190131,31.2184739,تاريخي,هرم سنوسرت الثالث في دهشور يعود للأسرة الثانية عشرة ويتميز بارتفاعه البالغ 78 متراً. يضم نظاماً معقداً من الممرات والحجرات الداخلية. حوله مقابر أفراد الأسرة الملكية التي أسفرت عن اكتشاف كنوز من الذهب والأحجار الكريمة.,1110,
دهشور,29.7990412,31.2064059,أخرى,"دهشور is a point of interest in Egypt, contributing to the country's diverse cultural, historical, and natural landscape.",1111,
مفارق الصعيد الغربي,29.8305287,31.0486267,أخرى,"مفارق الصعيد الغربي is a point of interest in Egypt, contributing to the country's diverse cultural, historical, and natural landscape.",1112,
Northern Mazghuna pyramid,29.7675,31.22083,تاريخي,Northern Mazghuna pyramid is an ancient Egyptian historical site that forms part of Egypt's extraordinary archaeological heritage. The site offers visitors a direct connection to the civilization that built one of the greatest empires of the ancient world.,1113,
Southern Mazghuna pyramid,29.76167,31.22083,تاريخي,Southern Mazghuna pyramid is an ancient Egyptian historical site that forms part of Egypt's extraordinary archaeological heritage. The site offers visitors a direct connection to the civilization that built one of the greatest empires of the ancient world.,1114,
SAK S 3,29.8339722,31.223775,أخرى,"SAK S 3 is a point of interest in Egypt, contributing to the country's diverse cultural, historical, and natural landscape.",1115,
Tip of the Red Pyramid,29.8086337,31.2062597,أخرى,Tip of the Red Pyramid is an ancient Egyptian historical site that forms part of Egypt's extraordinary archaeological heritage. The site offers visitors a direct connection to the civilization that built one of the greatest empires of the ancient world.,1116,
Hetepheres's Pyramid,29.788689,31.2095033,أخرى,Hetepheres's Pyramid is an ancient Egyptian historical site that forms part of Egypt's extraordinary archaeological heritage. The site offers visitors a direct connection to the civilization that built one of the greatest empires of the ancient world.,1117,
Land,29.5468807,31.0752221,أخرى,"Land is a point of interest in Egypt, contributing to the country's diverse cultural, historical, and natural landscape.",1118,
شهاب,29.8382924,31.3753113,إقامة,"شهاب is a hotel and accommodation facility in Egypt, offering lodging services to travelers and tourists visiting the area.",1119,
شهاب,29.8383088,31.3752231,إقامة,"شهاب is a hotel and accommodation facility in Egypt, offering lodging services to travelers and tourists visiting the area.",1120,
الخولي,29.8385368,31.3754239,إقامة,"الخولي is a hotel and accommodation facility in Egypt, offering lodging services to travelers and tourists visiting the area.",1121,
دوار العمده عطاالله ابوسريع,29.8120851,31.2670856,أخرى,"دوار العمده عطاالله ابوسريع is a point of interest in Egypt, contributing to the country's diverse cultural, historical, and natural landscape.",1122,
قريه الاخصاص,29.7038342,31.2866982,أخرى,"قريه الاخصاص is a point of interest in Egypt, contributing to the country's diverse cultural, historical, and natural landscape.",1123,
Point of Attila Gulyas 230115-a,29.8305786,30.9795552,أخرى,"Point of Attila Gulyas 230115-a is a point of interest in Egypt, contributing to the country's diverse cultural, historical, and natural landscape.",1124,
شارع الحاج حسن الديب,29.7038764,31.2869286,أخرى,"شارع الحاج حسن الديب is a point of interest in Egypt, contributing to the country's diverse cultural, historical, and natural landscape.",1125,
شارع الحاج حسن الديب,29.7038997,31.2871968,أخرى,"شارع الحاج حسن الديب is a point of interest in Egypt, contributing to the country's diverse cultural, historical, and natural landscape.",1126,
مجاوره 33 بمايو,29.8186633,31.3695336,أخرى,"مجاوره 33 بمايو is a point of interest in Egypt, contributing to the country's diverse cultural, historical, and natural landscape.",1127,
Bakchias,29.5410545,31.007865,تاريخي,Bakchias is an ancient Egyptian historical site that forms part of Egypt's extraordinary archaeological heritage. The site offers visitors a direct connection to the civilization that built one of the greatest empires of the ancient world.,1128,
Revesta Dahshur,29.7844562,31.2329319,أخرى,"Revesta Dahshur is a point of interest in Egypt, contributing to the country's diverse cultural, historical, and natural landscape.",1129,
منزل مهندس مصطفـى أبـو عــمار,29.6232902,31.320113,أخرى,"منزل مهندس مصطفـى أبـو عــمار is a point of interest in Egypt, contributing to the country's diverse cultural, historical, and natural landscape.",1130,
لوج غاليت,29.2084851,25.5340747,إقامة,"لوج غاليت is a hotel and accommodation facility in Egypt, offering lodging services to travelers and tourists visiting the area.",1131,
دريم لوج,29.210095,25.5279634,إقامة,"دريم لوج is a hotel and accommodation facility in Egypt, offering lodging services to travelers and tourists visiting the area.",1132,
Mountain of the dead,29.2112889,25.524822,أخرى,"Mountain of the dead is a point of interest in Egypt, contributing to the country's diverse cultural, historical, and natural landscape.",1133,
Ancient houses here,29.2099366,25.4892723,أخرى,"Ancient houses here is a point of interest in Egypt, contributing to the country's diverse cultural, historical, and natural landscape.",1134,
Panta Lodge,29.2100052,25.5277305,إقامة,"Panta Lodge is a hotel and accommodation facility in Egypt, offering lodging services to travelers and tourists visiting the area.",1135,
Ruins,29.2063437,25.4898766,أخرى,"Ruins is a point of interest in Egypt, contributing to the country's diverse cultural, historical, and natural landscape.",1136,
فندق حلنان بور سعيد,31.2722751,32.3119839,إقامة,"فندق حلنان بور سعيد is a hotel and accommodation facility in Egypt, offering lodging services to travelers and tourists visiting the area.",1137,
طابية الجميل,31.284444,32.2025,أخرى,"طابية الجميل is a point of interest in Egypt, contributing to the country's diverse cultural, historical, and natural landscape.",1138,
Resta Hotel,31.2683201,32.3163225,إقامة,"Resta Hotel is a hotel and accommodation facility in Egypt, offering lodging services to travelers and tourists visiting the area.",1139,
طارق ابن زياد,31.2597851,32.2747019,إقامة,"طارق ابن زياد is a hotel and accommodation facility in Egypt, offering lodging services to travelers and tourists visiting the area.",1140,
مديرية المساحه ببورسعيد,31.2713842,32.2760715,أخرى,"مديرية المساحه ببورسعيد is a point of interest in Egypt, contributing to the country's diverse cultural, historical, and natural landscape.",1141,
الشغل,31.2408908,32.3357768,ثقافي,"الشغل is a cultural institution in Egypt that preserves and presents aspects of Egyptian heritage, history, and artistic traditions for visitors and researchers alike.",1142,
The New Continental Hotel,31.2612616,32.3092056,إقامة,"The New Continental Hotel is a hotel and accommodation facility in Egypt, offering lodging services to travelers and tourists visiting the area.",1143,
Panorama Hotel,31.2680759,32.3146508,إقامة,"Panorama Hotel is a hotel and accommodation facility in Egypt, offering lodging services to travelers and tourists visiting the area.",1144,
نادي الابطال للقوات المسلحة. بورسعيد,31.2877945,32.2048806,إقامة,"نادي الابطال للقوات المسلحة. بورسعيد is a hotel and accommodation facility in Egypt, offering lodging services to travelers and tourists visiting the area.",1145,
مسجد التوفيقي,31.266038,32.2982815,ثقافي,"مسجد التوفيقي is a cultural institution in Egypt that preserves and presents aspects of Egyptian heritage, history, and artistic traditions for visitors and researchers alike.",1146,
Hotel De La Poste,31.2628239,32.3103358,إقامة,"Hotel De La Poste is a hotel and accommodation facility in Egypt, offering lodging services to travelers and tourists visiting the area.",1147,
Gadou Rooms,31.2711508,32.2728351,أخرى,"Gadou Rooms is a point of interest in Egypt, contributing to the country's diverse cultural, historical, and natural landscape.",1148,
متحف بور سعيد الحربي,31.2701213,32.2999977,ثقافي,"متحف بور سعيد الحربي is a cultural institution in Egypt that preserves and presents aspects of Egyptian heritage, history, and artistic traditions for visitors and researchers alike.",1149,25.0
قصر ثقافة بورسعيد,31.2623839,32.2869257,أخرى,"قصر ثقافة بورسعيد is a point of interest in Egypt, contributing to the country's diverse cultural, historical, and natural landscape.",1150,
عماره جده,31.2610019,32.2745484,أخرى,"عماره جده is a point of interest in Egypt, contributing to the country's diverse cultural, historical, and natural landscape.",1151,
110 عشاق المصري,31.2381242,32.2660949,أخرى,"110 عشاق المصري is a point of interest in Egypt, contributing to the country's diverse cultural, historical, and natural landscape.",1152,
الترمذي,31.2615588,32.2718053,أخرى,"الترمذي is a point of interest in Egypt, contributing to the country's diverse cultural, historical, and natural landscape.",1153,
عباس العقاد,31.2613208,32.2727573,أخرى,"عباس العقاد is a point of interest in Egypt, contributing to the country's diverse cultural, historical, and natural landscape.",1154,
لطفي السيد,31.2609062,32.2731185,أخرى,"لطفي السيد is a point of interest in Egypt, contributing to the country's diverse cultural, historical, and natural landscape.",1155,
مكه ٨٣,31.2380707,32.2634863,أخرى,"مكه ٨٣ is a point of interest in Egypt, contributing to the country's diverse cultural, historical, and natural landscape.",1156,
بنيه 120,31.2553649,32.2703154,أخرى,"بنيه 120 is a point of interest in Egypt, contributing to the country's diverse cultural, historical, and natural landscape.",1157,
58,31.2322905,32.2686524,أخرى,"58 is a point of interest in Egypt, contributing to the country's diverse cultural, historical, and natural landscape.",1158,
142,31.2556618,32.2708263,إقامة,"142 is a hotel and accommodation facility in Egypt, offering lodging services to travelers and tourists visiting the area.",1159,
جابر ابن حيان,31.2609847,32.2719054,أخرى,"جابر ابن حيان is a point of interest in Egypt, contributing to the country's diverse cultural, historical, and natural landscape.",1160,
الظاهر بيبرس,31.2612148,32.2713573,أخرى,"الظاهر بيبرس is a point of interest in Egypt, contributing to the country's diverse cultural, historical, and natural landscape.",1161,
بغداد,31.2616931,32.274277,أخرى,"بغداد is a point of interest in Egypt, contributing to the country's diverse cultural, historical, and natural landscape.",1162,
فلسطين,31.2619446,32.2739483,أخرى,"فلسطين is a point of interest in Egypt, contributing to the country's diverse cultural, historical, and natural landscape.",1163,
الفيروز ١٥٣,31.21826,32.314008,أخرى,"الفيروز ١٥٣ is a point of interest in Egypt, contributing to the country's diverse cultural, historical, and natural landscape.",1164,
الإسراء,31.2351496,32.2885043,إقامة,"الإسراء is a hotel and accommodation facility in Egypt, offering lodging services to travelers and tourists visiting the area.",1165,
محمد كريم,31.2605098,32.2743282,أخرى,"محمد كريم is a point of interest in Egypt, contributing to the country's diverse cultural, historical, and natural landscape.",1166,
عمر مكرم,31.2605167,32.2746834,أخرى,"عمر مكرم is a point of interest in Egypt, contributing to the country's diverse cultural, historical, and natural landscape.",1167,
العريش,31.2626641,32.2746471,أخرى,"العريش is a point of interest in Egypt, contributing to the country's diverse cultural, historical, and natural landscape.",1168,
الظاهر بيبرس,31.2612185,32.2713816,أخرى,"الظاهر بيبرس is a point of interest in Egypt, contributing to the country's diverse cultural, historical, and natural landscape.",1169,
صنعاء,31.2617216,32.2747715,أخرى,"صنعاء is a point of interest in Egypt, contributing to the country's diverse cultural, historical, and natural landscape.",1170,
سينا,31.2628745,32.2741425,أخرى,"سينا is a point of interest in Egypt, contributing to the country's diverse cultural, historical, and natural landscape.",1171,
عمان,31.2619412,32.2734356,أخرى,"عمان is a point of interest in Egypt, contributing to the country's diverse cultural, historical, and natural landscape.",1172,
تونس,31.2608498,32.2757755,أخرى,"تونس is a point of interest in Egypt, contributing to the country's diverse cultural, historical, and natural landscape.",1173,
المغرب,31.2623088,32.2733484,أخرى,"المغرب is a point of interest in Egypt, contributing to the country's diverse cultural, historical, and natural landscape.",1174,
احمد شوقي,31.2616112,32.2733431,أخرى,"احمد شوقي is a point of interest in Egypt, contributing to the country's diverse cultural, historical, and natural landscape.",1175,
عماره المؤمنين ٩٨,31.2392393,32.264201,أخرى,"عماره المؤمنين ٩٨ is a point of interest in Egypt, contributing to the country's diverse cultural, historical, and natural landscape.",1176,
عماره بلال بن رباح,31.2601419,32.2749641,أخرى,"عماره بلال بن رباح is a point of interest in Egypt, contributing to the country's diverse cultural, historical, and natural landscape.",1177,
عماره دجله,31.2653024,32.2751277,أخرى,"عماره دجله is a point of interest in Egypt, contributing to the country's diverse cultural, historical, and natural landscape.",1178,
135 روضه الرحمن,31.2372392,32.2655891,أخرى,"135 روضه الرحمن is a point of interest in Egypt, contributing to the country's diverse cultural, historical, and natural landscape.",1179,
127 مكه المكرمه,31.2375733,32.265199,أخرى,"127 مكه المكرمه is a point of interest in Egypt, contributing to the country's diverse cultural, historical, and natural landscape.",1180,
sometimes flamingos in winter,31.2211658,32.3162646,أخرى,"sometimes flamingos in winter is a point of interest in Egypt, contributing to the country's diverse cultural, historical, and natural landscape.",1181,
جبال من الملح,31.2345507,32.3222996,أخرى,"جبال من الملح is a point of interest in Egypt, contributing to the country's diverse cultural, historical, and natural landscape.",1182,
Ferdinand’s old house (abandoned),31.266757,32.3100874,أخرى,"Ferdinand’s old house (abandoned) is a point of interest in Egypt, contributing to the country's diverse cultural, historical, and natural landscape.",1183,
Port Said cultural centre/coworking,31.2665747,32.3098859,أخرى,"Port Said cultural centre/coworking is a point of interest in Egypt, contributing to the country's diverse cultural, historical, and natural landscape.",1184,
عماره نجيب محفوظ,31.262253,32.2724237,أخرى,"عماره نجيب محفوظ is a point of interest in Egypt, contributing to the country's diverse cultural, historical, and natural landscape.",1185,
برج الرسول,31.2672698,32.2859461,أخرى,"برج الرسول is a point of interest in Egypt, contributing to the country's diverse cultural, historical, and natural landscape.",1186,
برج الفيروز 9,31.2639301,32.2784563,أخرى,"برج الفيروز 9 is a point of interest in Egypt, contributing to the country's diverse cultural, historical, and natural landscape.",1187,
برج الهدي 5,31.2635059,32.279995,أخرى,"برج الهدي 5 is a point of interest in Egypt, contributing to the country's diverse cultural, historical, and natural landscape.",1188,
برج هدي 6,31.2639582,32.278138,أخرى,"برج هدي 6 is a point of interest in Egypt, contributing to the country's diverse cultural, historical, and natural landscape.",1189,
برج الزهره,31.266421,32.2883788,أخرى,"برج الزهره is a point of interest in Egypt, contributing to the country's diverse cultural, historical, and natural landscape.",1190,
برج طيبه 8,31.2642002,32.2785235,أخرى,"برج طيبه 8 is a point of interest in Egypt, contributing to the country's diverse cultural, historical, and natural landscape.",1191,
برج تبارك 3,31.2646441,32.2843791,أخرى,"برج تبارك 3 is a point of interest in Egypt, contributing to the country's diverse cultural, historical, and natural landscape.",1192,
برج الفيروز 4,31.263073,32.284076,أخرى,"برج الفيروز 4 is a point of interest in Egypt, contributing to the country's diverse cultural, historical, and natural landscape.",1193,
عماره 13,31.2496866,32.2708053,أخرى,"عماره 13 is a point of interest in Egypt, contributing to the country's diverse cultural, historical, and natural landscape.",1194,
برج داليا,31.2658898,32.2882931,أخرى,"برج داليا is a point of interest in Egypt, contributing to the country's diverse cultural, historical, and natural landscape.",1195,
اجيال. 2/3,31.2661778,32.2884782,أخرى,"اجيال. 2/3 is a point of interest in Egypt, contributing to the country's diverse cultural, historical, and natural landscape.",1196,
برج ساره,31.2660866,32.2880386,أخرى,"برج ساره is a point of interest in Egypt, contributing to the country's diverse cultural, historical, and natural landscape.",1197,
برج الرضوي,31.2662462,32.288104,أخرى,"برج الرضوي is a point of interest in Egypt, contributing to the country's diverse cultural, historical, and natural landscape.",1198,
ابراج محمد علي,31.2663263,32.2868091,أخرى,"ابراج محمد علي is a point of interest in Egypt, contributing to the country's diverse cultural, historical, and natural landscape.",1199,
عمارة المتنبي,31.2599334,32.2743555,أخرى,"عمارة المتنبي is a point of interest in Egypt, contributing to the country's diverse cultural, historical, and natural landscape.",1200,
Green Sudr Resort,29.4524985,32.7524236,إقامة,"Green Sudr Resort is a hotel and accommodation facility in Egypt, offering lodging services to travelers and tourists visiting the area.",1201,
Sinai Star Resort,29.4453913,32.7563174,إقامة,"Sinai Star Resort is a hotel and accommodation facility in Egypt, offering lodging services to travelers and tourists visiting the area.",1202,
Palmera Beach Resort,29.7589703,32.4125865,إقامة,"Palmera Beach Resort is a hotel and accommodation facility in Egypt, offering lodging services to travelers and tourists visiting the area.",1203,
فندق بورتو سخنة,29.4443411,32.4805598,إقامة,"فندق بورتو سخنة is a hotel and accommodation facility in Egypt, offering lodging services to travelers and tourists visiting the area.",1204,
Temar Cruse,29.7139622,32.7028133,إقامة,"Temar Cruse is a hotel and accommodation facility in Egypt, offering lodging services to travelers and tourists visiting the area.",1205,
Mousa Limited K8601/11,29.8325645,32.6302787,أخرى,"Mousa Limited K8601/11 is a point of interest in Egypt, contributing to the country's diverse cultural, historical, and natural landscape.",1206,
راس سدر,29.5123739,32.7247917,إقامة,"راس سدر is a hotel and accommodation facility in Egypt, offering lodging services to travelers and tourists visiting the area.",1207,
Mousa Ltd.,29.8325573,32.6295495,أخرى,"Mousa Ltd. is a point of interest in Egypt, contributing to the country's diverse cultural, historical, and natural landscape.",1208,
جولدن بيتش 2,29.7049769,32.7050841,أخرى,"جولدن بيتش 2 is a point of interest in Egypt, contributing to the country's diverse cultural, historical, and natural landscape.",1209,
Island Beach,29.4579384,32.7512716,أخرى,"Island Beach is a point of interest in Egypt, contributing to the country's diverse cultural, historical, and natural landscape.",1210,
مدينة الجلالة الجديدة,29.4652758,32.4244169,أخرى,"مدينة الجلالة الجديدة is a point of interest in Egypt, contributing to the country's diverse cultural, historical, and natural landscape.",1211,
مدينة الجلالة الجديدة,29.4741894,32.4355362,أخرى,"مدينة الجلالة الجديدة is a point of interest in Egypt, contributing to the country's diverse cultural, historical, and natural landscape.",1212,
بوابة عيون موسي,29.8329862,32.6698529,أخرى,"بوابة عيون موسي is a point of interest in Egypt, contributing to the country's diverse cultural, historical, and natural landscape.",1213,
Jura El Galala,29.4698448,32.4553891,إقامة,"Jura El Galala is a hotel and accommodation facility in Egypt, offering lodging services to travelers and tourists visiting the area.",1214,
آدامز هوم أسوان,24.1692307,32.8661413,إقامة,"آدامز هوم أسوان is a hotel and accommodation facility in Egypt, offering lodging services to travelers and tourists visiting the area.",1215,
إزيس بيراميزا كورنيش,24.0922884,32.8953416,إقامة,"إزيس بيراميزا كورنيش is a hotel and accommodation facility in Egypt, offering lodging services to travelers and tourists visiting the area.",1216,
فصر ثقافة أسوان,24.0940278,32.8971871,أخرى,"فصر ثقافة أسوان is a point of interest in Egypt, contributing to the country's diverse cultural, historical, and natural landscape.",1217,
فندق أبوسمبل,24.0974519,32.8985861,إقامة,"فندق أبوسمبل is a hotel and accommodation facility in Egypt, offering lodging services to travelers and tourists visiting the area.",1218,
قبر آغا خان,24.0882795,32.8788351,أخرى,"قبر آغا خان is a point of interest in Egypt, contributing to the country's diverse cultural, historical, and natural landscape.",1219,
بسمة,24.0779051,32.8871799,إقامة,"بسمة is a hotel and accommodation facility in Egypt, offering lodging services to travelers and tourists visiting the area.",1220,
The monument of Friendship between Egypt and Soviet Union,23.9708504,32.8670191,أخرى,"The monument of Friendship between Egypt and Soviet Union is a point of interest in Egypt, contributing to the country's diverse cultural, historical, and natural landscape.",1221,
Mövenpick Resort Aswan,24.0932938,32.8915243,إقامة,"Mövenpick Resort Aswan is a hotel and accommodation facility in Egypt, offering lodging services to travelers and tourists visiting the area.",1222,
مقياس النيل,24.0253901,32.8836651,أخرى,"مقياس النيل is a point of interest in Egypt, contributing to the country's diverse cultural, historical, and natural landscape.",1223,
Outer Court,24.0250902,32.8838357,أخرى,"Outer Court is a point of interest in Egypt, contributing to the country's diverse cultural, historical, and natural landscape.",1224,
Forecourt,24.025471,32.8840246,أخرى,"Forecourt is a point of interest in Egypt, contributing to the country's diverse cultural, historical, and natural landscape.",1225,
Chapel of Mandulis,24.0247857,32.8839572,أخرى,"Chapel of Mandulis is a point of interest in Egypt, contributing to the country's diverse cultural, historical, and natural landscape.",1226,
Temple of Asclepius,24.0250879,32.8840063,أخرى,"Temple of Asclepius is an ancient Egyptian temple site representing the country's rich religious and architectural heritage. These sacred spaces served as centers of worship, ritual, and economic activity in the ancient world.",1227,
Birth-house,24.0254935,32.883896,أخرى,"Birth-house is a point of interest in Egypt, contributing to the country's diverse cultural, historical, and natural landscape.",1228,
فندق أناكاتو,24.0636604,32.8644811,إقامة,"فندق أناكاتو is a hotel and accommodation facility in Egypt, offering lodging services to travelers and tourists visiting the area.",1229,
Bet el Kerem,24.1060732,32.8916468,إقامة,"Bet el Kerem is a hotel and accommodation facility in Egypt, offering lodging services to travelers and tourists visiting the area.",1230,
Noorhan Hotel,24.0976551,32.9009216,إقامة,"Noorhan Hotel is a hotel and accommodation facility in Egypt, offering lodging services to travelers and tourists visiting the area.",1231,
Tolip Hotel Aswan,24.1095182,32.90132,إقامة,"Tolip Hotel Aswan is a hotel and accommodation facility in Egypt, offering lodging services to travelers and tourists visiting the area.",1232,
Philae Hotel,24.0890859,32.894454,إقامة,"Philae Hotel is a hotel and accommodation facility in Egypt, offering lodging services to travelers and tourists visiting the area.",1233,
Memnon Hotel,24.0893209,32.8946542,إقامة,"Memnon Hotel is a hotel and accommodation facility in Egypt, offering lodging services to travelers and tourists visiting the area.",1234,
فيلة,24.0209719,32.8896278,أخرى,"فيلة is a point of interest in Egypt, contributing to the country's diverse cultural, historical, and natural landscape.",1235,
Nile Museum,24.0408009,32.8839688,ثقافي,"The Nile Museum in Aswan is dedicated to the history, ecology, and culture of the Nile River, the lifeblood of Egyptian civilization. The museum explores the Nile's significance from ancient times to the present, including its hydrology, the peoples who depend on it, and the impact of the Aswan High Dam on Egyptian society and geography.",1236,50.0
Yaseen hotel,24.0971593,32.9016689,إقامة,"Yaseen hotel is a hotel and accommodation facility in Egypt, offering lodging services to travelers and tourists visiting the area.",1237,
Famine Stela,24.0577562,32.8721805,أخرى,"Famine Stela is a point of interest in Egypt, contributing to the country's diverse cultural, historical, and natural landscape.",1238,
Radio Station,24.0823461,32.8914414,أخرى,"Radio Station is a point of interest in Egypt, contributing to the country's diverse cultural, historical, and natural landscape.",1239,
Yassin Hotel,24.0979256,32.9017129,إقامة,"Yassin Hotel is a hotel and accommodation facility in Egypt, offering lodging services to travelers and tourists visiting the area.",1240,
Tiba Hotel Aswan,24.1047611,32.9033165,إقامة,"Tiba Hotel Aswan is a hotel and accommodation facility in Egypt, offering lodging services to travelers and tourists visiting the area.",1241,
Marhaba Hotel,24.0994863,32.8999734,إقامة,"Marhaba Hotel is a hotel and accommodation facility in Egypt, offering lodging services to travelers and tourists visiting the area.",1242,
Paradise Hotel,24.0984072,32.9016271,إقامة,"Paradise Hotel is a hotel and accommodation facility in Egypt, offering lodging services to travelers and tourists visiting the area.",1243,
Theatre Fauzi Fauzi,24.1131659,32.8996358,أخرى,"Theatre Fauzi Fauzi is a point of interest in Egypt, contributing to the country's diverse cultural, historical, and natural landscape.",1244,
Hathor Hotel,24.0918133,32.8960571,إقامة,"Hathor Hotel is a hotel and accommodation facility in Egypt, offering lodging services to travelers and tourists visiting the area.",1245,
El-Amin Guest House,24.0893059,32.8903859,أخرى,"El-Amin Guest House is a point of interest in Egypt, contributing to the country's diverse cultural, historical, and natural landscape.",1246,
Sharia as-Souq,24.0978441,32.9011722,أخرى,"Sharia as-Souq is a point of interest in Egypt, contributing to the country's diverse cultural, historical, and natural landscape.",1247,
Al Amin Budget Hotel,24.0980497,32.9007089,إقامة,"Al Amin Budget Hotel is a hotel and accommodation facility in Egypt, offering lodging services to travelers and tourists visiting the area.",1248,
Noorhan Hotel,24.098207,32.901672,إقامة,"Noorhan Hotel is a hotel and accommodation facility in Egypt, offering lodging services to travelers and tourists visiting the area.",1249,
Mango Guesthouse,24.0897737,32.8890371,أخرى,"Mango Guesthouse is a point of interest in Egypt, contributing to the country's diverse cultural, historical, and natural landscape.",1250,
Movenpick Tower Elefantina,24.096126,32.8928868,إقامة,"Movenpick Tower Elefantina is a hotel and accommodation facility in Egypt, offering lodging services to travelers and tourists visiting the area.",1251,
Hapi Hotel,24.092824,32.8967911,إقامة,"Hapi Hotel is a hotel and accommodation facility in Egypt, offering lodging services to travelers and tourists visiting the area.",1252,
Swimming Beach,24.064429,32.864834,أخرى,"Swimming Beach is a point of interest in Egypt, contributing to the country's diverse cultural, historical, and natural landscape.",1253,
Taharka Nubian House,24.092531,32.8900466,أخرى,"Taharka Nubian House is a point of interest in Egypt, contributing to the country's diverse cultural, historical, and natural landscape.",1254,
El-Salam Hotel,24.0916779,32.8959837,إقامة,"El-Salam Hotel is a hotel and accommodation facility in Egypt, offering lodging services to travelers and tourists visiting the area.",1255,
Baba Dool,24.0928438,32.8900781,أخرى,"Baba Dool is a point of interest in Egypt, contributing to the country's diverse cultural, historical, and natural landscape.",1256,
Nubian Village,24.061572,32.8642968,أخرى,"Nubian Village is a point of interest in Egypt, contributing to the country's diverse cultural, historical, and natural landscape.",1257,
Nubian Paradise Guest House,24.0901989,32.8908789,أخرى,"Nubian Paradise Guest House is a point of interest in Egypt, contributing to the country's diverse cultural, historical, and natural landscape.",1258,
Oscar hôtel,24.0843798,32.8937448,إقامة,"Oscar hôtel is a hotel and accommodation facility in Egypt, offering lodging services to travelers and tourists visiting the area.",1259,
Hisn al-Bab,24.0118265,32.890506,تاريخي,Hisn al-Bab is an ancient Egyptian historical site that forms part of Egypt's extraordinary archaeological heritage. The site offers visitors a direct connection to the civilization that built one of the greatest empires of the ancient world.,1260,
Aduba guest house,24.0907619,32.8914613,أخرى,"Aduba guest house is a point of interest in Egypt, contributing to the country's diverse cultural, historical, and natural landscape.",1261,
Radwan hotel,24.0963188,32.8995024,إقامة,"Radwan hotel is a hotel and accommodation facility in Egypt, offering lodging services to travelers and tourists visiting the area.",1262,
Elefantina Sobek,24.091591,32.8901832,أخرى,"Elefantina Sobek is a point of interest in Egypt, contributing to the country's diverse cultural, historical, and natural landscape.",1263,
Camel Riding Station,24.0896787,32.8802837,أخرى,"Camel Riding Station is a point of interest in Egypt, contributing to the country's diverse cultural, historical, and natural landscape.",1264,
Shellaly Ka,24.0655932,32.8709586,أخرى,"Shellaly Ka is a point of interest in Egypt, contributing to the country's diverse cultural, historical, and natural landscape.",1265,
Masha Mman,24.0494477,32.8595841,أخرى,"Masha Mman is a point of interest in Egypt, contributing to the country's diverse cultural, historical, and natural landscape.",1266,
Aladeen’s Nile Felucca Ride,24.0847416,32.8899501,أخرى,"Aladeen’s Nile Felucca Ride is a point of interest in Egypt, contributing to the country's diverse cultural, historical, and natural landscape.",1267,
Kafana Guest House Nile View,24.0890581,32.8856693,أخرى,"Kafana Guest House Nile View is a point of interest in Egypt, contributing to the country's diverse cultural, historical, and natural landscape.",1268,
Old Nubian Guest House Philae & Restaurant,24.0315912,32.8847615,أخرى,"Old Nubian Guest House Philae & Restaurant is a point of interest in Egypt, contributing to the country's diverse cultural, historical, and natural landscape.",1269,
NUBA one,24.091516,32.8894762,أخرى,"NUBA one is a point of interest in Egypt, contributing to the country's diverse cultural, historical, and natural landscape.",1270,
Nubian Village,24.0811994,32.8785457,أخرى,"Nubian Village is a point of interest in Egypt, contributing to the country's diverse cultural, historical, and natural landscape.",1271,
Heissa Camp,24.0106182,32.8811026,إقامة,"Heissa Camp is a hotel and accommodation facility in Egypt, offering lodging services to travelers and tourists visiting the area.",1272,
Eka Dolli Elephantine,24.0898528,32.889666,إقامة,"Eka Dolli Elephantine is a hotel and accommodation facility in Egypt, offering lodging services to travelers and tourists visiting the area.",1273,
مجدي يعقوب,24.0853762,32.8913168,ثقافي,"مجدي يعقوب is a cultural institution in Egypt that preserves and presents aspects of Egyptian heritage, history, and artistic traditions for visitors and researchers alike.",1274,
Nubian Queen,24.0906798,32.8908668,أخرى,"Nubian Queen is a point of interest in Egypt, contributing to the country's diverse cultural, historical, and natural landscape.",1275,
Aswan Nile Palace,24.072944,32.8807212,إقامة,"Aswan Nile Palace is a hotel and accommodation facility in Egypt, offering lodging services to travelers and tourists visiting the area.",1276,
David Hostel,24.0621434,32.8892197,إقامة,"David Hostel is a hotel and accommodation facility in Egypt, offering lodging services to travelers and tourists visiting the area.",1277,
David Hostel,24.0620848,32.8892117,إقامة,"David Hostel is a hotel and accommodation facility in Egypt, offering lodging services to travelers and tourists visiting the area.",1278,
Old Nubian house with a crocodile,24.1080572,32.890877,أخرى,"Old Nubian house with a crocodile is a point of interest in Egypt, contributing to the country's diverse cultural, historical, and natural landscape.",1279,
Old Nubian house with henna tattooing,24.1078461,32.8905762,أخرى,"Old Nubian house with henna tattooing is a point of interest in Egypt, contributing to the country's diverse cultural, historical, and natural landscape.",1280,
"Nubian house, restaurant and massage",24.0863602,32.8870829,أخرى,"Nubian house, restaurant and massage is a point of interest in Egypt, contributing to the country's diverse cultural, historical, and natural landscape.",1281,
Bob Marley Guest house and restaurant,24.0924675,32.8910305,أخرى,"Bob Marley Guest house and restaurant is a point of interest in Egypt, contributing to the country's diverse cultural, historical, and natural landscape.",1282,
Bob Marley Guest house and restaurant a,24.0906799,32.8911583,أخرى,"Bob Marley Guest house and restaurant a is a point of interest in Egypt, contributing to the country's diverse cultural, historical, and natural landscape.",1283,
Bayt Zaina -Nubian hospitality guest house,24.0887835,32.8857646,إقامة,"Bayt Zaina -Nubian hospitality guest house is a hotel and accommodation facility in Egypt, offering lodging services to travelers and tourists visiting the area.",1284,
Obelisk - Nile,24.0923773,32.8953468,إقامة,"Obelisk - Nile is a hotel and accommodation facility in Egypt, offering lodging services to travelers and tourists visiting the area.",1285,
Nubian Village,24.0614079,32.8641923,أخرى,"Nubian Village is a point of interest in Egypt, contributing to the country's diverse cultural, historical, and natural landscape.",1286,
Oscar Hotel,24.0928863,32.9007156,إقامة,"Oscar Hotel is a hotel and accommodation facility in Egypt, offering lodging services to travelers and tourists visiting the area.",1287,
Habibi Nibian Guesthouse,24.1077078,32.8912962,أخرى,"Habibi Nibian Guesthouse is a point of interest in Egypt, contributing to the country's diverse cultural, historical, and natural landscape.",1288,
Heart Nubia Guesthouse,24.1082086,32.8909302,أخرى,"Heart Nubia Guesthouse is a point of interest in Egypt, contributing to the country's diverse cultural, historical, and natural landscape.",1289,
Qh36 Tomb of sirenput I,24.1035641,32.8899211,تاريخي,Qh36 Tomb of sirenput I is an ancient Egyptian historical site that forms part of Egypt's extraordinary archaeological heritage. The site offers visitors a direct connection to the civilization that built one of the greatest empires of the ancient world.,1290,
35d,24.1029314,32.8901556,تاريخي,35d is an ancient Egyptian historical site that forms part of Egypt's extraordinary archaeological heritage. The site offers visitors a direct connection to the civilization that built one of the greatest empires of the ancient world.,1291,
hieroglyphs,24.0801552,32.8853208,تاريخي,hieroglyphs is an ancient Egyptian historical site that forms part of Egypt's extraordinary archaeological heritage. The site offers visitors a direct connection to the civilization that built one of the greatest empires of the ancient world.,1292,
Late Khnum Temple Main Entrance,24.0840335,32.8866393,تاريخي,Late Khnum Temple Main Entrance is an ancient Egyptian historical site that forms part of Egypt's extraordinary archaeological heritage. The site offers visitors a direct connection to the civilization that built one of the greatest empires of the ancient world.,1293,
Gateway of Amenhotep II,24.084089,32.8858671,تاريخي,Gateway of Amenhotep II is an ancient Egyptian historical site that forms part of Egypt's extraordinary archaeological heritage. The site offers visitors a direct connection to the civilization that built one of the greatest empires of the ancient world.,1294,
Satet Temple of Sesostris I,24.0850932,32.8865532,تاريخي,Satet Temple of Sesostris I is an ancient Egyptian historical site that forms part of Egypt's extraordinary archaeological heritage. The site offers visitors a direct connection to the civilization that built one of the greatest empires of the ancient world.,1295,
Barque Sanctuary of Sesostris I,24.0853083,32.8866051,تاريخي,Barque Sanctuary of Sesostris I is an ancient Egyptian historical site that forms part of Egypt's extraordinary archaeological heritage. The site offers visitors a direct connection to the civilization that built one of the greatest empires of the ancient world.,1296,
Satet Temple of Monthuhotep II,24.0852787,32.8863987,تاريخي,Satet Temple of Monthuhotep II is an ancient Egyptian historical site that forms part of Egypt's extraordinary archaeological heritage. The site offers visitors a direct connection to the civilization that built one of the greatest empires of the ancient world.,1297,
hieroglyphs,24.0794338,32.8958921,تاريخي,hieroglyphs is an ancient Egyptian historical site that forms part of Egypt's extraordinary archaeological heritage. The site offers visitors a direct connection to the civilization that built one of the greatest empires of the ancient world.,1298,
hieroglyphs,24.0580971,32.8732161,تاريخي,hieroglyphs is an ancient Egyptian historical site that forms part of Egypt's extraordinary archaeological heritage. The site offers visitors a direct connection to the civilization that built one of the greatest empires of the ancient world.,1299,
hieroglyphs,24.0573918,32.8743252,تاريخي,hieroglyphs is an ancient Egyptian historical site that forms part of Egypt's extraordinary archaeological heritage. The site offers visitors a direct connection to the civilization that built one of the greatest empires of the ancient world.,1300,
hieroglyphs,24.0573085,32.8736962,تاريخي,hieroglyphs is an ancient Egyptian historical site that forms part of Egypt's extraordinary archaeological heritage. The site offers visitors a direct connection to the civilization that built one of the greatest empires of the ancient world.,1301,
Nile Valley Viewpoint,24.0656751,32.8634693,أخرى,"Nile Valley Viewpoint is a point of interest in Egypt, contributing to the country's diverse cultural, historical, and natural landscape.",1302,
خلاص النفوس اسوان,24.0949336,32.900657,أخرى,"خلاص النفوس اسوان is a point of interest in Egypt, contributing to the country's diverse cultural, historical, and natural landscape.",1303,
الجيرمانية اسوان,24.0859133,32.8921683,أخرى,"الجيرمانية اسوان is a point of interest in Egypt, contributing to the country's diverse cultural, historical, and natural landscape.",1304,
Nile Bride Guesthouse,24.0895121,32.8864558,أخرى,"Nile Bride Guesthouse is a point of interest in Egypt, contributing to the country's diverse cultural, historical, and natural landscape.",1305,
Nubian Palace,24.0625731,32.8638687,أخرى,"Nubian Palace is a point of interest in Egypt, contributing to the country's diverse cultural, historical, and natural landscape.",1306,
Maghrabi's Guest House,24.1090199,32.8923072,أخرى,"Maghrabi's Guest House is a point of interest in Egypt, contributing to the country's diverse cultural, historical, and natural landscape.",1307,
Qh35h,24.1030645,32.8901587,تاريخي,Qh35h is an ancient Egyptian historical site that forms part of Egypt's extraordinary archaeological heritage. The site offers visitors a direct connection to the civilization that built one of the greatest empires of the ancient world.,1308,
Qh35i,24.1031078,32.8901933,تاريخي,Qh35i is an ancient Egyptian historical site that forms part of Egypt's extraordinary archaeological heritage. The site offers visitors a direct connection to the civilization that built one of the greatest empires of the ancient world.,1309,
Qh35e,24.1029779,32.8901689,تاريخي,Qh35e is an ancient Egyptian historical site that forms part of Egypt's extraordinary archaeological heritage. The site offers visitors a direct connection to the civilization that built one of the greatest empires of the ancient world.,1310,
Qh35a,24.1028278,32.890319,تاريخي,Qh35a is an ancient Egyptian historical site that forms part of Egypt's extraordinary archaeological heritage. The site offers visitors a direct connection to the civilization that built one of the greatest empires of the ancient world.,1311,
Qh35n,24.1034126,32.8901772,تاريخي,Qh35n is an ancient Egyptian historical site that forms part of Egypt's extraordinary archaeological heritage. The site offers visitors a direct connection to the civilization that built one of the greatest empires of the ancient world.,1312,
Qh35l,24.1032347,32.8902588,تاريخي,Qh35l is an ancient Egyptian historical site that forms part of Egypt's extraordinary archaeological heritage. The site offers visitors a direct connection to the civilization that built one of the greatest empires of the ancient world.,1313,
Qh35o,24.1034296,32.8901576,تاريخي,Qh35o is an ancient Egyptian historical site that forms part of Egypt's extraordinary archaeological heritage. The site offers visitors a direct connection to the civilization that built one of the greatest empires of the ancient world.,1314,
Tomb of mwkho & sabni,24.1009908,32.8893599,تاريخي,Tomb of mwkho & sabni is an ancient Egyptian historical site that forms part of Egypt's extraordinary archaeological heritage. The site offers visitors a direct connection to the civilization that built one of the greatest empires of the ancient world.,1315,
Qh35c,24.1029303,32.8902782,تاريخي,Qh35c is an ancient Egyptian historical site that forms part of Egypt's extraordinary archaeological heritage. The site offers visitors a direct connection to the civilization that built one of the greatest empires of the ancient world.,1316,
Qh26a,24.1011689,32.8896875,تاريخي,Qh26a is an ancient Egyptian historical site that forms part of Egypt's extraordinary archaeological heritage. The site offers visitors a direct connection to the civilization that built one of the greatest empires of the ancient world.,1317,
Qh35f,24.1029822,32.8901532,تاريخي,Qh35f is an ancient Egyptian historical site that forms part of Egypt's extraordinary archaeological heritage. The site offers visitors a direct connection to the civilization that built one of the greatest empires of the ancient world.,1318,
Qh35b,24.1028951,32.8902793,تاريخي,Qh35b is an ancient Egyptian historical site that forms part of Egypt's extraordinary archaeological heritage. The site offers visitors a direct connection to the civilization that built one of the greatest empires of the ancient world.,1319,
Qh35m,24.1033519,32.8902026,تاريخي,Qh35m is an ancient Egyptian historical site that forms part of Egypt's extraordinary archaeological heritage. The site offers visitors a direct connection to the civilization that built one of the greatest empires of the ancient world.,1320,
Kato Dool Wellness Resort,24.0718541,32.8642742,إقامة,"Kato Dool Wellness Resort is a hotel and accommodation facility in Egypt, offering lodging services to travelers and tourists visiting the area.",1321,
Sunset,24.0872998,32.8849402,أخرى,"Sunset is a point of interest in Egypt, contributing to the country's diverse cultural, historical, and natural landscape.",1322,
Palm,24.0872876,32.884823,أخرى,"Palm is a point of interest in Egypt, contributing to the country's diverse cultural, historical, and natural landscape.",1323,
Labib,24.0877072,32.8850461,أخرى,"Labib is a point of interest in Egypt, contributing to the country's diverse cultural, historical, and natural landscape.",1324,
Basmatic Nubian,24.0873703,32.8849958,أخرى,"Basmatic Nubian is a point of interest in Egypt, contributing to the country's diverse cultural, historical, and natural landscape.",1325,
Nubian Life Nile View Seko Kato,24.0871615,32.8848381,أخرى,"Nubian Life Nile View Seko Kato is a point of interest in Egypt, contributing to the country's diverse cultural, historical, and natural landscape.",1326,
Samara,24.0895255,32.8872073,أخرى,"Samara is a point of interest in Egypt, contributing to the country's diverse cultural, historical, and natural landscape.",1327,
Nubian Lotus,24.0902895,32.88815,أخرى,"Nubian Lotus is a point of interest in Egypt, contributing to the country's diverse cultural, historical, and natural landscape.",1328,
La Veranda,24.0925536,32.8900707,أخرى,"La Veranda is a point of interest in Egypt, contributing to the country's diverse cultural, historical, and natural landscape.",1329,
Ibiza,24.0926662,32.8899206,أخرى,"Ibiza is a point of interest in Egypt, contributing to the country's diverse cultural, historical, and natural landscape.",1330,
Andy Nubian,24.0865597,32.8867955,أخرى,"Andy Nubian is a point of interest in Egypt, contributing to the country's diverse cultural, historical, and natural landscape.",1331,
Om Abdallah,24.0865415,32.8864003,أخرى,"Om Abdallah is a point of interest in Egypt, contributing to the country's diverse cultural, historical, and natural landscape.",1332,
Nubia Soul,24.0870963,32.8858157,أخرى,"Nubia Soul is a point of interest in Egypt, contributing to the country's diverse cultural, historical, and natural landscape.",1333,
Abazido,24.0902626,32.8880463,أخرى,"Abazido is a point of interest in Egypt, contributing to the country's diverse cultural, historical, and natural landscape.",1334,
Kosh Royal,24.0920937,32.8903352,أخرى,"Kosh Royal is a point of interest in Egypt, contributing to the country's diverse cultural, historical, and natural landscape.",1335,
Nuba Tod,24.0908506,32.8914464,أخرى,"Nuba Tod is a point of interest in Egypt, contributing to the country's diverse cultural, historical, and natural landscape.",1336,
Safi,24.0902415,32.8907746,أخرى,"Safi is a point of interest in Egypt, contributing to the country's diverse cultural, historical, and natural landscape.",1337,
Regan,24.0905268,32.8885918,أخرى,"Regan is a point of interest in Egypt, contributing to the country's diverse cultural, historical, and natural landscape.",1338,
Otasho,24.0926435,32.889927,أخرى,"Otasho is a point of interest in Egypt, contributing to the country's diverse cultural, historical, and natural landscape.",1339,
El Prince,24.0903187,32.8884443,أخرى,"El Prince is a point of interest in Egypt, contributing to the country's diverse cultural, historical, and natural landscape.",1340,
Hamo House,24.0915641,32.8888009,أخرى,"Hamo House is a point of interest in Egypt, contributing to the country's diverse cultural, historical, and natural landscape.",1341,
Nobatia,24.0925957,32.8899969,أخرى,"Nobatia is a point of interest in Egypt, contributing to the country's diverse cultural, historical, and natural landscape.",1342,
Roma,24.0907607,32.891207,أخرى,"Roma is a point of interest in Egypt, contributing to the country's diverse cultural, historical, and natural landscape.",1343,
Merit,24.0872626,32.8855609,أخرى,"Merit is a point of interest in Egypt, contributing to the country's diverse cultural, historical, and natural landscape.",1344,
Jameica,24.0896368,32.8906244,أخرى,"Jameica is a point of interest in Egypt, contributing to the country's diverse cultural, historical, and natural landscape.",1345,
Masa,24.0876752,32.8879689,أخرى,"Masa is a point of interest in Egypt, contributing to the country's diverse cultural, historical, and natural landscape.",1346,
Obelisk Nile Towers,24.1079276,32.9005605,إقامة,"Obelisk Nile Towers is a hotel and accommodation facility in Egypt, offering lodging services to travelers and tourists visiting the area.",1347,
Blue Lotus,24.0733159,32.8807188,إقامة,"Blue Lotus is a hotel and accommodation facility in Egypt, offering lodging services to travelers and tourists visiting the area.",1348,
How obelisks were made,24.0775167,32.8946862,خدمات,How obelisks were made is a service facility in Egypt that supports visitors and residents in the area.,1349,
Nubia Museum,24.0792057,32.8887082,خدمات,"The Nubia Museum in Aswan is dedicated to preserving the rich culture and heritage of Nubia, much of which was submerged following the construction of the Aswan High Dam. The beautifully designed museum houses over 3,000 artifacts spanning thousands of years of Nubian history. It features reconstructed traditional Nubian houses and explains the dramatic rescue of Abu Simbel Temples.",1350,100.0
The Granite Quarries of Aswan,24.0775096,32.8946789,خدمات,The Granite Quarries of Aswan is a service facility in Egypt that supports visitors and residents in the area.,1351,
The unfinished obelisk,24.0772393,32.8943932,خدمات,The unfinished obelisk is a service facility in Egypt that supports visitors and residents in the area.,1352,
The temple of Isis,24.0841311,32.8933504,خدمات,"The Temple of Isis at Philae Island near Aswan is one of Egypt's most romantically situated ancient monuments, surrounded by the waters of Lake Nasser. Originally located on Philae Island, it was dismantled and relocated to Agilkia Island in a massive UNESCO rescue operation after the construction of the Aswan High Dam. The temple is renowned for its well-preserved reliefs and its Sound and Light Show.",1353,180.0
Overview of Egypian Obelisks Worldwide,24.0772297,32.8944049,خدمات,Overview of Egypian Obelisks Worldwide is a service facility in Egypt that supports visitors and residents in the area.,1354,
Nile Hotel,24.0859925,32.8920782,إقامة,"Nile Hotel is a hotel and accommodation facility in Egypt, offering lodging services to travelers and tourists visiting the area.",1355,
اسيوط الجديدة,27.2811003,31.293368,أخرى,"اسيوط الجديدة is a point of interest in Egypt, contributing to the country's diverse cultural, historical, and natural landscape.",1356,
Royal Tomb of Eknathon,27.6263998,30.984953,أخرى,Royal Tomb of Eknathon is an ancient Egyptian historical site that forms part of Egypt's extraordinary archaeological heritage. The site offers visitors a direct connection to the civilization that built one of the greatest empires of the ancient world.,1357,
Aya Kamal Assuit,27.2680047,31.2814196,أخرى,"Aya Kamal Assuit is a point of interest in Egypt, contributing to the country's diverse cultural, historical, and natural landscape.",1358,
سكن المحامي,27.280791,31.2645673,أخرى,"سكن المحامي is a point of interest in Egypt, contributing to the country's diverse cultural, historical, and natural landscape.",1359,
1420,27.278294,31.2629398,أخرى,"1420 is a point of interest in Egypt, contributing to the country's diverse cultural, historical, and natural landscape.",1360,
السعودى,27.2822922,31.2635112,أخرى,"السعودى is a point of interest in Egypt, contributing to the country's diverse cultural, historical, and natural landscape.",1361,
1416,27.2780553,31.2629301,أخرى,"1416 is a point of interest in Egypt, contributing to the country's diverse cultural, historical, and natural landscape.",1362,
1424,27.2788538,31.2631404,أخرى,"1424 is a point of interest in Egypt, contributing to the country's diverse cultural, historical, and natural landscape.",1363,
1093,27.2783226,31.2657989,أخرى,"1093 is a point of interest in Egypt, contributing to the country's diverse cultural, historical, and natural landscape.",1364,
1331,27.2773801,31.2644221,أخرى,"1331 is a point of interest in Egypt, contributing to the country's diverse cultural, historical, and natural landscape.",1365,
1304,27.2782826,31.2634809,أخرى,"1304 is a point of interest in Egypt, contributing to the country's diverse cultural, historical, and natural landscape.",1366,
1990,27.2792771,31.2636895,أخرى,"1990 is a point of interest in Egypt, contributing to the country's diverse cultural, historical, and natural landscape.",1367,
1382,27.2766831,31.2641918,أخرى,"1382 is a point of interest in Egypt, contributing to the country's diverse cultural, historical, and natural landscape.",1368,
سكن المدرسه,27.2865529,31.2647422,أخرى,"سكن المدرسه is a point of interest in Egypt, contributing to the country's diverse cultural, historical, and natural landscape.",1369,
خمسينية المعدية,27.2705331,31.055905,أخرى,"خمسينية المعدية is a point of interest in Egypt, contributing to the country's diverse cultural, historical, and natural landscape.",1370,
نهضة قداسة مسرع,27.226865,31.030865,أخرى,"نهضة قداسة مسرع is a point of interest in Egypt, contributing to the country's diverse cultural, historical, and natural landscape.",1371,
انجيلية الجاولي,27.2660906,31.0308588,أخرى,"انجيلية الجاولي is a point of interest in Egypt, contributing to the country's diverse cultural, historical, and natural landscape.",1372,
البيت,27.2823782,31.0758579,أخرى,"البيت is a point of interest in Egypt, contributing to the country's diverse cultural, historical, and natural landscape.",1373,
منزل  رمضان ابنوب,27.2764304,31.1490164,أخرى,"منزل  رمضان ابنوب is a point of interest in Egypt, contributing to the country's diverse cultural, historical, and natural landscape.",1374,
Vuvuzella Park,27.2629346,31.2757323,أخرى,"Vuvuzella Park is a point of interest in Egypt, contributing to the country's diverse cultural, historical, and natural landscape.",1375,
منذل بطرس سوادة,27.2473286,31.1927617,أخرى,"منذل بطرس سوادة is a point of interest in Egypt, contributing to the country's diverse cultural, historical, and natural landscape.",1376,
"El Tor, Egypt",28.2395324,33.6134707,تاريخي,"El Tor, Egypt is an ancient Egyptian historical site that forms part of Egypt's extraordinary archaeological heritage. The site offers visitors a direct connection to the civilization that built one of the greatest empires of the ancient world.",1377,
Gebel El Tor,28.2454301,33.6244216,إقامة,"Gebel El Tor is a hotel and accommodation facility in Egypt, offering lodging services to travelers and tourists visiting the area.",1378,
Hamam Musa,28.267159,33.5960474,أخرى,"Hamam Musa is a point of interest in Egypt, contributing to the country's diverse cultural, historical, and natural landscape.",1379,
Raitho Monastery,28.2395063,33.6151369,أخرى,"Raitho Monastery is a point of interest in Egypt, contributing to the country's diverse cultural, historical, and natural landscape.",1380,
Temple of Dendur,23.38306,32.95,أخرى,"Temple of Dendur is an ancient Egyptian temple site representing the country's rich religious and architectural heritage. These sacred spaces served as centers of worship, ritual, and economic activity in the ancient world.",1381,
Garden,25.4894234,28.9802518,إقامة,"Garden is a hotel and accommodation facility in Egypt, offering lodging services to travelers and tourists visiting the area.",1382,
Gebel el-Muzawaka,25.6810829,28.8382409,تاريخي,Gebel el-Muzawaka is an ancient Egyptian historical site that forms part of Egypt's extraordinary archaeological heritage. The site offers visitors a direct connection to the civilization that built one of the greatest empires of the ancient world.,1383,
Beir Gebel Tourist Camp,25.7397468,28.9221893,إقامة,"Beir Gebel Tourist Camp is a hotel and accommodation facility in Egypt, offering lodging services to travelers and tourists visiting the area.",1384,
El-Negoom Hotel,25.4991704,28.9803662,إقامة,"El-Negoom Hotel is a hotel and accommodation facility in Egypt, offering lodging services to travelers and tourists visiting the area.",1385,
Hotel El Qasr,25.6949026,28.8822522,إقامة,"Hotel El Qasr is a hotel and accommodation facility in Egypt, offering lodging services to travelers and tourists visiting the area.",1386,
Dessert Lodge,25.7024741,28.8809606,إقامة,"Dessert Lodge is a hotel and accommodation facility in Egypt, offering lodging services to travelers and tourists visiting the area.",1387,
القصر الإسلامية,25.6921045,28.8724531,أخرى,"القصر الإسلامية is a point of interest in Egypt, contributing to the country's diverse cultural, historical, and natural landscape.",1388,
Old Citadel of Mut,25.4862925,28.9805375,أخرى,"Old Citadel of Mut is a point of interest in Egypt, contributing to the country's diverse cultural, historical, and natural landscape.",1389,
Bedouin Camp,25.5606621,28.9496063,إقامة,"Bedouin Camp is a hotel and accommodation facility in Egypt, offering lodging services to travelers and tourists visiting the area.",1390,
Shag Rock,27.7731513,33.8846486,أخرى,"Shag Rock is a point of interest in Egypt, contributing to the country's diverse cultural, historical, and natural landscape.",1391,
The Kingstone,27.7731949,33.8853565,أخرى,"The Kingstone is a point of interest in Egypt, contributing to the country's diverse cultural, historical, and natural landscape.",1392,
Barge de Gubal,27.6779833,33.8046,أخرى,"Barge de Gubal is a point of interest in Egypt, contributing to the country's diverse cultural, historical, and natural landscape.",1393,
Ulysses,27.6867,33.8021333,أخرى,"Ulysses is a point of interest in Egypt, contributing to the country's diverse cultural, historical, and natural landscape.",1394,
Pampers,29.9586893,30.876513,ثقافي,"Pampers is a cultural institution in Egypt that preserves and presents aspects of Egyptian heritage, history, and artistic traditions for visitors and researchers alike.",1395,
الريف الأوروبي,30.1581727,30.7479152,أخرى,"الريف الأوروبي is a point of interest in Egypt, contributing to the country's diverse cultural, historical, and natural landscape.",1396,
٥٥,29.9547266,30.9007471,أخرى,"٥٥ is a point of interest in Egypt, contributing to the country's diverse cultural, historical, and natural landscape.",1397,
جمعيه مسجد الكمال,29.9589388,30.8973981,أخرى,جمعيه مسجد الكمال is a mosque serving the local Muslim community and representing Egypt's Islamic architectural heritage. Egypt's mosques range from medieval masterpieces to modern places of worship.,1398,
Zamzam AC factory,29.9092536,30.9068205,أخرى,"Zamzam AC factory is a point of interest in Egypt, contributing to the country's diverse cultural, historical, and natural landscape.",1399,
قطاع د,29.8832161,30.90604,أخرى,"قطاع د is a point of interest in Egypt, contributing to the country's diverse cultural, historical, and natural landscape.",1400,
قطاع أ,29.8905768,30.9015519,أخرى,"قطاع أ is a point of interest in Egypt, contributing to the country's diverse cultural, historical, and natural landscape.",1401,
61,29.9542211,30.9000638,أخرى,"61 is a point of interest in Egypt, contributing to the country's diverse cultural, historical, and natural landscape.",1402,
الممر الامارات,30.0475011,30.5408667,أخرى,"الممر الامارات is a point of interest in Egypt, contributing to the country's diverse cultural, historical, and natural landscape.",1403,
شُقَق,29.9777508,30.892379,أخرى,"شُقَق is a point of interest in Egypt, contributing to the country's diverse cultural, historical, and natural landscape.",1404,
JSOOR STAY,29.9841698,30.8758228,إقامة,"JSOOR STAY is a hotel and accommodation facility in Egypt, offering lodging services to travelers and tourists visiting the area.",1405,
مستعمرة الجزاير,31.3504113,31.4680098,أخرى,"مستعمرة الجزاير is a point of interest in Egypt, contributing to the country's diverse cultural, historical, and natural landscape.",1406,
الاندلس,31.509921,31.8309545,إقامة,"الاندلس is a hotel and accommodation facility in Egypt, offering lodging services to travelers and tourists visiting the area.",1407,
مسجد الرحمة,31.5136842,31.8333285,أخرى,مسجد الرحمة is a mosque serving the local Muslim community and representing Egypt's Islamic architectural heritage. Egypt's mosques range from medieval masterpieces to modern places of worship.,1408,
الامام السياحى,31.5113567,31.8317462,إقامة,"الامام السياحى is a hotel and accommodation facility in Egypt, offering lodging services to travelers and tourists visiting the area.",1409,
الوادى,31.5108914,31.8314848,إقامة,"الوادى is a hotel and accommodation facility in Egypt, offering lodging services to travelers and tourists visiting the area.",1410,
طيبة,31.5097158,31.831322,إقامة,"طيبة is a hotel and accommodation facility in Egypt, offering lodging services to travelers and tourists visiting the area.",1411,
الشرق الحديث,31.5090524,31.8304862,إقامة,"الشرق الحديث is a hotel and accommodation facility in Egypt, offering lodging services to travelers and tourists visiting the area.",1412,
سوق السمك,31.4210472,31.8099813,أخرى,"سوق السمك is a point of interest in Egypt, contributing to the country's diverse cultural, historical, and natural landscape.",1413,
كفر الحطبة,31.1780535,31.4849752,أخرى,"كفر الحطبة is a point of interest in Egypt, contributing to the country's diverse cultural, historical, and natural landscape.",1414,
Farskor,31.3354749,31.7208207,أخرى,"Farskor is a point of interest in Egypt, contributing to the country's diverse cultural, historical, and natural landscape.",1415,
منطقة اللسان,31.5275405,31.8437431,أخرى,"منطقة اللسان is a point of interest in Egypt, contributing to the country's diverse cultural, historical, and natural landscape.",1416,
Abo Tabl,31.5129571,31.8351334,إقامة,"Abo Tabl is a hotel and accommodation facility in Egypt, offering lodging services to travelers and tourists visiting the area.",1417,
El Salam,31.5219746,31.8393427,إقامة,"El Salam is a hotel and accommodation facility in Egypt, offering lodging services to travelers and tourists visiting the area.",1418,
بيتي,31.4141664,31.8117076,أخرى,"بيتي is a point of interest in Egypt, contributing to the country's diverse cultural, historical, and natural landscape.",1419,
جرين هاوس,31.5100064,31.8314975,إقامة,"جرين هاوس is a hotel and accommodation facility in Egypt, offering lodging services to travelers and tourists visiting the area.",1420,
Abandoned district,31.4304188,31.5487271,أخرى,"Abandoned district is a point of interest in Egypt, contributing to the country's diverse cultural, historical, and natural landscape.",1421,
٢غرفه كوابل,31.4082931,31.8802655,ثقافي,"٢غرفه كوابل is a cultural institution in Egypt that preserves and presents aspects of Egyptian heritage, history, and artistic traditions for visitors and researchers alike.",1422,
غرفه كوابل,31.4083888,31.8802254,ثقافي,"غرفه كوابل is a cultural institution in Egypt that preserves and presents aspects of Egyptian heritage, history, and artistic traditions for visitors and researchers alike.",1423,
غرفه,31.4080774,31.8811291,ثقافي,"غرفه is a cultural institution in Egypt that preserves and presents aspects of Egyptian heritage, history, and artistic traditions for visitors and researchers alike.",1424,
غرفه,31.4080865,31.8811411,ثقافي,"غرفه is a cultural institution in Egypt that preserves and presents aspects of Egyptian heritage, history, and artistic traditions for visitors and researchers alike.",1425,
غرفه,31.408338,31.8802895,ثقافي,"غرفه is a cultural institution in Egypt that preserves and presents aspects of Egyptian heritage, history, and artistic traditions for visitors and researchers alike.",1426,
غرفه,31.4068145,31.8856666,ثقافي,"غرفه is a cultural institution in Egypt that preserves and presents aspects of Egyptian heritage, history, and artistic traditions for visitors and researchers alike.",1427,
غرفه,31.4067991,31.8855766,ثقافي,"غرفه is a cultural institution in Egypt that preserves and presents aspects of Egyptian heritage, history, and artistic traditions for visitors and researchers alike.",1428,
غرفه,31.4068261,31.8856146,ثقافي,"غرفه is a cultural institution in Egypt that preserves and presents aspects of Egyptian heritage, history, and artistic traditions for visitors and researchers alike.",1429,
غرفه ٨ بجوار المساكن البيضاء,31.409435,31.8763881,ثقافي,"غرفه ٨ بجوار المساكن البيضاء is a cultural institution in Egypt that preserves and presents aspects of Egyptian heritage, history, and artistic traditions for visitors and researchers alike.",1430,
غرفه,31.4094641,31.87639,ثقافي,"غرفه is a cultural institution in Egypt that preserves and presents aspects of Egyptian heritage, history, and artistic traditions for visitors and researchers alike.",1431,
غرفه ١٠,31.4098019,31.87544,ثقافي,"غرفه ١٠ is a cultural institution in Egypt that preserves and presents aspects of Egyptian heritage, history, and artistic traditions for visitors and researchers alike.",1432,
غرفه ٩ امام المسجد,31.4098237,31.875431,ثقافي,"غرفه ٩ امام المسجد is a cultural institution in Egypt that preserves and presents aspects of Egyptian heritage, history, and artistic traditions for visitors and researchers alike.",1433,
غرفه,31.410953,31.8714472,ثقافي,"غرفه is a cultural institution in Egypt that preserves and presents aspects of Egyptian heritage, history, and artistic traditions for visitors and researchers alike.",1434,
غرفه أمام وحده طب الاسره,31.411173,31.8709037,ثقافي,"غرفه أمام وحده طب الاسره is a cultural institution in Egypt that preserves and presents aspects of Egyptian heritage, history, and artistic traditions for visitors and researchers alike.",1435,
غرفه ٢ اما وحدهطب الاسره,31.411176,31.8709343,ثقافي,"غرفه ٢ اما وحدهطب الاسره is a cultural institution in Egypt that preserves and presents aspects of Egyptian heritage, history, and artistic traditions for visitors and researchers alike.",1436,
غرفه امام مستشفي الطلبه,31.4112899,31.8705293,ثقافي,"غرفه امام مستشفي الطلبه is a cultural institution in Egypt that preserves and presents aspects of Egyptian heritage, history, and artistic traditions for visitors and researchers alike.",1437,
غرفه ٢ امام مستشفي الطلبه,31.4113267,31.8705747,ثقافي,"غرفه ٢ امام مستشفي الطلبه is a cultural institution in Egypt that preserves and presents aspects of Egyptian heritage, history, and artistic traditions for visitors and researchers alike.",1438,
غرفه امام مجلس المرأه,31.4097744,31.8753581,ثقافي,"غرفه امام مجلس المرأه is a cultural institution in Egypt that preserves and presents aspects of Egyptian heritage, history, and artistic traditions for visitors and researchers alike.",1439,
غرفه,31.4097435,31.8753971,ثقافي,"غرفه is a cultural institution in Egypt that preserves and presents aspects of Egyptian heritage, history, and artistic traditions for visitors and researchers alike.",1440,
غرفه بريمه بعدالتعديه,31.4083628,31.8802393,ثقافي,"غرفه بريمه بعدالتعديه is a cultural institution in Egypt that preserves and presents aspects of Egyptian heritage, history, and artistic traditions for visitors and researchers alike.",1441,
غرفه بريمه مدينه الاثاث,31.4081223,31.8811382,ثقافي,"غرفه بريمه مدينه الاثاث is a cultural institution in Egypt that preserves and presents aspects of Egyptian heritage, history, and artistic traditions for visitors and researchers alike.",1442,
غرفه,31.4072691,31.8814346,ثقافي,"غرفه is a cultural institution in Egypt that preserves and presents aspects of Egyptian heritage, history, and artistic traditions for visitors and researchers alike.",1443,
غرفه,31.4083608,31.8802631,ثقافي,"غرفه is a cultural institution in Egypt that preserves and presents aspects of Egyptian heritage, history, and artistic traditions for visitors and researchers alike.",1444,
غرفه محلي,31.4081471,31.8811971,ثقافي,"غرفه محلي is a cultural institution in Egypt that preserves and presents aspects of Egyptian heritage, history, and artistic traditions for visitors and researchers alike.",1445,
غرفه,31.4068001,31.8855541,ثقافي,"غرفه is a cultural institution in Egypt that preserves and presents aspects of Egyptian heritage, history, and artistic traditions for visitors and researchers alike.",1446,
alnasr hotel,31.5218836,31.841332,إقامة,"alnasr hotel is a hotel and accommodation facility in Egypt, offering lodging services to travelers and tourists visiting the area.",1447,
EL MOBASHER,31.5236464,31.8414903,إقامة,"EL MOBASHER is a hotel and accommodation facility in Egypt, offering lodging services to travelers and tourists visiting the area.",1448,
alnasr hotel,31.5218836,31.841332,إقامة,"alnasr hotel is a hotel and accommodation facility in Egypt, offering lodging services to travelers and tourists visiting the area.",1449,
EL MOBASHER,31.5236464,31.8414903,إقامة,"EL MOBASHER is a hotel and accommodation facility in Egypt, offering lodging services to travelers and tourists visiting the area.",1450,
بيتوم,30.55,32.066667,أخرى,"بيتوم is a point of interest in Egypt, contributing to the country's diverse cultural, historical, and natural landscape.",1451,
فندق توليب فايد الجيش,30.3980121,32.3088065,إقامة,"فندق توليب فايد الجيش is a hotel and accommodation facility in Egypt, offering lodging services to travelers and tourists visiting the area.",1452,
بيتى نفيشه,30.5698278,32.2372043,إقامة,"بيتى نفيشه is a hotel and accommodation facility in Egypt, offering lodging services to travelers and tourists visiting the area.",1453,
abo zekri,30.5896419,32.2699749,إقامة,"abo zekri is a hotel and accommodation facility in Egypt, offering lodging services to travelers and tourists visiting the area.",1454,
كومباوند تروبيكانا,30.2948744,32.3372453,أخرى,"كومباوند تروبيكانا is a point of interest in Egypt, contributing to the country's diverse cultural, historical, and natural landscape.",1455,
فندق المرجان,30.3043776,32.3316851,إقامة,"فندق المرجان is a hotel and accommodation facility in Egypt, offering lodging services to travelers and tourists visiting the area.",1456,
ك يم,30.4337845,32.1999283,إقامة,"ك يم is a hotel and accommodation facility in Egypt, offering lodging services to travelers and tourists visiting the area.",1457,
زواوية الاسماعلية,30.6095754,32.2649409,أخرى,"زواوية الاسماعلية is a point of interest in Egypt, contributing to the country's diverse cultural, historical, and natural landscape.",1458,
زاوية الاسماعلية,30.6095303,32.2649864,أخرى,"زاوية الاسماعلية is a point of interest in Egypt, contributing to the country's diverse cultural, historical, and natural landscape.",1459,
زاوية الاسماعلية,30.6095881,32.2649349,أخرى,"زاوية الاسماعلية is a point of interest in Egypt, contributing to the country's diverse cultural, historical, and natural landscape.",1460,
شقة ع نعيمة,30.6306404,31.9486842,أخرى,"شقة ع نعيمة is a point of interest in Egypt, contributing to the country's diverse cultural, historical, and natural landscape.",1461,
شركة الطوخي,30.6251379,31.9327918,أخرى,"شركة الطوخي is a point of interest in Egypt, contributing to the country's diverse cultural, historical, and natural landscape.",1462,
Welcome to Egypt,30.5904057,32.3115566,أخرى,"Welcome to Egypt is a point of interest in Egypt, contributing to the country's diverse cultural, historical, and natural landscape.",1463,
Youth hostel,30.575446,32.2754782,إقامة,"Youth hostel is a hotel and accommodation facility in Egypt, offering lodging services to travelers and tourists visiting the area.",1464,
انجيلية الإسماعيلية,30.5880221,32.2708804,أخرى,"انجيلية الإسماعيلية is a point of interest in Egypt, contributing to the country's diverse cultural, historical, and natural landscape.",1465,
Tell al-Rataba,30.5485661,31.9643933,تاريخي,Tell al-Rataba is an ancient Egyptian historical site that forms part of Egypt's extraordinary archaeological heritage. The site offers visitors a direct connection to the civilization that built one of the greatest empires of the ancient world.,1466,
موقع بداية عملية بدر,30.4221657,32.3532786,أخرى,"موقع بداية عملية بدر is a point of interest in Egypt, contributing to the country's diverse cultural, historical, and natural landscape.",1467,
فورت لاكان (خط بارليف),30.6216052,32.3401819,أخرى,"فورت لاكان (خط بارليف) is a point of interest in Egypt, contributing to the country's diverse cultural, historical, and natural landscape.",1468,
موقع بداية حرب أكتوبر,30.4217257,32.3533049,أخرى,"موقع بداية حرب أكتوبر is a point of interest in Egypt, contributing to the country's diverse cultural, historical, and natural landscape.",1469,
قصر الصاغة,29.595351,30.6777957,أخرى,"قصر الصاغة is a point of interest in Egypt, contributing to the country's diverse cultural, historical, and natural landscape.",1470,
سوبك,29.3960535,30.4957798,أخرى,"سوبك is a point of interest in Egypt, contributing to the country's diverse cultural, historical, and natural landscape.",1471,
ديمة السباع Dimeh el Sebaa (Soknopaiu Nesos),29.5324772,30.6695672,أخرى,"ديمة السباع Dimeh el Sebaa (Soknopaiu Nesos) is a point of interest in Egypt, contributing to the country's diverse cultural, historical, and natural landscape.",1472,
قطراني كامب,29.4706917,30.4935127,إقامة,"قطراني كامب is a hotel and accommodation facility in Egypt, offering lodging services to travelers and tourists visiting the area.",1473,
QQ Seif,29.4601113,30.4516348,أخرى,"QQ Seif is a point of interest in Egypt, contributing to the country's diverse cultural, historical, and natural landscape.",1474,
Soknopaïou Nesos,29.5358741,30.6685887,تاريخي,Soknopaïou Nesos is an ancient Egyptian historical site that forms part of Egypt's extraordinary archaeological heritage. The site offers visitors a direct connection to the civilization that built one of the greatest empires of the ancient world.,1475,
متحف كوم اوشيم,29.518671,30.8981092,ثقافي,"متحف كوم اوشيم is a cultural institution in Egypt that preserves and presents aspects of Egyptian heritage, history, and artistic traditions for visitors and researchers alike.",1476,40.0
Point of Attila Gulyas 230115-c,29.6849977,30.8233196,أخرى,"Point of Attila Gulyas 230115-c is a point of interest in Egypt, contributing to the country's diverse cultural, historical, and natural landscape.",1477,
Point of Attila Gulyas 230115-b,29.7583411,30.9012139,أخرى,"Point of Attila Gulyas 230115-b is a point of interest in Egypt, contributing to the country's diverse cultural, historical, and natural landscape.",1478,
Point of Attila Gulyas 230115-d,29.5391092,30.6682545,تاريخي,Point of Attila Gulyas 230115-d is an ancient Egyptian historical site that forms part of Egypt's extraordinary archaeological heritage. The site offers visitors a direct connection to the civilization that built one of the greatest empires of the ancient world.,1479,
Watermelon Valley,29.511316,30.6024706,أخرى,"Watermelon Valley is a point of interest in Egypt, contributing to the country's diverse cultural, historical, and natural landscape.",1480,
Tunis Village,29.3999654,30.4893831,أخرى,"Tunis Village is a point of interest in Egypt, contributing to the country's diverse cultural, historical, and natural landscape.",1481,
شفيع شلبي,29.3982729,30.4927693,أخرى,"شفيع شلبي is a point of interest in Egypt, contributing to the country's diverse cultural, historical, and natural landscape.",1482,
MalakTunis,29.3980523,30.4929282,إقامة,"MalakTunis is a hotel and accommodation facility in Egypt, offering lodging services to travelers and tourists visiting the area.",1483,
Bergouth Hotel,23.1104376,35.5602404,إقامة,"Bergouth Hotel is a hotel and accommodation facility in Egypt, offering lodging services to travelers and tourists visiting the area.",1484,
Dunes Viewpoint,25.3758644,30.3938686,أخرى,"Dunes Viewpoint is a point of interest in Egypt, contributing to the country's diverse cultural, historical, and natural landscape.",1485,
طابية التحتانية,31.151944,29.841111,أخرى,"طابية التحتانية is a point of interest in Egypt, contributing to the country's diverse cultural, historical, and natural landscape.",1486,
قلعة الصالح,31.183333,29.866667,أخرى,"قلعة الصالح is a point of interest in Egypt, contributing to the country's diverse cultural, historical, and natural landscape.",1487,
طابية باب العرب,31.1493641,29.8501705,أخرى,"طابية باب العرب is a point of interest in Egypt, contributing to the country's diverse cultural, historical, and natural landscape.",1488,
طابية العيانة,31.1464554,29.7849603,أخرى,"طابية العيانة is a point of interest in Egypt, contributing to the country's diverse cultural, historical, and natural landscape.",1489,
طابية العجمي القبلية,31.1457722,29.7838576,أخرى,"طابية العجمي القبلية is a point of interest in Egypt, contributing to the country's diverse cultural, historical, and natural landscape.",1490,
بيانكى البلتاجى,31.1245775,29.7756884,إقامة,"بيانكى البلتاجى is a hotel and accommodation facility in Egypt, offering lodging services to travelers and tourists visiting the area.",1491,
Beltagi,31.1248552,29.7757814,إقامة,"Beltagi is a hotel and accommodation facility in Egypt, offering lodging services to travelers and tourists visiting the area.",1492,
منزل المرحوم صابر عبده امام,31.1663396,29.8681005,إقامة,"منزل المرحوم صابر عبده امام is a hotel and accommodation facility in Egypt, offering lodging services to travelers and tourists visiting the area.",1493,
منزل احمد صابر عبده امام ليموزين توب كار,31.163459,29.870771,إقامة,"منزل احمد صابر عبده امام ليموزين توب كار is a hotel and accommodation facility in Egypt, offering lodging services to travelers and tourists visiting the area.",1494,
ميناء الدخيلة,31.1405959,29.786457,أخرى,"ميناء الدخيلة is a point of interest in Egypt, contributing to the country's diverse cultural, historical, and natural landscape.",1495,
كورنيش المكس,31.1520298,29.8424444,أخرى,"كورنيش المكس is a point of interest in Egypt, contributing to the country's diverse cultural, historical, and natural landscape.",1496,
نادى ضباط ق م البيطاش العجمى,31.1420189,29.7839908,إقامة,"نادى ضباط ق م البيطاش العجمى is a hotel and accommodation facility in Egypt, offering lodging services to travelers and tourists visiting the area.",1497,
مقابر الأنفوشي,31.202136,29.8740445,تاريخي,مقابر الأنفوشي is an ancient Egyptian historical site that forms part of Egypt's extraordinary archaeological heritage. The site offers visitors a direct connection to the civilization that built one of the greatest empires of the ancient world.,1498,
يميت,31.2740264,34.1679931,أخرى,"يميت is a point of interest in Egypt, contributing to the country's diverse cultural, historical, and natural landscape.",1499,
قيادة قطاع شمال سيناء,31.2581718,34.2340527,إقامة,"قيادة قطاع شمال سيناء is a hotel and accommodation facility in Egypt, offering lodging services to travelers and tourists visiting the area.",1500,
رفح,31.2877055,34.2363417,أخرى,"رفح is a point of interest in Egypt, contributing to the country's diverse cultural, historical, and natural landscape.",1501,
نقطة البداية حرب 1967,31.2390267,34.2423949,أخرى,"نقطة البداية حرب 1967 is a point of interest in Egypt, contributing to the country's diverse cultural, historical, and natural landscape.",1502,
سينا,31.1252403,33.8052553,إقامة,"سينا is a hotel and accommodation facility in Egypt, offering lodging services to travelers and tourists visiting the area.",1503,
الحجاوي,31.1299659,33.8284128,أخرى,"الحجاوي is a point of interest in Egypt, contributing to the country's diverse cultural, historical, and natural landscape.",1504,
شقة ابونادر,31.1357023,33.7783624,أخرى,"شقة ابونادر is a point of interest in Egypt, contributing to the country's diverse cultural, historical, and natural landscape.",1505,
مالك ٢,30.7379463,33.9095233,إقامة,"مالك ٢ is a hotel and accommodation facility in Egypt, offering lodging services to travelers and tourists visiting the area.",1506,
قاعده دوريات ١١٣,30.7314097,33.9065431,إقامة,"قاعده دوريات ١١٣ is a hotel and accommodation facility in Egypt, offering lodging services to travelers and tourists visiting the area.",1507,
السكن,31.0104713,33.0090631,أخرى,"السكن is a point of interest in Egypt, contributing to the country's diverse cultural, historical, and natural landscape.",1508,
معركة بئر العبد,31.0294911,33.0091431,أخرى,"معركة بئر العبد is a point of interest in Egypt, contributing to the country's diverse cultural, historical, and natural landscape.",1509,
فندق طيبة,30.8548875,32.3113155,إقامة,"فندق طيبة is a hotel and accommodation facility in Egypt, offering lodging services to travelers and tourists visiting the area.",1510,
منزل عائلة الحاج سيف النصر سعد نصر الطحاوي,30.8610514,31.9692446,أخرى,"منزل عائلة الحاج سيف النصر سعد نصر الطحاوي is a point of interest in Egypt, contributing to the country's diverse cultural, historical, and natural landscape.",1511,
Tell Abu-Seifa,30.8610087,32.3522515,تاريخي,Tell Abu-Seifa is an ancient Egyptian historical site that forms part of Egypt's extraordinary archaeological heritage. The site offers visitors a direct connection to the civilization that built one of the greatest empires of the ancient world.,1512,
Minshat Abu Omar,30.9129617,32.0251797,تاريخي,Minshat Abu Omar is an ancient Egyptian historical site that forms part of Egypt's extraordinary archaeological heritage. The site offers visitors a direct connection to the civilization that built one of the greatest empires of the ancient world.,1513,
تجارو,30.8616747,32.3483649,أخرى,"تجارو is a point of interest in Egypt, contributing to the country's diverse cultural, historical, and natural landscape.",1514,
موقع بداية حرب الاستنزاف,31.1141174,32.3097139,أخرى,"موقع بداية حرب الاستنزاف is a point of interest in Egypt, contributing to the country's diverse cultural, historical, and natural landscape.",1515,
منقار الوحش,30.4504983,29.22125,إقامة,"منقار الوحش is a hotel and accommodation facility in Egypt, offering lodging services to travelers and tourists visiting the area.",1516,
الكوم الأحمر,25.116667,32.7,أخرى,"الكوم الأحمر is a point of interest in Egypt, contributing to the country's diverse cultural, historical, and natural landscape.",1517,
معبد أمنوفيس الثالث,25.1375,32.827778,أخرى,"معبد أمنوفيس الثالث is an ancient Egyptian temple site representing the country's rich religious and architectural heritage. These sacred spaces served as centers of worship, ritual, and economic activity in the ancient world.",1518,
El Kab,25.1202789,32.7982639,أخرى,"El Kab is a point of interest in Egypt, contributing to the country's diverse cultural, historical, and natural landscape.",1519,
مفارق إسنا,25.299176,32.4651081,أخرى,"مفارق إسنا is a point of interest in Egypt, contributing to the country's diverse cultural, historical, and natural landscape.",1520,
محطة التجميع لمياه الصرف,25.2446774,32.4807608,أخرى,"محطة التجميع لمياه الصرف is a point of interest in Egypt, contributing to the country's diverse cultural, historical, and natural landscape.",1521,
فرن عطية اندراوس وشركاه-ش جسر السيالة,25.297495,32.5504472,أخرى,"فرن عطية اندراوس وشركاه-ش جسر السيالة is a point of interest in Egypt, contributing to the country's diverse cultural, historical, and natural landscape.",1522,
قاعة أفراح,25.3080536,32.5526284,أخرى,"قاعة أفراح is a point of interest in Egypt, contributing to the country's diverse cultural, historical, and natural landscape.",1523,
الفوال,25.3284312,32.5749712,أخرى,"الفوال is a point of interest in Egypt, contributing to the country's diverse cultural, historical, and natural landscape.",1524,
موردة سطيح,25.4651782,32.4908586,أخرى,"موردة سطيح is a point of interest in Egypt, contributing to the country's diverse cultural, historical, and natural landscape.",1525,
الشادر,25.280327,32.5186905,أخرى,"الشادر is a point of interest in Egypt, contributing to the country's diverse cultural, historical, and natural landscape.",1526,
الحملة,25.2815296,32.5148504,أخرى,"الحملة is a point of interest in Egypt, contributing to the country's diverse cultural, historical, and natural landscape.",1527,
بداية أحمد عرابي,25.2944961,32.5542689,أخرى,"بداية أحمد عرابي is a point of interest in Egypt, contributing to the country's diverse cultural, historical, and natural landscape.",1528,
السوق الحضري,25.2990378,32.5540907,أخرى,"السوق الحضري is a point of interest in Egypt, contributing to the country's diverse cultural, historical, and natural landscape.",1529,
كلية التربية,25.2668149,32.5901322,أخرى,"كلية التربية is a point of interest in Egypt, contributing to the country's diverse cultural, historical, and natural landscape.",1530,
المعلة,25.4772483,32.5235538,أخرى,"المعلة is a point of interest in Egypt, contributing to the country's diverse cultural, historical, and natural landscape.",1531,
نجع أبو سعيد,25.4472111,32.544657,أخرى,"نجع أبو سعيد is a point of interest in Egypt, contributing to the country's diverse cultural, historical, and natural landscape.",1532,
محطة صرف 5,25.2852975,32.5580677,أخرى,"محطة صرف 5 is a point of interest in Egypt, contributing to the country's diverse cultural, historical, and natural landscape.",1533,
منطقة الهبوط,25.2850908,32.5508601,أخرى,"منطقة الهبوط is a point of interest in Egypt, contributing to the country's diverse cultural, historical, and natural landscape.",1534,
قرية الحليلة,25.2954829,32.5721386,أخرى,"قرية الحليلة is a point of interest in Egypt, contributing to the country's diverse cultural, historical, and natural landscape.",1535,
مجلس المدينة,25.2976287,32.5560242,أخرى,"مجلس المدينة is a point of interest in Egypt, contributing to the country's diverse cultural, historical, and natural landscape.",1536,
كارثة بيئية,25.2813811,32.5197587,أخرى,"كارثة بيئية is a point of interest in Egypt, contributing to the country's diverse cultural, historical, and natural landscape.",1537,
محطة 4,25.2970424,32.5504268,أخرى,"محطة 4 is a point of interest in Egypt, contributing to the country's diverse cultural, historical, and natural landscape.",1538,
استراحة م المدينة,25.2914453,32.5585078,أخرى,"استراحة م المدينة is a point of interest in Egypt, contributing to the country's diverse cultural, historical, and natural landscape.",1539,
عملية المياه,25.2834596,32.5600172,أخرى,"عملية المياه is a point of interest in Egypt, contributing to the country's diverse cultural, historical, and natural landscape.",1540,
حاجر المساوية,25.2299339,32.5764728,أخرى,"حاجر المساوية is a point of interest in Egypt, contributing to the country's diverse cultural, historical, and natural landscape.",1541,
آثار الجبلين,25.4860283,32.4938552,أخرى,"آثار الجبلين is a point of interest in Egypt, contributing to the country's diverse cultural, historical, and natural landscape.",1542,
الحدود الجنوبية,25.201655,32.6642582,أخرى,"الحدود الجنوبية is a point of interest in Egypt, contributing to the country's diverse cultural, historical, and natural landscape.",1543,
مسجد عبد الرحيم الطيب بالدير,25.3316861,32.5795793,أخرى,مسجد عبد الرحيم الطيب بالدير is a mosque serving the local Muslim community and representing Egypt's Islamic architectural heritage. Egypt's mosques range from medieval masterpieces to modern places of worship.,1544,
جمعية نساء الجنوب,25.4307962,32.5262344,أخرى,"جمعية نساء الجنوب is a point of interest in Egypt, contributing to the country's diverse cultural, historical, and natural landscape.",1545,
مزلقان نجع أبو سعيد,25.4455614,32.5435635,أخرى,"مزلقان نجع أبو سعيد is a point of interest in Egypt, contributing to the country's diverse cultural, historical, and natural landscape.",1546,
حالة1,25.299903,32.5495251,أخرى,"حالة1 is a point of interest in Egypt, contributing to the country's diverse cultural, historical, and natural landscape.",1547,
حالة2,25.300172,32.5493453,أخرى,"حالة2 is a point of interest in Egypt, contributing to the country's diverse cultural, historical, and natural landscape.",1548,
حالة 4,25.2995308,32.5476332,أخرى,"حالة 4 is a point of interest in Egypt, contributing to the country's diverse cultural, historical, and natural landscape.",1549,
المدفن الصحي,25.2827025,32.4616668,أخرى,"المدفن الصحي is a point of interest in Egypt, contributing to the country's diverse cultural, historical, and natural landscape.",1550,
بداية مخر ابو سعيد,25.447994,32.5452357,أخرى,"بداية مخر ابو سعيد is a point of interest in Egypt, contributing to the country's diverse cultural, historical, and natural landscape.",1551,
ماسورة نجع ابو سعيد,25.4457325,32.5435566,أخرى,"ماسورة نجع ابو سعيد is a point of interest in Egypt, contributing to the country's diverse cultural, historical, and natural landscape.",1552,
سحارة مخر الحميدات,25.4069624,32.5659437,أخرى,"سحارة مخر الحميدات is a point of interest in Egypt, contributing to the country's diverse cultural, historical, and natural landscape.",1553,
فتحة 1 زرنيخ,25.2716989,32.6007503,أخرى,"فتحة 1 زرنيخ is a point of interest in Egypt, contributing to the country's diverse cultural, historical, and natural landscape.",1554,
سد للمسار,25.2700516,32.6014574,أخرى,"سد للمسار is a point of interest in Egypt, contributing to the country's diverse cultural, historical, and natural landscape.",1555,
فتحة 2 عين,25.2701305,32.6015263,أخرى,"فتحة 2 عين is a point of interest in Egypt, contributing to the country's diverse cultural, historical, and natural landscape.",1556,
مخرج زرنيخ,25.2638479,32.5938369,أخرى,"مخرج زرنيخ is a point of interest in Egypt, contributing to the country's diverse cultural, historical, and natural landscape.",1557,
سد للمخر,25.2688167,32.6030031,أخرى,"سد للمخر is a point of interest in Egypt, contributing to the country's diverse cultural, historical, and natural landscape.",1558,
فتحة الكلابية,25.2479533,32.6196622,أخرى,"فتحة الكلابية is a point of interest in Egypt, contributing to the country's diverse cultural, historical, and natural landscape.",1559,
فاحة,25.2316363,32.6350827,أخرى,"فاحة is a point of interest in Egypt, contributing to the country's diverse cultural, historical, and natural landscape.",1560,
مخر جزيرة راجح,25.2314141,32.6355225,أخرى,"مخر جزيرة راجح is a point of interest in Egypt, contributing to the country's diverse cultural, historical, and natural landscape.",1561,
مدخل زرنيخ,25.2716591,32.5849339,أخرى,"مدخل زرنيخ is a point of interest in Egypt, contributing to the country's diverse cultural, historical, and natural landscape.",1562,
نهاية المساكن,25.2841465,32.5169929,أخرى,"نهاية المساكن is a point of interest in Egypt, contributing to the country's diverse cultural, historical, and natural landscape.",1563,
نهاية المصرف,25.3650862,32.5018167,أخرى,"نهاية المصرف is a point of interest in Egypt, contributing to the country's diverse cultural, historical, and natural landscape.",1564,
مكان السيارة,25.3834331,32.4972126,أخرى,"مكان السيارة is a point of interest in Egypt, contributing to the country's diverse cultural, historical, and natural landscape.",1565,
المعدية المطلوبة,25.3190214,32.5037871,أخرى,"المعدية المطلوبة is a point of interest in Egypt, contributing to the country's diverse cultural, historical, and natural landscape.",1566,
انهيا ر عقار,25.2607186,32.5648155,أخرى,"انهيا ر عقار is a point of interest in Egypt, contributing to the country's diverse cultural, historical, and natural landscape.",1567,
الشريف محمود أحمد,25.3089083,32.5647027,أخرى,"الشريف محمود أحمد is a point of interest in Egypt, contributing to the country's diverse cultural, historical, and natural landscape.",1568,
Caravanserai,25.2940242,32.5560973,أخرى,"Caravanserai is a point of interest in Egypt, contributing to the country's diverse cultural, historical, and natural landscape.",1569,
19th century houses,25.2960246,32.5565128,أخرى,"19th century houses is a point of interest in Egypt, contributing to the country's diverse cultural, historical, and natural landscape.",1570,
Qasr Dusch,24.5799485,30.716262,تاريخي,Qasr Dusch is an ancient Egyptian historical site that forms part of Egypt's extraordinary archaeological heritage. The site offers visitors a direct connection to the civilization that built one of the greatest empires of the ancient world.,1571,
Bush camp Temple Dush,24.5821352,30.7137915,إقامة,"Bush camp Temple Dush is a hotel and accommodation facility in Egypt, offering lodging services to travelers and tourists visiting the area.",1572,
آل عبده صالح حسب الله آل رزيق,24.456637,32.8937106,أخرى,"آل عبده صالح حسب الله آل رزيق is a point of interest in Egypt, contributing to the country's diverse cultural, historical, and natural landscape.",1573,
الجزيرة البيضاء,30.2780695,32.402328,أخرى,"الجزيرة البيضاء is a point of interest in Egypt, contributing to the country's diverse cultural, historical, and natural landscape.",1574,
طريق مكسر,30.0858133,32.3401226,إقامة,"طريق مكسر is a hotel and accommodation facility in Egypt, offering lodging services to travelers and tourists visiting the area.",1575,
مطلع الكوبرى,30.0857062,32.3302776,إقامة,"مطلع الكوبرى is a hotel and accommodation facility in Egypt, offering lodging services to travelers and tourists visiting the area.",1576,
قيا جً٣,30.1054248,32.3909925,إقامة,"قيا جً٣ is a hotel and accommodation facility in Egypt, offering lodging services to travelers and tourists visiting the area.",1577,
طريق جنيفه,30.1660555,32.2555073,إقامة,"طريق جنيفه is a hotel and accommodation facility in Egypt, offering lodging services to travelers and tourists visiting the area.",1578,
TT69 (Menna),25.7321656,32.6089693,أخرى,"TT69 (Menna) is a point of interest in Egypt, contributing to the country's diverse cultural, historical, and natural landscape.",1579,
النخيل,25.7048919,32.6315569,إقامة,"النخيل is a hotel and accommodation facility in Egypt, offering lodging services to travelers and tourists visiting the area.",1580,
رمسيس الثالث,25.7390669,32.6010879,تاريخي,رمسيس الثالث is an ancient Egyptian historical site that forms part of Egypt's extraordinary archaeological heritage. The site offers visitors a direct connection to the civilization that built one of the greatest empires of the ancient world.,1581,
تحوتموزس الثالث,25.7378879,32.6010177,تاريخي,تحوتموزس الثالث is an ancient Egyptian historical site that forms part of Egypt's extraordinary archaeological heritage. The site offers visitors a direct connection to the civilization that built one of the greatest empires of the ancient world.,1582,
Winter's Palace,25.6967999,32.6369542,إقامة,"Winter's Palace is a hotel and accommodation facility in Egypt, offering lodging services to travelers and tourists visiting the area.",1583,
سوفيتيل - الكرنك,25.7401425,32.6637268,إقامة,"سوفيتيل - الكرنك is a hotel and accommodation facility in Egypt, offering lodging services to travelers and tourists visiting the area.",1584,
إيبرأوتيل,25.6951358,32.6351118,إقامة,"إيبرأوتيل is a hotel and accommodation facility in Egypt, offering lodging services to travelers and tourists visiting the area.",1585,
دير الملك,25.8015578,32.6979745,أخرى,"دير الملك is a point of interest in Egypt, contributing to the country's diverse cultural, historical, and natural landscape.",1586,
رمسيس الأول,25.739829,32.6015478,تاريخي,رمسيس الأول is an ancient Egyptian historical site that forms part of Egypt's extraordinary archaeological heritage. The site offers visitors a direct connection to the civilization that built one of the greatest empires of the ancient world.,1587,
سبته,25.7382878,32.6001626,تاريخي,سبته is an ancient Egyptian historical site that forms part of Egypt's extraordinary archaeological heritage. The site offers visitors a direct connection to the civilization that built one of the greatest empires of the ancient world.,1588,
توت أنغ أمون,25.7402889,32.6012989,تاريخي,توت أنغ أمون is an ancient Egyptian historical site that forms part of Egypt's extraordinary archaeological heritage. The site offers visitors a direct connection to the civilization that built one of the greatest empires of the ancient world.,1589,
حرمهب,25.7407544,32.6007525,تاريخي,حرمهب is an ancient Egyptian historical site that forms part of Egypt's extraordinary archaeological heritage. The site offers visitors a direct connection to the civilization that built one of the greatest empires of the ancient world.,1590,
تحوتموس الأول,25.7389897,32.5995842,تاريخي,تحوتموس الأول is an ancient Egyptian historical site that forms part of Egypt's extraordinary archaeological heritage. The site offers visitors a direct connection to the civilization that built one of the greatest empires of the ancient world.,1591,
أمين هوتيب,25.7400385,32.5998227,تاريخي,أمين هوتيب is an ancient Egyptian historical site that forms part of Egypt's extraordinary archaeological heritage. The site offers visitors a direct connection to the civilization that built one of the greatest empires of the ancient world.,1592,
رمسيس الخامس و السادس,25.7406493,32.600399,تاريخي,رمسيس الخامس و السادس is an ancient Egyptian historical site that forms part of Egypt's extraordinary archaeological heritage. The site offers visitors a direct connection to the civilization that built one of the greatest empires of the ancient world.,1593,
رمسيس الرابع,25.7417202,32.6016924,تاريخي,رمسيس الرابع is an ancient Egyptian historical site that forms part of Egypt's extraordinary archaeological heritage. The site offers visitors a direct connection to the civilization that built one of the greatest empires of the ancient world.,1594,
رمسيس العاشر,25.7395484,32.6022109,تاريخي,رمسيس العاشر is an ancient Egyptian historical site that forms part of Egypt's extraordinary archaeological heritage. The site offers visitors a direct connection to the civilization that built one of the greatest empires of the ancient world.,1595,
ميرينبتاه,25.7409834,32.6000718,تاريخي,ميرينبتاه is an ancient Egyptian historical site that forms part of Egypt's extraordinary archaeological heritage. The site offers visitors a direct connection to the civilization that built one of the greatest empires of the ancient world.,1596,
أمنميزيس,25.7395572,32.6012341,تاريخي,أمنميزيس is an ancient Egyptian historical site that forms part of Egypt's extraordinary archaeological heritage. The site offers visitors a direct connection to the civilization that built one of the greatest empires of the ancient world.,1597,
ستي الأول,25.73937,32.6015191,تاريخي,ستي الأول is an ancient Egyptian historical site that forms part of Egypt's extraordinary archaeological heritage. The site offers visitors a direct connection to the civilization that built one of the greatest empires of the ancient world.,1598,
رمسيس التاسع,25.7402643,32.6022832,تاريخي,رمسيس التاسع is an ancient Egyptian historical site that forms part of Egypt's extraordinary archaeological heritage. The site offers visitors a direct connection to the civilization that built one of the greatest empires of the ancient world.,1599,
KV21,25.739645,32.602774,تاريخي,KV21 is an ancient Egyptian historical site that forms part of Egypt's extraordinary archaeological heritage. The site offers visitors a direct connection to the civilization that built one of the greatest empires of the ancient world.,1600,
يويا و ثيو,25.7409568,32.6029317,تاريخي,يويا و ثيو is an ancient Egyptian historical site that forms part of Egypt's extraordinary archaeological heritage. The site offers visitors a direct connection to the civilization that built one of the greatest empires of the ancient world.,1601,
أبناء رمسيس الثاني,25.7405781,32.6022151,تاريخي,أبناء رمسيس الثاني is an ancient Egyptian historical site that forms part of Egypt's extraordinary archaeological heritage. The site offers visitors a direct connection to the civilization that built one of the greatest empires of the ancient world.,1602,
Thutmes IV,25.7384508,32.6034052,تاريخي,Thutmes IV is an ancient Egyptian historical site that forms part of Egypt's extraordinary archaeological heritage. The site offers visitors a direct connection to the civilization that built one of the greatest empires of the ancient world.,1603,
ستي الثاني,25.7383764,32.5993746,تاريخي,ستي الثاني is an ancient Egyptian historical site that forms part of Egypt's extraordinary archaeological heritage. The site offers visitors a direct connection to the civilization that built one of the greatest empires of the ancient world.,1604,
رمسيس الحادي عشر,25.7410101,32.6036751,تاريخي,رمسيس الحادي عشر is an ancient Egyptian historical site that forms part of Egypt's extraordinary archaeological heritage. The site offers visitors a direct connection to the civilization that built one of the greatest empires of the ancient world.,1605,
إبن رمسيس الثالث,25.7410935,32.6028632,تاريخي,إبن رمسيس الثالث is an ancient Egyptian historical site that forms part of Egypt's extraordinary archaeological heritage. The site offers visitors a direct connection to the civilization that built one of the greatest empires of the ancient world.,1606,
رمسيس السابع,25.7426656,32.6018154,تاريخي,رمسيس السابع is an ancient Egyptian historical site that forms part of Egypt's extraordinary archaeological heritage. The site offers visitors a direct connection to the civilization that built one of the greatest empires of the ancient world.,1607,
Mentuherkhepeshef,25.7389319,32.6034665,تاريخي,Mentuherkhepeshef is an ancient Egyptian historical site that forms part of Egypt's extraordinary archaeological heritage. The site offers visitors a direct connection to the civilization that built one of the greatest empires of the ancient world.,1608,
توسرت و ستنخت,25.7390741,32.5988042,تاريخي,توسرت و ستنخت is an ancient Egyptian historical site that forms part of Egypt's extraordinary archaeological heritage. The site offers visitors a direct connection to the civilization that built one of the greatest empires of the ancient world.,1609,
ميهربري,25.7396767,32.6001701,تاريخي,ميهربري is an ancient Egyptian historical site that forms part of Egypt's extraordinary archaeological heritage. The site offers visitors a direct connection to the civilization that built one of the greatest empires of the ancient world.,1610,
Unknown tomb,25.7405023,32.6004726,تاريخي,Unknown tomb is an ancient Egyptian historical site that forms part of Egypt's extraordinary archaeological heritage. The site offers visitors a direct connection to the civilization that built one of the greatest empires of the ancient world.,1611,
KV13 Bay,25.7395033,32.5994326,تاريخي,KV13 Bay is an ancient Egyptian historical site that forms part of Egypt's extraordinary archaeological heritage. The site offers visitors a direct connection to the civilization that built one of the greatest empires of the ancient world.,1612,
Sit-Ra,25.7392788,32.6033143,تاريخي,Sit-Ra is an ancient Egyptian historical site that forms part of Egypt's extraordinary archaeological heritage. The site offers visitors a direct connection to the civilization that built one of the greatest empires of the ancient world.,1613,
KV56 Gold Tomb,25.7401953,32.6010659,تاريخي,KV56 Gold Tomb is an ancient Egyptian historical site that forms part of Egypt's extraordinary archaeological heritage. The site offers visitors a direct connection to the civilization that built one of the greatest empires of the ancient world.,1614,
Thutmes I and Hatshepsut,25.7381653,32.6035511,تاريخي,Thutmes I and Hatshepsut is an ancient Egyptian historical site that forms part of Egypt's extraordinary archaeological heritage. The site offers visitors a direct connection to the civilization that built one of the greatest empires of the ancient world.,1615,
Lord Belmore's tomb,25.7388484,32.6003276,تاريخي,Lord Belmore's tomb is an ancient Egyptian historical site that forms part of Egypt's extraordinary archaeological heritage. The site offers visitors a direct connection to the civilization that built one of the greatest empires of the ancient world.,1616,
حتشبسوت,25.7380644,32.6007485,تاريخي,حتشبسوت is an ancient Egyptian historical site that forms part of Egypt's extraordinary archaeological heritage. The site offers visitors a direct connection to the civilization that built one of the greatest empires of the ancient world.,1617,
Tia'a,25.7384305,32.600255,تاريخي,Tia'a is an ancient Egyptian historical site that forms part of Egypt's extraordinary archaeological heritage. The site offers visitors a direct connection to the civilization that built one of the greatest empires of the ancient world.,1618,
تاي أو أخناطون,25.7404522,32.6019363,تاريخي,تاي أو أخناطون is an ancient Egyptian historical site that forms part of Egypt's extraordinary archaeological heritage. The site offers visitors a direct connection to the civilization that built one of the greatest empires of the ancient world.,1619,
أمنحوتيب الثالث,25.7433103,32.5975883,تاريخي,أمنحوتيب الثالث is an ancient Egyptian historical site that forms part of Egypt's extraordinary archaeological heritage. The site offers visitors a direct connection to the civilization that built one of the greatest empires of the ancient world.,1620,
Tomb of Amunherkhepshef,25.7275719,32.5917486,تاريخي,Tomb of Amunherkhepshef is an ancient Egyptian historical site that forms part of Egypt's extraordinary archaeological heritage. The site offers visitors a direct connection to the civilization that built one of the greatest empires of the ancient world.,1621,
Ay,25.7416003,32.591876,تاريخي,Ay is an ancient Egyptian historical site that forms part of Egypt's extraordinary archaeological heritage. The site offers visitors a direct connection to the civilization that built one of the greatest empires of the ancient world.,1622,
فندق الأقصر,25.7051781,32.6428495,إقامة,"فندق الأقصر is a hotel and accommodation facility in Egypt, offering lodging services to travelers and tourists visiting the area.",1623,
KV44,25.7400945,32.6031301,تاريخي,KV44 is an ancient Egyptian historical site that forms part of Egypt's extraordinary archaeological heritage. The site offers visitors a direct connection to the civilization that built one of the greatest empires of the ancient world.,1624,
Tia'a,25.7383424,32.6007193,تاريخي,Tia'a is an ancient Egyptian historical site that forms part of Egypt's extraordinary archaeological heritage. The site offers visitors a direct connection to the civilization that built one of the greatest empires of the ancient world.,1625,
KV33,25.7381325,32.6008481,تاريخي,KV33 is an ancient Egyptian historical site that forms part of Egypt's extraordinary archaeological heritage. The site offers visitors a direct connection to the civilization that built one of the greatest empires of the ancient world.,1626,
KV45 Userhet,25.7401226,32.6030566,تاريخي,KV45 Userhet is an ancient Egyptian historical site that forms part of Egypt's extraordinary archaeological heritage. The site offers visitors a direct connection to the civilization that built one of the greatest empires of the ancient world.,1627,
Karnak Visitor Center,25.7198193,32.6529836,خدمات,Karnak Visitor Center is a service facility in Egypt that supports visitors and residents in the area.,1628,
Chapel of Osiris Ptah,25.7145152,32.657205,أخرى,"Chapel of Osiris Ptah is a point of interest in Egypt, contributing to the country's diverse cultural, historical, and natural landscape.",1629,
Al-Qady House,25.9128561,32.7647584,إقامة,"Al-Qady House is a hotel and accommodation facility in Egypt, offering lodging services to travelers and tourists visiting the area.",1630,
El Fayrouz,25.7054163,32.6318026,إقامة,"El Fayrouz is a hotel and accommodation facility in Egypt, offering lodging services to travelers and tourists visiting the area.",1631,
Amon Hotel,25.706325,32.631256,إقامة,"Amon Hotel is a hotel and accommodation facility in Egypt, offering lodging services to travelers and tourists visiting the area.",1632,
Luxor,25.711342,32.6486585,إقامة,"Luxor is a hotel and accommodation facility in Egypt, offering lodging services to travelers and tourists visiting the area.",1633,
معبد تحتمس الثالث,25.7379286,32.6059799,أخرى,"معبد تحتمس الثالث is an ancient Egyptian temple site representing the country's rich religious and architectural heritage. These sacred spaces served as centers of worship, ritual, and economic activity in the ancient world.",1634,
معبد حتشبسوت,25.7383391,32.6064411,أخرى,معبد حتشبسوت في الدير البحري أحد أجمل المعابد في مصر، صُمّم حوالي 1479 قبل الميلاد. المعبد ذو الثلاثة مصطبات المنحوت في الصخر يضم نقوشاً ملونة رائعة تصوّر القصة الإلهية لميلاد حتشبسوت ورحلتها التجارية إلى بلاد بونت.,1635,140.0
حرم حتشبسوت وتحتمس الأول,25.7381461,32.606255,تاريخي,حرم حتشبسوت وتحتمس الأول is an ancient Egyptian historical site that forms part of Egypt's extraordinary archaeological heritage. The site offers visitors a direct connection to the civilization that built one of the greatest empires of the ancient world.,1636,
حرم آمون,25.7384314,32.6062236,تاريخي,حرم آمون is an ancient Egyptian historical site that forms part of Egypt's extraordinary archaeological heritage. The site offers visitors a direct connection to the civilization that built one of the greatest empires of the ancient world.,1637,
معبد منتوحتب الثاني,25.7373907,32.6062233,أخرى,"معبد منتوحتب الثاني is an ancient Egyptian temple site representing the country's rich religious and architectural heritage. These sacred spaces served as centers of worship, ritual, and economic activity in the ancient world.",1638,
The Bob Marley House - Sherief Hotel,25.6941484,32.6385279,إقامة,"The Bob Marley House - Sherief Hotel is a hotel and accommodation facility in Egypt, offering lodging services to travelers and tourists visiting the area.",1639,
Rezeiky Camp,25.711064,32.6487009,إقامة,"Rezeiky Camp is a hotel and accommodation facility in Egypt, offering lodging services to travelers and tourists visiting the area.",1640,
Scarab of Amenhotep III,25.7174645,32.6584878,ثقافي,"Scarab of Amenhotep III is a cultural institution in Egypt that preserves and presents aspects of Egyptian heritage, history, and artistic traditions for visitors and researchers alike.",1641,
Bob Marley & Boomerang Hotel,25.6940787,32.6428519,إقامة,"Bob Marley & Boomerang Hotel is a hotel and accommodation facility in Egypt, offering lodging services to travelers and tourists visiting the area.",1642,
Obelisk,25.7003041,32.6398186,أخرى,"Obelisk is a point of interest in Egypt, contributing to the country's diverse cultural, historical, and natural landscape.",1643,
Venus Hotel,25.7018448,32.6434795,إقامة,"Venus Hotel is a hotel and accommodation facility in Egypt, offering lodging services to travelers and tourists visiting the area.",1644,
Sonesta St George,25.6883414,32.6315307,إقامة,"Sonesta St George is a hotel and accommodation facility in Egypt, offering lodging services to travelers and tourists visiting the area.",1645,
Pyrimisa Isis Hotel,25.6869225,32.6308444,إقامة,"Pyrimisa Isis Hotel is a hotel and accommodation facility in Egypt, offering lodging services to travelers and tourists visiting the area.",1646,
Temple of Shanhūr,25.8611143,32.7767783,أخرى,"Temple of Shanhūr is an ancient Egyptian temple site representing the country's rich religious and architectural heritage. These sacred spaces served as centers of worship, ritual, and economic activity in the ancient world.",1647,
ا ميلاد الأقصر,25.6957109,32.6464831,ثقافي,"ا ميلاد الأقصر is a cultural institution in Egypt that preserves and presents aspects of Egyptian heritage, history, and artistic traditions for visitors and researchers alike.",1648,
Abu Simbel Hotel,25.6959073,32.6415974,إقامة,"Abu Simbel Hotel is a hotel and accommodation facility in Egypt, offering lodging services to travelers and tourists visiting the area.",1649,
TT52 (Nakht),25.7326738,32.6107375,أخرى,"TT52 (Nakht) is a point of interest in Egypt, contributing to the country's diverse cultural, historical, and natural landscape.",1650,
Nile Compound Hotel,25.6918718,32.6219518,إقامة,"Nile Compound Hotel is a hotel and accommodation facility in Egypt, offering lodging services to travelers and tourists visiting the area.",1651,
مجلس الصلح,25.4978262,32.4786273,أخرى,"مجلس الصلح is a point of interest in Egypt, contributing to the country's diverse cultural, historical, and natural landscape.",1652,
ديوان محافظة الأقصر,25.704346,32.6417174,أخرى,"ديوان محافظة الأقصر is a point of interest in Egypt, contributing to the country's diverse cultural, historical, and natural landscape.",1653,
الإزالة التي لم تتم,25.5130878,32.497877,أخرى,"الإزالة التي لم تتم is a point of interest in Egypt, contributing to the country's diverse cultural, historical, and natural landscape.",1654,
مدرسة الغريرة الابتدائية,25.5031368,32.4697669,أخرى,"مدرسة الغريرة الابتدائية is a point of interest in Egypt, contributing to the country's diverse cultural, historical, and natural landscape.",1655,
محطة المحولات الجديدة,25.5022874,32.4607878,أخرى,"محطة المحولات الجديدة is a point of interest in Egypt, contributing to the country's diverse cultural, historical, and natural landscape.",1656,
مدخل الغريرة,25.5026295,32.4806887,أخرى,"مدخل الغريرة is a point of interest in Egypt, contributing to the country's diverse cultural, historical, and natural landscape.",1657,
قاعة المؤتمرات,25.7130179,32.6475502,أخرى,"قاعة المؤتمرات is a point of interest in Egypt, contributing to the country's diverse cultural, historical, and natural landscape.",1658,
مدخل المحاميد,25.5339168,32.4664437,أخرى,"مدخل المحاميد is a point of interest in Egypt, contributing to the country's diverse cultural, historical, and natural landscape.",1659,
Temple of Montu (Medamud),25.7342389,32.7101722,أخرى,"Temple of Montu (Medamud) is an ancient Egyptian temple site representing the country's rich religious and architectural heritage. These sacred spaces served as centers of worship, ritual, and economic activity in the ancient world.",1660,
WV24,25.7412769,32.5926485,تاريخي,WV24 is an ancient Egyptian historical site that forms part of Egypt's extraordinary archaeological heritage. The site offers visitors a direct connection to the civilization that built one of the greatest empires of the ancient world.,1661,
WV25,25.7412351,32.5928011,تاريخي,WV25 is an ancient Egyptian historical site that forms part of Egypt's extraordinary archaeological heritage. The site offers visitors a direct connection to the civilization that built one of the greatest empires of the ancient world.,1662,
KV27,25.7398279,32.6030956,تاريخي,KV27 is an ancient Egyptian historical site that forms part of Egypt's extraordinary archaeological heritage. The site offers visitors a direct connection to the civilization that built one of the greatest empires of the ancient world.,1663,
KV39,25.7364111,32.5998351,تاريخي,KV39 is an ancient Egyptian historical site that forms part of Egypt's extraordinary archaeological heritage. The site offers visitors a direct connection to the civilization that built one of the greatest empires of the ancient world.,1664,
KV49,25.7399055,32.6005331,تاريخي,KV49 is an ancient Egyptian historical site that forms part of Egypt's extraordinary archaeological heritage. The site offers visitors a direct connection to the civilization that built one of the greatest empires of the ancient world.,1665,
KV52,25.7399713,32.6004529,تاريخي,KV52 is an ancient Egyptian historical site that forms part of Egypt's extraordinary archaeological heritage. The site offers visitors a direct connection to the civilization that built one of the greatest empires of the ancient world.,1666,
KV63,25.7400839,32.6015094,تاريخي,KV63 is an ancient Egyptian historical site that forms part of Egypt's extraordinary archaeological heritage. The site offers visitors a direct connection to the civilization that built one of the greatest empires of the ancient world.,1667,
KV53,25.7398086,32.6007716,تاريخي,KV53 is an ancient Egyptian historical site that forms part of Egypt's extraordinary archaeological heritage. The site offers visitors a direct connection to the civilization that built one of the greatest empires of the ancient world.,1668,
KV59,25.7387243,32.6007094,تاريخي,KV59 is an ancient Egyptian historical site that forms part of Egypt's extraordinary archaeological heritage. The site offers visitors a direct connection to the civilization that built one of the greatest empires of the ancient world.,1669,
KV64,25.740167,32.601306,تاريخي,KV64 is an ancient Egyptian historical site that forms part of Egypt's extraordinary archaeological heritage. The site offers visitors a direct connection to the civilization that built one of the greatest empires of the ancient world.,1670,
KV65,25.7421008,32.5940929,تاريخي,KV65 is an ancient Egyptian historical site that forms part of Egypt's extraordinary archaeological heritage. The site offers visitors a direct connection to the civilization that built one of the greatest empires of the ancient world.,1671,
KV58,25.7401172,32.6009074,تاريخي,KV58 is an ancient Egyptian historical site that forms part of Egypt's extraordinary archaeological heritage. The site offers visitors a direct connection to the civilization that built one of the greatest empires of the ancient world.,1672,
مخر سيل,25.5263674,32.4921778,أخرى,"مخر سيل is a point of interest in Egypt, contributing to the country's diverse cultural, historical, and natural landscape.",1673,
أولاد رجب,25.6939455,32.6400222,أخرى,"أولاد رجب is a point of interest in Egypt, contributing to the country's diverse cultural, historical, and natural landscape.",1674,
مخر سيل الدبابية,25.4953674,32.514413,أخرى,"مخر سيل الدبابية is a point of interest in Egypt, contributing to the country's diverse cultural, historical, and natural landscape.",1675,
انحناء المصرف المردوم,25.4947036,32.5131346,أخرى,"انحناء المصرف المردوم is a point of interest in Egypt, contributing to the country's diverse cultural, historical, and natural landscape.",1676,
عزية الأمير,25.5137463,32.505438,أخرى,"عزية الأمير is a point of interest in Egypt, contributing to the country's diverse cultural, historical, and natural landscape.",1677,
مشكلة الكنيسة,25.4951527,32.4735643,أخرى,"مشكلة الكنيسة is a Christian church representing Egypt's rich Coptic heritage, which traces its roots to the earliest centuries of Christianity. Egypt's Coptic Christians maintain traditions dating back nearly 2,000 years.",1678,
س,25.5131025,32.4978323,أخرى,"س is a point of interest in Egypt, contributing to the country's diverse cultural, historical, and natural landscape.",1679,
Oasis Hotel Luxor,25.69517,32.6423704,إقامة,"Oasis Hotel Luxor is a hotel and accommodation facility in Egypt, offering lodging services to travelers and tourists visiting the area.",1680,
Mummification Museum,25.7025345,32.6398801,ثقافي,"The Mummification Museum in Luxor is the world's only museum dedicated entirely to the ancient Egyptian art and science of mummification. Located on the Nile Corniche, it displays human and animal mummies alongside the tools and materials used in the mummification process. The museum provides a fascinating scientific and religious perspective on ancient Egyptian beliefs about death and the afterlife.",1681,100.0
N100 Rekhmire,25.7313526,32.607431,تاريخي,N100 Rekhmire is an ancient Egyptian historical site that forms part of Egypt's extraordinary archaeological heritage. The site offers visitors a direct connection to the civilization that built one of the greatest empires of the ancient world.,1682,
TT56 Userhat,25.7305737,32.6086873,تاريخي,TT56 Userhat is an ancient Egyptian historical site that forms part of Egypt's extraordinary archaeological heritage. The site offers visitors a direct connection to the civilization that built one of the greatest empires of the ancient world.,1683,
TT55 Ramose,25.7307612,32.6089461,تاريخي,TT55 Ramose is an ancient Egyptian historical site that forms part of Egypt's extraordinary archaeological heritage. The site offers visitors a direct connection to the civilization that built one of the greatest empires of the ancient world.,1684,
TT41 Amenemipet,25.7325731,32.6107193,تاريخي,TT41 Amenemipet is an ancient Egyptian historical site that forms part of Egypt's extraordinary archaeological heritage. The site offers visitors a direct connection to the civilization that built one of the greatest empires of the ancient world.,1685,
TT52 Nakht,25.7318452,32.6099256,تاريخي,TT52 Nakht is an ancient Egyptian historical site that forms part of Egypt's extraordinary archaeological heritage. The site offers visitors a direct connection to the civilization that built one of the greatest empires of the ancient world.,1686,
TT96 Sennefer,25.7313981,32.6067379,تاريخي,TT96 Sennefer is an ancient Egyptian historical site that forms part of Egypt's extraordinary archaeological heritage. The site offers visitors a direct connection to the civilization that built one of the greatest empires of the ancient world.,1687,
TT57 Khaemhat,25.7304115,32.6087223,تاريخي,TT57 Khaemhat is an ancient Egyptian historical site that forms part of Egypt's extraordinary archaeological heritage. The site offers visitors a direct connection to the civilization that built one of the greatest empires of the ancient world.,1688,
Amenophis Hotel,25.7175066,32.6025346,إقامة,"Amenophis Hotel is a hotel and accommodation facility in Egypt, offering lodging services to travelers and tourists visiting the area.",1689,
Hotel Sheherazade,25.705269,32.6319193,إقامة,"Hotel Sheherazade is a hotel and accommodation facility in Egypt, offering lodging services to travelers and tourists visiting the area.",1690,
local ferry to West Bank,25.7014436,32.6385794,أخرى,"local ferry to West Bank is a point of interest in Egypt, contributing to the country's diverse cultural, historical, and natural landscape.",1691,
TT65 Nebamun/Imiseba/Monastery of Cyriacus,25.73294,32.6088898,تاريخي,TT65 Nebamun/Imiseba/Monastery of Cyriacus is an ancient Egyptian historical site that forms part of Egypt's extraordinary archaeological heritage. The site offers visitors a direct connection to the civilization that built one of the greatest empires of the ancient world.,1692,
Grand hotel,25.6941712,32.6422043,إقامة,"Grand hotel is a hotel and accommodation facility in Egypt, offering lodging services to travelers and tourists visiting the area.",1693,
Nūn Art Gallery,25.7039153,32.6328437,ثقافي,"Nūn Art Gallery is a cultural institution in Egypt that preserves and presents aspects of Egyptian heritage, history, and artistic traditions for visitors and researchers alike.",1694,
TT359,25.7276225,32.6006389,تاريخي,TT359 is an ancient Egyptian historical site that forms part of Egypt's extraordinary archaeological heritage. The site offers visitors a direct connection to the civilization that built one of the greatest empires of the ancient world.,1695,
Papyrus Museum,25.7274662,32.657683,ثقافي,The Papyrus Museum in Cairo demonstrates the ancient Egyptian technique of making papyrus from the Nile reed plant. Visitors witness live demonstrations of papyrus production and can view a collection of papyrus sheets painted with pharaonic scenes and hieroglyphic inscriptions. The museum offers an authentic educational experience about one of humanity's earliest writing materials.,1696,60.0
Abo Eish Alabaster Factory,25.733132,32.6233157,أخرى,"Abo Eish Alabaster Factory is a point of interest in Egypt, contributing to the country's diverse cultural, historical, and natural landscape.",1697,
Beit Sabée,25.7189744,32.5984134,إقامة,"Beit Sabée is a hotel and accommodation facility in Egypt, offering lodging services to travelers and tourists visiting the area.",1698,
Al Saraya Luxor Apartments,25.7018365,32.631418,إقامة,"Al Saraya Luxor Apartments is a hotel and accommodation facility in Egypt, offering lodging services to travelers and tourists visiting the area.",1699,
Nile Castle,25.7002564,32.6319928,إقامة,"Nile Castle is a hotel and accommodation facility in Egypt, offering lodging services to travelers and tourists visiting the area.",1700,
Tomb of Queen Tyti,25.7274103,32.5921441,تاريخي,Tomb of Queen Tyti is an ancient Egyptian historical site that forms part of Egypt's extraordinary archaeological heritage. The site offers visitors a direct connection to the civilization that built one of the greatest empires of the ancient world.,1701,
Art from People to People Foundation,25.7149153,32.6246003,ثقافي,"Art from People to People Foundation is a cultural institution in Egypt that preserves and presents aspects of Egyptian heritage, history, and artistic traditions for visitors and researchers alike.",1702,
Luxor Museum Entrance & Ticket Office,25.7073653,32.6439556,خدمات,"The Luxor Museum entrance and ticket office is the gateway to one of Egypt's finest regional collections. The museum presents meticulously curated artifacts from the Theban region, showcasing the exceptional artistry of the New Kingdom period. Visitors purchase tickets here before accessing the main galleries featuring royal statuary and the reconstructed Akhenaten wall.",1703,140.0
Nile youth hostel,25.7058728,32.6344381,إقامة,"Nile youth hostel is a hotel and accommodation facility in Egypt, offering lodging services to travelers and tourists visiting the area.",1704,
Salam,25.6980291,32.6428916,إقامة,"Salam is a hotel and accommodation facility in Egypt, offering lodging services to travelers and tourists visiting the area.",1705,
Luxor Bella vista appartement,25.7088395,32.6315009,أخرى,"Luxor Bella vista appartement is a point of interest in Egypt, contributing to the country's diverse cultural, historical, and natural landscape.",1706,
New everest hôtel.,25.6973895,32.6428198,إقامة,"New everest hôtel. is a hotel and accommodation facility in Egypt, offering lodging services to travelers and tourists visiting the area.",1707,
Hôtel  Ramoza,25.6973236,32.6433917,إقامة,"Hôtel  Ramoza is a hotel and accommodation facility in Egypt, offering lodging services to travelers and tourists visiting the area.",1708,
Hôtel  Radwane,25.6963296,32.6438571,إقامة,"Hôtel  Radwane is a hotel and accommodation facility in Egypt, offering lodging services to travelers and tourists visiting the area.",1709,
Nefertiti,25.701643,32.6422566,إقامة,"Nefertiti is a hotel and accommodation facility in Egypt, offering lodging services to travelers and tourists visiting the area.",1710,
JAMAICA HOTEL LUXOR,25.6939138,32.6430574,إقامة,"JAMAICA HOTEL LUXOR is a hotel and accommodation facility in Egypt, offering lodging services to travelers and tourists visiting the area.",1711,
T178 Tomb of Neferronpet,25.7323707,32.6120936,أخرى,T178 Tomb of Neferronpet is an ancient Egyptian historical site that forms part of Egypt's extraordinary archaeological heritage. The site offers visitors a direct connection to the civilization that built one of the greatest empires of the ancient world.,1712,
Al Khokha,25.7324654,32.6120624,أخرى,"Al Khokha is a point of interest in Egypt, contributing to the country's diverse cultural, historical, and natural landscape.",1713,
TT296 Tomb of Nefersekheru,25.7325104,32.6119684,أخرى,TT296 Tomb of Nefersekheru is an ancient Egyptian historical site that forms part of Egypt's extraordinary archaeological heritage. The site offers visitors a direct connection to the civilization that built one of the greatest empires of the ancient world.,1714,
TT295 Tomb of Dhutmosi,25.7325183,32.6118587,أخرى,TT295 Tomb of Dhutmosi is an ancient Egyptian historical site that forms part of Egypt's extraordinary archaeological heritage. The site offers visitors a direct connection to the civilization that built one of the greatest empires of the ancient world.,1715,
Pyramid,25.7030403,32.6331763,إقامة,"Pyramid is a hotel and accommodation facility in Egypt, offering lodging services to travelers and tourists visiting the area.",1716,
Seti I,25.73257,32.6286214,خدمات,Seti I is a service facility in Egypt that supports visitors and residents in the area.,1717,
جزيرة الموز - Banana Island,25.683452,32.6228723,أخرى,"جزيرة الموز - Banana Island is a point of interest in Egypt, contributing to the country's diverse cultural, historical, and natural landscape.",1718,
Birket Habu,25.7053045,32.5946069,تاريخي,Birket Habu is an ancient Egyptian historical site that forms part of Egypt's extraordinary archaeological heritage. The site offers visitors a direct connection to the civilization that built one of the greatest empires of the ancient world.,1719,
Moon Valley Apartments,25.7026697,32.6237568,أخرى,"Moon Valley Apartments is a point of interest in Egypt, contributing to the country's diverse cultural, historical, and natural landscape.",1720,
TT25,25.7333069,32.5999341,تاريخي,TT25 is an ancient Egyptian historical site that forms part of Egypt's extraordinary archaeological heritage. The site offers visitors a direct connection to the civilization that built one of the greatest empires of the ancient world.,1721,
TT51 Userhat,25.7303711,32.610565,أخرى,"TT51 Userhat is a point of interest in Egypt, contributing to the country's diverse cultural, historical, and natural landscape.",1722,
TT31 Khonsu,25.7304626,32.6105641,أخرى,"TT31 Khonsu is a point of interest in Egypt, contributing to the country's diverse cultural, historical, and natural landscape.",1723,
Tailleurs de pierres,25.7348314,32.6212779,أخرى,"Tailleurs de pierres is a point of interest in Egypt, contributing to the country's diverse cultural, historical, and natural landscape.",1724,
Luxor Old Nile Hotel,25.7026741,32.6309048,إقامة,"Luxor Old Nile Hotel is a hotel and accommodation facility in Egypt, offering lodging services to travelers and tourists visiting the area.",1725,
Green Oasis Villa,25.7086796,32.6271944,أخرى,"Green Oasis Villa is a point of interest in Egypt, contributing to the country's diverse cultural, historical, and natural landscape.",1726,
Oasis Guest House,25.7013548,32.6320377,أخرى,"Oasis Guest House is a point of interest in Egypt, contributing to the country's diverse cultural, historical, and natural landscape.",1727,
Susanna,25.7014468,32.6420208,إقامة,"Susanna is a hotel and accommodation facility in Egypt, offering lodging services to travelers and tourists visiting the area.",1728,
Tomb of Kwa Em Waset,25.7267911,32.5922167,تاريخي,Tomb of Kwa Em Waset is an ancient Egyptian historical site that forms part of Egypt's extraordinary archaeological heritage. The site offers visitors a direct connection to the civilization that built one of the greatest empires of the ancient world.,1729,
أمنحتب الثالث,25.7205864,32.6104814,ثقافي,"أمنحتب الثالث is a cultural institution in Egypt that preserves and presents aspects of Egyptian heritage, history, and artistic traditions for visitors and researchers alike.",1730,
أمنحتب الثالث,25.7203932,32.6103831,ثقافي,"أمنحتب الثالث is a cultural institution in Egypt that preserves and presents aspects of Egyptian heritage, history, and artistic traditions for visitors and researchers alike.",1731,
El Mesala hotel,25.7032651,32.6335738,إقامة,"El Mesala hotel is a hotel and accommodation facility in Egypt, offering lodging services to travelers and tourists visiting the area.",1732,
Luxor Museum,25.7076634,32.644489,ثقافي,"Luxor Museum is widely considered Egypt's finest provincial museum, presenting a curated selection of exceptional artifacts from the Theban region. The collection spans the Middle Kingdom through the New Kingdom and includes a reconstructed wall from Akhenaten's Karnak temple. Highlights include royal statues, gilded funerary objects, and two royal mummies displayed in a specially designed room.",1733,140.0
Nile panorama hotel,25.6976452,32.6239958,إقامة,"Nile panorama hotel is a hotel and accommodation facility in Egypt, offering lodging services to travelers and tourists visiting the area.",1734,
The Calcite Bark Shrine of Amenhotep I,25.7205897,32.6574027,خدمات,The Calcite Bark Shrine of Amenhotep I is a service facility in Egypt that supports visitors and residents in the area.,1735,
New Saint Cathrine,25.7019127,32.6446176,إقامة,"New Saint Cathrine is a hotel and accommodation facility in Egypt, offering lodging services to travelers and tourists visiting the area.",1736,
Beetle,25.7174878,32.6581508,ثقافي,"Beetle is a cultural institution in Egypt that preserves and presents aspects of Egyptian heritage, history, and artistic traditions for visitors and researchers alike.",1737,
Column of Taharqa,25.7187615,32.6572987,أخرى,"Column of Taharqa is a point of interest in Egypt, contributing to the country's diverse cultural, historical, and natural landscape.",1738,
Ramesses II and Daughter,25.718824,32.6574604,ثقافي,"Ramesses II and Daughter is a cultural institution in Egypt that preserves and presents aspects of Egyptian heritage, history, and artistic traditions for visitors and researchers alike.",1739,
Ramses III,25.7185684,32.6571574,ثقافي,"Ramses III is a cultural institution in Egypt that preserves and presents aspects of Egyptian heritage, history, and artistic traditions for visitors and researchers alike.",1740,
Ramses III,25.7185446,32.6572105,ثقافي,"Ramses III is a cultural institution in Egypt that preserves and presents aspects of Egyptian heritage, history, and artistic traditions for visitors and researchers alike.",1741,
TT1 Sennutem,25.7276813,32.6006414,تاريخي,TT1 Sennutem is an ancient Egyptian historical site that forms part of Egypt's extraordinary archaeological heritage. The site offers visitors a direct connection to the civilization that built one of the greatest empires of the ancient world.,1742,
TT218-TT219-TT220,25.7277352,32.60062,تاريخي,TT218-TT219-TT220 is an ancient Egyptian historical site that forms part of Egypt's extraordinary archaeological heritage. The site offers visitors a direct connection to the civilization that built one of the greatest empires of the ancient world.,1743,
Crater de las Ostracas,25.7291491,32.6030896,أخرى,"Crater de las Ostracas is a point of interest in Egypt, contributing to the country's diverse cultural, historical, and natural landscape.",1744,
F,25.738229,32.6008937,تاريخي,F is an ancient Egyptian historical site that forms part of Egypt's extraordinary archaeological heritage. The site offers visitors a direct connection to the civilization that built one of the greatest empires of the ancient world.,1745,
KV28,25.7399015,32.6031015,تاريخي,KV28 is an ancient Egyptian historical site that forms part of Egypt's extraordinary archaeological heritage. The site offers visitors a direct connection to the civilization that built one of the greatest empires of the ancient world.,1746,
KV50,25.7399538,32.6004698,تاريخي,KV50 is an ancient Egyptian historical site that forms part of Egypt's extraordinary archaeological heritage. The site offers visitors a direct connection to the civilization that built one of the greatest empires of the ancient world.,1747,
Queen Isis-ta-Hemdjeret,25.727315,32.5925209,تاريخي,Queen Isis-ta-Hemdjeret is an ancient Egyptian historical site that forms part of Egypt's extraordinary archaeological heritage. The site offers visitors a direct connection to the civilization that built one of the greatest empires of the ancient world.,1748,
Tomb of Nefertari-Merymut,25.7281459,32.5927058,تاريخي,Tomb of Nefertari-Merymut is an ancient Egyptian historical site that forms part of Egypt's extraordinary archaeological heritage. The site offers visitors a direct connection to the civilization that built one of the greatest empires of the ancient world.,1749,
Dyad Statue of Amun and Mut,25.6997879,32.6392593,ثقافي,"Dyad Statue of Amun and Mut is a cultural institution in Egypt that preserves and presents aspects of Egyptian heritage, history, and artistic traditions for visitors and researchers alike.",1750,
Dyad Statue of Amun and Mut,25.699835,32.6391879,ثقافي,"Dyad Statue of Amun and Mut is a cultural institution in Egypt that preserves and presents aspects of Egyptian heritage, history, and artistic traditions for visitors and researchers alike.",1751,
Ramesses II,25.6998907,32.6393421,ثقافي,"Ramesses II is a cultural institution in Egypt that preserves and presents aspects of Egyptian heritage, history, and artistic traditions for visitors and researchers alike.",1752,
Stele of Seti II,25.7194979,32.655993,أخرى,"Stele of Seti II is a point of interest in Egypt, contributing to the country's diverse cultural, historical, and natural landscape.",1753,
socle of the northern obelisk of Seti II,25.7194633,32.6560689,ثقافي,"socle of the northern obelisk of Seti II is a cultural institution in Egypt that preserves and presents aspects of Egyptian heritage, history, and artistic traditions for visitors and researchers alike.",1754,
Statue of Thutmose III,25.719614,32.6577075,ثقافي,"Statue of Thutmose III is a cultural institution in Egypt that preserves and presents aspects of Egyptian heritage, history, and artistic traditions for visitors and researchers alike.",1755,
Seated Statue of Thutmose III and Amun,25.7176454,32.6599737,ثقافي,"Seated Statue of Thutmose III and Amun is a cultural institution in Egypt that preserves and presents aspects of Egyptian heritage, history, and artistic traditions for visitors and researchers alike.",1756,
Statue of Thutmose III,25.7180221,32.6596648,ثقافي,"Statue of Thutmose III is a cultural institution in Egypt that preserves and presents aspects of Egyptian heritage, history, and artistic traditions for visitors and researchers alike.",1757,
Middle kingdom courtyard,25.7181658,32.6592236,خدمات,Middle kingdom courtyard is a service facility in Egypt that supports visitors and residents in the area.,1758,
TT3 - Tomb of Pashedu,25.7284926,32.6004259,تاريخي,TT3 - Tomb of Pashedu is an ancient Egyptian historical site that forms part of Egypt's extraordinary archaeological heritage. The site offers visitors a direct connection to the civilization that built one of the greatest empires of the ancient world.,1759,
Hôtel El Gourna,25.7233282,32.6055919,إقامة,"Hôtel El Gourna is a hotel and accommodation facility in Egypt, offering lodging services to travelers and tourists visiting the area.",1760,
TT184 Nefermenu,25.7321574,32.6126888,تاريخي,TT184 Nefermenu is an ancient Egyptian historical site that forms part of Egypt's extraordinary archaeological heritage. The site offers visitors a direct connection to the civilization that built one of the greatest empires of the ancient world.,1761,
Palace of Amenhotep 3,25.7153407,32.5911778,تاريخي,Palace of Amenhotep 3 is an ancient Egyptian historical site that forms part of Egypt's extraordinary archaeological heritage. The site offers visitors a direct connection to the civilization that built one of the greatest empires of the ancient world.,1762,
Kemet House,25.7053349,32.6329227,أخرى,"Kemet House is a point of interest in Egypt, contributing to the country's diverse cultural, historical, and natural landscape.",1763,
Mama Africa Camp / Pharaoh's Rest Luxor,25.7085825,32.6323556,إقامة,"Mama Africa Camp / Pharaoh's Rest Luxor is a hotel and accommodation facility in Egypt, offering lodging services to travelers and tourists visiting the area.",1764,
Villa Sunrise,25.7020048,32.6332601,أخرى,"Villa Sunrise is a point of interest in Egypt, contributing to the country's diverse cultural, historical, and natural landscape.",1765,
Lovely Private Villa,25.6979868,32.6294232,أخرى,"Lovely Private Villa is a point of interest in Egypt, contributing to the country's diverse cultural, historical, and natural landscape.",1766,
Ramses,25.7051043,32.6326947,إقامة,"Ramses is a hotel and accommodation facility in Egypt, offering lodging services to travelers and tourists visiting the area.",1767,
Full Moon House,25.7004568,32.6321602,أخرى,"Full Moon House is a point of interest in Egypt, contributing to the country's diverse cultural, historical, and natural landscape.",1768,
Magic Nile Secret Garden,25.6984145,32.6295035,أخرى,"Magic Nile Secret Garden is a point of interest in Egypt, contributing to the country's diverse cultural, historical, and natural landscape.",1769,
Luxor Guest House,25.6989867,32.6310923,أخرى,"Luxor Guest House is a point of interest in Egypt, contributing to the country's diverse cultural, historical, and natural landscape.",1770,
Mr. Hostel,25.6946127,32.6414214,إقامة,"Mr. Hostel is a hotel and accommodation facility in Egypt, offering lodging services to travelers and tourists visiting the area.",1771,
Luxor Governorate Martyrs Memorial,25.708618,32.6467596,أخرى,"Luxor Governorate Martyrs Memorial is a point of interest in Egypt, contributing to the country's diverse cultural, historical, and natural landscape.",1772,
Villa Nile House Luxor,25.7011359,32.6317668,إقامة,"Villa Nile House Luxor is a hotel and accommodation facility in Egypt, offering lodging services to travelers and tourists visiting the area.",1773,
Replica of Tut Ankh Amon Tomb,25.7396139,32.6278404,أخرى,Replica of Tut Ankh Amon Tomb is an ancient Egyptian historical site that forms part of Egypt's extraordinary archaeological heritage. The site offers visitors a direct connection to the civilization that built one of the greatest empires of the ancient world.,1774,
Luxor,25.7005235,32.6405706,خدمات,Luxor is a service facility in Egypt that supports visitors and residents in the area.,1775,
Temple of Hatshepsut,25.7372398,32.6086902,خدمات,"The Mortuary Temple of Hatshepsut at Deir el-Bahari is one of the most beautiful temples in Egypt, designed by the royal architect Senenmut around 1479 BCE. The three-tiered colonnaded structure is carved directly into the Theban cliffs and dedicated to the female pharaoh Hatshepsut. It houses stunning painted reliefs depicting the divine birth of Hatshepsut and her trade expedition to Punt.",1776,140.0
Valley of the Kings - open/closed status and whether wheelchair accessible,25.7401597,32.6015472,خدمات,Valley of the Kings - open/closed status and whether wheelchair accessible is a service facility in Egypt that supports visitors and residents in the area.,1777,
The Devine Birth Chamber,25.7381867,32.6068923,خدمات,The Devine Birth Chamber is a service facility in Egypt that supports visitors and residents in the area.,1778,
Archeological & Touristic Attractions in Luxor,25.7194032,32.6555723,خدمات,Archeological & Touristic Attractions in Luxor is a service facility in Egypt that supports visitors and residents in the area.,1779,
Avenue of Sphinxes,25.7006355,32.6402609,خدمات,Avenue of Sphinxes is a service facility in Egypt that supports visitors and residents in the area.,1780,
Great Forecourt,25.7191115,32.6568985,خدمات,Great Forecourt is a service facility in Egypt that supports visitors and residents in the area.,1781,
The Complex of the sun cult in the Trmple of Hatshepsut at Deir Al-Bahari,25.738547,32.6066148,خدمات,The Complex of the sun cult in the Trmple of Hatshepsut at Deir Al-Bahari is a service facility in Egypt that supports visitors and residents in the area.,1782,
Luxor Temple,25.7002041,32.6400203,خدمات,"Luxor Temple is a magnificent ancient Egyptian temple complex built on the east bank of the Nile around 1400 BCE. Constructed primarily by Amenhotep III and Ramesses II, it was the center of the Opet Festival celebrating the annual renewal of pharaonic power. The temple's 24-meter obelisk at the entrance once stood alongside a twin now located in Paris.",1783,160.0
Valley of the Kings,25.7416747,32.6029428,خدمات,Valley of the Kings is a service facility in Egypt that supports visitors and residents in the area.,1784,
Hypostyle Hall,25.7187105,32.6576465,خدمات,Hypostyle Hall is a service facility in Egypt that supports visitors and residents in the area.,1785,
The expedition to the land of Punt,25.7379993,32.6066177,خدمات,The expedition to the land of Punt is a service facility in Egypt that supports visitors and residents in the area.,1786,
Valley of the Kings,25.7416262,32.6029014,خدمات,Valley of the Kings is a service facility in Egypt that supports visitors and residents in the area.,1787,
The main sanctuary of Amun-Re - The Bark Hall,25.7383887,32.6063124,خدمات,The main sanctuary of Amun-Re - The Bark Hall is a service facility in Egypt that supports visitors and residents in the area.,1788,
KV 11 Rameses III,25.7400695,32.6013393,خدمات,KV 11 Rameses III is an ancient Egyptian historical site that forms part of Egypt's extraordinary archaeological heritage. The site offers visitors a direct connection to the civilization that built one of the greatest empires of the ancient world.,1789,
Temple of Khonsu,25.7162487,32.6556477,خدمات,"Temple of Khonsu is an ancient Egyptian temple site representing the country's rich religious and architectural heritage. These sacred spaces served as centers of worship, ritual, and economic activity in the ancient world.",1790,160.0
Rekhmire TT100,25.7312628,32.6075902,خدمات,Rekhmire TT100 is a service facility in Egypt that supports visitors and residents in the area.,1791,
Tomb of Monthemhat (TT 34),25.7360439,32.6113087,خدمات,Tomb of Monthemhat (TT 34) is an ancient Egyptian historical site that forms part of Egypt's extraordinary archaeological heritage. The site offers visitors a direct connection to the civilization that built one of the greatest empires of the ancient world.,1792,
Tasneem Palace,25.7055812,32.6301692,أخرى,"Tasneem Palace is a point of interest in Egypt, contributing to the country's diverse cultural, historical, and natural landscape.",1793,
فندق دير القديسة كاترين,28.5566692,33.974678,إقامة,"فندق دير القديسة كاترين is a hotel and accommodation facility in Egypt, offering lodging services to travelers and tourists visiting the area.",1794,
قصر عباس باشا,28.5600636,33.9174195,أخرى,"قصر عباس باشا is a point of interest in Egypt, contributing to the country's diverse cultural, historical, and natural landscape.",1795,
قبر النبى هارون,28.5657314,33.9653047,أخرى,"قبر النبى هارون is a point of interest in Egypt, contributing to the country's diverse cultural, historical, and natural landscape.",1796,
مخيم فوكس,28.5639186,33.9582978,أخرى,"مخيم فوكس is a point of interest in Egypt, contributing to the country's diverse cultural, historical, and natural landscape.",1797,
مركز زوار محمية سانت كاترين,28.5671514,33.9667792,ثقافي,"مركز زوار محمية سانت كاترين is a cultural institution in Egypt that preserves and presents aspects of Egyptian heritage, history, and artistic traditions for visitors and researchers alike.",1798,
Gebel Nughaymshī,28.7027562,34.3670046,أخرى,"Gebel Nughaymshī is a point of interest in Egypt, contributing to the country's diverse cultural, historical, and natural landscape.",1799,
إيكولج الكرم,28.6498087,33.8972425,أخرى,"إيكولج الكرم is a point of interest in Egypt, contributing to the country's diverse cultural, historical, and natural landscape.",1800,
Nawami,28.8550093,34.3733603,أخرى,"Nawami is a point of interest in Egypt, contributing to the country's diverse cultural, historical, and natural landscape.",1801,
Umm Matamir,28.8419177,34.3577417,أخرى,"Umm Matamir is a point of interest in Egypt, contributing to the country's diverse cultural, historical, and natural landscape.",1802,
دير القديسة كاترين,28.5556875,33.9765682,أخرى,"دير القديسة كاترين is a point of interest in Egypt, contributing to the country's diverse cultural, historical, and natural landscape.",1803,
شكل العجل الذهبى,28.5631525,33.9635118,أخرى,"شكل العجل الذهبى is a point of interest in Egypt, contributing to the country's diverse cultural, historical, and natural landscape.",1804,
Abo Jeefa Viewpoint شرفة أبو جيفة,28.5470194,33.9360464,أخرى,"Abo Jeefa Viewpoint شرفة أبو جيفة is a point of interest in Egypt, contributing to the country's diverse cultural, historical, and natural landscape.",1805,
مخيم الشيخ موسى,28.5584892,33.9436957,أخرى,"مخيم الشيخ موسى is a point of interest in Egypt, contributing to the country's diverse cultural, historical, and natural landscape.",1806,
Nawami,28.8550303,34.3734438,أخرى,"Nawami is a point of interest in Egypt, contributing to the country's diverse cultural, historical, and natural landscape.",1807,
Nawami,28.8554832,34.3736904,أخرى,"Nawami is a point of interest in Egypt, contributing to the country's diverse cultural, historical, and natural landscape.",1808,
Nawami,28.8550679,34.3733111,أخرى,"Nawami is a point of interest in Egypt, contributing to the country's diverse cultural, historical, and natural landscape.",1809,
Nawami,28.8551654,34.3734626,أخرى,"Nawami is a point of interest in Egypt, contributing to the country's diverse cultural, historical, and natural landscape.",1810,
Nawami,28.8552863,34.3735095,أخرى,"Nawami is a point of interest in Egypt, contributing to the country's diverse cultural, historical, and natural landscape.",1811,
Nawami,28.8550878,34.3734505,أخرى,"Nawami is a point of interest in Egypt, contributing to the country's diverse cultural, historical, and natural landscape.",1812,
Nawami,28.8552405,34.3734411,أخرى,"Nawami is a point of interest in Egypt, contributing to the country's diverse cultural, historical, and natural landscape.",1813,
Nawami,28.8553422,34.3735294,أخرى,"Nawami is a point of interest in Egypt, contributing to the country's diverse cultural, historical, and natural landscape.",1814,
Nawami,28.8552065,34.3735109,أخرى,"Nawami is a point of interest in Egypt, contributing to the country's diverse cultural, historical, and natural landscape.",1815,
Nawami,28.855156,34.3731112,أخرى,"Nawami is a point of interest in Egypt, contributing to the country's diverse cultural, historical, and natural landscape.",1816,
Nawami,28.8554014,34.3735511,أخرى,"Nawami is a point of interest in Egypt, contributing to the country's diverse cultural, historical, and natural landscape.",1817,
Nawami,28.8554167,34.3736571,أخرى,"Nawami is a point of interest in Egypt, contributing to the country's diverse cultural, historical, and natural landscape.",1818,
Nawami,28.8553223,34.3730413,أخرى,"Nawami is a point of interest in Egypt, contributing to the country's diverse cultural, historical, and natural landscape.",1819,
Nawami,28.8558243,34.373012,أخرى,"Nawami is a point of interest in Egypt, contributing to the country's diverse cultural, historical, and natural landscape.",1820,
Nawami,28.8551548,34.3728926,أخرى,"Nawami is a point of interest in Egypt, contributing to the country's diverse cultural, historical, and natural landscape.",1821,
Nawami,28.8554402,34.3728725,أخرى,"Nawami is a point of interest in Egypt, contributing to the country's diverse cultural, historical, and natural landscape.",1822,
Nawami,28.8553615,34.3743531,أخرى,"Nawami is a point of interest in Egypt, contributing to the country's diverse cultural, historical, and natural landscape.",1823,
Nawami,28.8557667,34.3731112,أخرى,"Nawami is a point of interest in Egypt, contributing to the country's diverse cultural, historical, and natural landscape.",1824,
Nawami,28.8557503,34.3731756,أخرى,"Nawami is a point of interest in Egypt, contributing to the country's diverse cultural, historical, and natural landscape.",1825,
Nawami,28.8556317,34.3737496,أخرى,"Nawami is a point of interest in Egypt, contributing to the country's diverse cultural, historical, and natural landscape.",1826,
Nawami,28.8555906,34.3736825,أخرى,"Nawami is a point of interest in Egypt, contributing to the country's diverse cultural, historical, and natural landscape.",1827,
Nawami,28.8555048,34.3736383,أخرى,"Nawami is a point of interest in Egypt, contributing to the country's diverse cultural, historical, and natural landscape.",1828,
Nawami,28.8555318,34.3736866,أخرى,"Nawami is a point of interest in Egypt, contributing to the country's diverse cultural, historical, and natural landscape.",1829,
Nawami,28.855883,34.3739199,أخرى,"Nawami is a point of interest in Egypt, contributing to the country's diverse cultural, historical, and natural landscape.",1830,
Nawami,28.8556587,34.3744242,أخرى,"Nawami is a point of interest in Egypt, contributing to the country's diverse cultural, historical, and natural landscape.",1831,
Nawami,28.8560169,34.3746495,أخرى,"Nawami is a point of interest in Egypt, contributing to the country's diverse cultural, historical, and natural landscape.",1832,
متحف دير القديسة كاترين,28.5561737,33.9761113,ثقافي,"متحف دير القديسة كاترين is a cultural institution in Egypt that preserves and presents aspects of Egyptian heritage, history, and artistic traditions for visitors and researchers alike.",1833,
Bronze Age Tombs,28.7773423,34.0499454,أخرى,Bronze Age Tombs is an ancient Egyptian historical site that forms part of Egypt's extraordinary archaeological heritage. The site offers visitors a direct connection to the civilization that built one of the greatest empires of the ancient world.,1834,
Abu Salem Garden Lodge,28.5592105,33.9471325,أخرى,"Abu Salem Garden Lodge is a point of interest in Egypt, contributing to the country's diverse cultural, historical, and natural landscape.",1835,
لوج مسعودي,28.5614671,33.9525178,إقامة,"لوج مسعودي is a hotel and accommodation facility in Egypt, offering lodging services to travelers and tourists visiting the area.",1836,
Pegasus Organic Farm,28.5614713,33.957532,أخرى,"Pegasus Organic Farm is a point of interest in Egypt, contributing to the country's diverse cultural, historical, and natural landscape.",1837,
Turbo,24.0065731,35.6340114,أخرى,"Turbo is a point of interest in Egypt, contributing to the country's diverse cultural, historical, and natural landscape.",1838,
Medinet-el Haras,23.9109505,35.4759377,تاريخي,Medinet-el Haras is an ancient Egyptian historical site that forms part of Egypt's extraordinary archaeological heritage. The site offers visitors a direct connection to the civilization that built one of the greatest empires of the ancient world.,1839,
سفنكس,22.7927655,32.545778,ثقافي,"سفنكس is a cultural institution in Egypt that preserves and presents aspects of Egyptian heritage, history, and artistic traditions for visitors and researchers alike.",1840,
سفنكس,22.792724,32.5457183,ثقافي,"سفنكس is a cultural institution in Egypt that preserves and presents aspects of Egyptian heritage, history, and artistic traditions for visitors and researchers alike.",1841,
سفنكس,22.7927049,32.5456922,ثقافي,"سفنكس is a cultural institution in Egypt that preserves and presents aspects of Egyptian heritage, history, and artistic traditions for visitors and researchers alike.",1842,
سفنكس,22.7927828,32.5458068,ثقافي,"سفنكس is a cultural institution in Egypt that preserves and presents aspects of Egyptian heritage, history, and artistic traditions for visitors and researchers alike.",1843,
سفنكس,22.7929682,32.5455091,ثقافي,"سفنكس is a cultural institution in Egypt that preserves and presents aspects of Egyptian heritage, history, and artistic traditions for visitors and researchers alike.",1844,
سفنكس,22.7929367,32.5455333,ثقافي,"سفنكس is a cultural institution in Egypt that preserves and presents aspects of Egyptian heritage, history, and artistic traditions for visitors and researchers alike.",1845,
سفنكس,22.7928588,32.5455742,ثقافي,"سفنكس is a cultural institution in Egypt that preserves and presents aspects of Egyptian heritage, history, and artistic traditions for visitors and researchers alike.",1846,
سفنكس,22.7928069,32.5456231,ثقافي,"سفنكس is a cultural institution in Egypt that preserves and presents aspects of Egyptian heritage, history, and artistic traditions for visitors and researchers alike.",1847,
سفنكس,22.7927599,32.5456707,ثقافي,"سفنكس is a cultural institution in Egypt that preserves and presents aspects of Egyptian heritage, history, and artistic traditions for visitors and researchers alike.",1848,
سفنكس,22.7928186,32.5457579,ثقافي,"سفنكس is a cultural institution in Egypt that preserves and presents aspects of Egyptian heritage, history, and artistic traditions for visitors and researchers alike.",1849,
سفنكس,22.7928749,32.5457177,ثقافي,"سفنكس is a cultural institution in Egypt that preserves and presents aspects of Egyptian heritage, history, and artistic traditions for visitors and researchers alike.",1850,
سفنكس,22.7929268,32.5456707,ثقافي,"سفنكس is a cultural institution in Egypt that preserves and presents aspects of Egyptian heritage, history, and artistic traditions for visitors and researchers alike.",1851,
سفنكس,22.7929973,32.5456043,ثقافي,"سفنكس is a cultural institution in Egypt that preserves and presents aspects of Egyptian heritage, history, and artistic traditions for visitors and researchers alike.",1852,
سفنكس,22.7930294,32.5455789,ثقافي,"سفنكس is a cultural institution in Egypt that preserves and presents aspects of Egyptian heritage, history, and artistic traditions for visitors and researchers alike.",1853,
معبد الدكة وتحوت,22.80158,32.545841,خدمات,معبد الدكة في النوبة المصرية بُني في عهد الملك إرجامين النوبي في القرن الثالث قبل الميلاد ثم طوّره الأباطرة الرومان. كان مكرّساً للإله تحوت وتهوت إله الحكمة. نُقل إلى موقعه الحالي على ضفة بحيرة ناصر ضمن مشروع إنقاذ النوبة.,1854,60.0
المحرقة,22.8009569,32.5475121,خدمات,المحرقة is a service facility in Egypt that supports visitors and residents in the area.,1855,
معبد وادي السبوع,22.7926214,32.5457458,خدمات,معبد وادي السبوع يعود لعهد الملك رمسيس الثاني ويقع في النوبة المصرية على ضفة بحيرة ناصر. تميّز بطريق يصطف على جانبيه تماثيل أبو الهول، وقد نُقل إلى موقعه الحالي خلال مبادرة إنقاذ آثار النوبة التي نظمتها اليونسكو.,1856,60.0
فرات3,30.0708091,29.7568863,خدمات,فرات3 is a service facility in Egypt that supports visitors and residents in the area.,1857,
فرا 2,29.9585525,29.6208807,خدمات,فرا 2 is a service facility in Egypt that supports visitors and residents in the area.,1858,
فرات 1,29.8739566,29.7166178,خدمات,فرات 1 is a service facility in Egypt that supports visitors and residents in the area.,1859,
فرات4,29.9881928,29.8502144,خدمات,فرات4 is a service facility in Egypt that supports visitors and residents in the area.,1860,
فرات 1,29.8736699,29.7167806,خدمات,فرات 1 is a service facility in Egypt that supports visitors and residents in the area.,1861,
Salem Express,26.6397175,34.0615772,أخرى,"Salem Express is a point of interest in Egypt, contributing to the country's diverse cultural, historical, and natural landscape.",1862,
Coral Garden Resort,26.5736552,34.0309579,إقامة,"Coral Garden Resort is a hotel and accommodation facility in Egypt, offering lodging services to travelers and tourists visiting the area.",1863,
Club Magic Life Kalawy Imperial,26.5114007,34.0677273,إقامة,"Club Magic Life Kalawy Imperial is a hotel and accommodation facility in Egypt, offering lodging services to travelers and tourists visiting the area.",1864,
Bloch's B+B,26.7665756,33.9412711,إقامة,"Bloch's B+B is a hotel and accommodation facility in Egypt, offering lodging services to travelers and tourists visiting the area.",1865,
Coral Sun Beach,26.5702564,34.0316198,إقامة,"Coral Sun Beach is a hotel and accommodation facility in Egypt, offering lodging services to travelers and tourists visiting the area.",1866,
Orca Village,26.7934346,33.9365769,إقامة,"Orca Village is a hotel and accommodation facility in Egypt, offering lodging services to travelers and tourists visiting the area.",1867,
Toubia Hotel,26.766041,33.9430831,إقامة,"Toubia Hotel is a hotel and accommodation facility in Egypt, offering lodging services to travelers and tourists visiting the area.",1868,
Freedom Divers,26.7659099,33.9429874,إقامة,"Freedom Divers is a hotel and accommodation facility in Egypt, offering lodging services to travelers and tourists visiting the area.",1869,
Basma Hotel,26.7540284,33.9421817,إقامة,"Basma Hotel is a hotel and accommodation facility in Egypt, offering lodging services to travelers and tourists visiting the area.",1870,
Nile Hotel,26.753013,33.9417856,إقامة,"Nile Hotel is a hotel and accommodation facility in Egypt, offering lodging services to travelers and tourists visiting the area.",1871,
Palms Palace,26.7528103,33.9417613,إقامة,"Palms Palace is a hotel and accommodation facility in Egypt, offering lodging services to travelers and tourists visiting the area.",1872,
Hotel Nefertari Safaga,26.5791865,34.0276525,إقامة,"Hotel Nefertari Safaga is a hotel and accommodation facility in Egypt, offering lodging services to travelers and tourists visiting the area.",1873,
El Manzil,26.7947014,33.9321036,إقامة,"El Manzil is a hotel and accommodation facility in Egypt, offering lodging services to travelers and tourists visiting the area.",1874,
Dolphin Hotel,26.7273363,33.9393804,إقامة,"Dolphin Hotel is a hotel and accommodation facility in Egypt, offering lodging services to travelers and tourists visiting the area.",1875,
Umm al Huweitat Viewpoint,26.5330343,33.9204047,أخرى,"Umm al Huweitat Viewpoint is a point of interest in Egypt, contributing to the country's diverse cultural, historical, and natural landscape.",1876,
Ali Baba,26.7919405,33.9318471,إقامة,"Ali Baba is a hotel and accommodation facility in Egypt, offering lodging services to travelers and tourists visiting the area.",1877,
El Jawhara Inn,26.7463746,33.9401326,إقامة,"El Jawhara Inn is a hotel and accommodation facility in Egypt, offering lodging services to travelers and tourists visiting the area.",1878,
Shaab Umm Gamar,27.333448,33.9177183,أخرى,"Shaab Umm Gamar is a point of interest in Egypt, contributing to the country's diverse cultural, historical, and natural landscape.",1879,
Carnatic,27.5792666,33.92695,أخرى,"Carnatic is a point of interest in Egypt, contributing to the country's diverse cultural, historical, and natural landscape.",1880,
Chrisoula K,27.5805307,33.9287744,أخرى,"Chrisoula K is a point of interest in Egypt, contributing to the country's diverse cultural, historical, and natural landscape.",1881,
Kimon M,27.5816666,33.9302166,أخرى,"Kimon M is a point of interest in Egypt, contributing to the country's diverse cultural, historical, and natural landscape.",1882,
Giannis D,27.5774,33.9231833,أخرى,"Giannis D is a point of interest in Egypt, contributing to the country's diverse cultural, historical, and natural landscape.",1883,
عايدة,26.3138104,34.8432379,أخرى,"عايدة is a point of interest in Egypt, contributing to the country's diverse cultural, historical, and natural landscape.",1884,
موقع الغوص - جزيرة الأخ الصغير,26.3007944,34.862559,أخرى,"موقع الغوص - جزيرة الأخ الصغير is a point of interest in Egypt, contributing to the country's diverse cultural, historical, and natural landscape.",1885,
موقع الغوص - جزيرة الأخ الأكبر,26.3130389,34.8442682,أخرى,"موقع الغوص - جزيرة الأخ الأكبر is a point of interest in Egypt, contributing to the country's diverse cultural, historical, and natural landscape.",1886,
نجم البحر نادى البحر,29.6711338,32.3551983,إقامة,"نجم البحر نادى البحر is a hotel and accommodation facility in Egypt, offering lodging services to travelers and tourists visiting the area.",1887,
Teda Swiss Inn Plaza,29.6711537,32.313242,إقامة,"Teda Swiss Inn Plaza is a hotel and accommodation facility in Egypt, offering lodging services to travelers and tourists visiting the area.",1888,
شاليه ماهر ثابت,29.6668567,32.346155,أخرى,"شاليه ماهر ثابت is a point of interest in Egypt, contributing to the country's diverse cultural, historical, and natural landscape.",1889,
نجم البحر الكبير,29.6718276,32.3574172,إقامة,"نجم البحر الكبير is a hotel and accommodation facility in Egypt, offering lodging services to travelers and tourists visiting the area.",1890,
شالية السخنة,29.7332927,32.3896287,إقامة,"شالية السخنة is a hotel and accommodation facility in Egypt, offering lodging services to travelers and tourists visiting the area.",1891,
قرية العين ريزورت السياحية,29.5434279,32.3675783,أخرى,"قرية العين ريزورت السياحية is a point of interest in Egypt, contributing to the country's diverse cultural, historical, and natural landscape.",1892,
U1 ElAin Resort,29.5437788,32.3685503,أخرى,"U1 ElAin Resort is a point of interest in Egypt, contributing to the country's diverse cultural, historical, and natural landscape.",1893,
"Retal View Resort El Sokhna, Ataqah",29.7453813,32.4039264,إقامة,"Retal View Resort El Sokhna, Ataqah is a hotel and accommodation facility in Egypt, offering lodging services to travelers and tourists visiting the area.",1894,
Dolphin,29.6432392,32.2280149,ثقافي,"Dolphin is a cultural institution in Egypt that preserves and presents aspects of Egyptian heritage, history, and artistic traditions for visitors and researchers alike.",1895,
ميناء الصيد العين السخنه,29.5793838,32.3512599,إقامة,"ميناء الصيد العين السخنه is a hotel and accommodation facility in Egypt, offering lodging services to travelers and tourists visiting the area.",1896,
Temple of Taffeh,23.6197,32.8721,أخرى,"Temple of Taffeh is an ancient Egyptian temple site representing the country's rich religious and architectural heritage. These sacred spaces served as centers of worship, ritual, and economic activity in the ancient world.",1897,
Xois,31.0896344,30.9507706,تاريخي,Xois is an ancient Egyptian historical site that forms part of Egypt's extraordinary archaeological heritage. The site offers visitors a direct connection to the civilization that built one of the greatest empires of the ancient world.,1898,
مارشال الجزيرة,31.0459568,31.3643662,إقامة,"مارشال الجزيرة is a hotel and accommodation facility in Egypt, offering lodging services to travelers and tourists visiting the area.",1899,
Kafr El-Sheikh Local Museum,31.1032791,30.9465761,أخرى,"The Kafr El-Sheikh Local Museum showcases the archaeological heritage of the Nile Delta region, including artifacts from ancient Buto, one of Egypt's earliest cities. The collection includes pottery, amulets, and objects from various periods that illustrate the cultural richness of the Delta from prehistoric times through the Islamic period.",1900,20.0
Marina Hotel,31.1042628,30.9476608,إقامة,"Marina Hotel is a hotel and accommodation facility in Egypt, offering lodging services to travelers and tourists visiting the area.",1901,
Sanaa garden,31.1043055,30.9465664,خارجي وطبيعي,"Sanaa garden is an outdoor natural or recreational area in Egypt, offering visitors the opportunity to experience the country's diverse landscapes from the Nile Valley to the desert and Mediterranean coast.",1902,
مسجد النور,30.9590791,31.1505559,إقامة,"مسجد النور is a hotel and accommodation facility in Egypt, offering lodging services to travelers and tourists visiting the area.",1903,
Abo Shäkêr,31.0296939,31.3903311,أخرى,"Abo Shäkêr is a point of interest in Egypt, contributing to the country's diverse cultural, historical, and natural landscape.",1904,
ميت العمل,30.8955742,31.3471428,أخرى,"ميت العمل is a point of interest in Egypt, contributing to the country's diverse cultural, historical, and natural landscape.",1905,
بشلا,30.7765814,31.2628744,إقامة,"بشلا is a hotel and accommodation facility in Egypt, offering lodging services to travelers and tourists visiting the area.",1906,
ميت فضاله,30.8648957,31.316402,أخرى,"ميت فضاله is a point of interest in Egypt, contributing to the country's diverse cultural, historical, and natural landscape.",1907,
عبدالعزيز محمد,30.7869068,31.0873464,أخرى,"عبدالعزيز محمد is a point of interest in Egypt, contributing to the country's diverse cultural, historical, and natural landscape.",1908,
حسان بن ثابت,30.8020073,30.9977968,إقامة,"حسان بن ثابت is a hotel and accommodation facility in Egypt, offering lodging services to travelers and tourists visiting the area.",1909,
مصر,30.9716193,31.1614517,أخرى,"مصر is a point of interest in Egypt, contributing to the country's diverse cultural, historical, and natural landscape.",1910,
مدينة طنطا,30.7825138,30.9976573,خدمات,مدينة طنطا is a service facility in Egypt that supports visitors and residents in the area.,1911,
منزل ابراهيم عباس سلامة /بانوب,31.0635273,31.2400611,إقامة,"منزل ابراهيم عباس سلامة /بانوب is a hotel and accommodation facility in Egypt, offering lodging services to travelers and tourists visiting the area.",1912,
خالد الجميزي,30.7145138,30.9376803,أخرى,"خالد الجميزي is a point of interest in Egypt, contributing to the country's diverse cultural, historical, and natural landscape.",1913,
منزل الاستاذ كرم سليم,31.0262014,30.9004997,أخرى,"منزل الاستاذ كرم سليم is a point of interest in Egypt, contributing to the country's diverse cultural, historical, and natural landscape.",1914,
شركه طيبه للتكيف وفلاتر المياه,30.9786552,31.1717088,ثقافي,"شركه طيبه للتكيف وفلاتر المياه is a cultural institution in Egypt that preserves and presents aspects of Egyptian heritage, history, and artistic traditions for visitors and researchers alike.",1915,
Marshall,31.0453826,31.3877136,إقامة,"Marshall is a hotel and accommodation facility in Egypt, offering lodging services to travelers and tourists visiting the area.",1916,
باسم النمر,30.9489029,31.1626098,أخرى,"باسم النمر is a point of interest in Egypt, contributing to the country's diverse cultural, historical, and natural landscape.",1917,
خرسيت,30.8107573,30.9834595,أخرى,"خرسيت is a point of interest in Egypt, contributing to the country's diverse cultural, historical, and natural landscape.",1918,
منزل الحاج السيد بدران,30.8967798,31.3394533,أخرى,"منزل الحاج السيد بدران is a point of interest in Egypt, contributing to the country's diverse cultural, historical, and natural landscape.",1919,
الاء,30.7915026,31.004045,إقامة,"الاء is a hotel and accommodation facility in Egypt, offering lodging services to travelers and tourists visiting the area.",1920,
الخضر,31.116271,31.1961232,إقامة,"الخضر is a hotel and accommodation facility in Egypt, offering lodging services to travelers and tourists visiting the area.",1921,
برج العماد,31.0334953,31.367722,أخرى,"برج العماد is a point of interest in Egypt, contributing to the country's diverse cultural, historical, and natural landscape.",1922,
Grand Cleopatra Hotel,30.9814393,31.172698,إقامة,"Grand Cleopatra Hotel is a hotel and accommodation facility in Egypt, offering lodging services to travelers and tourists visiting the area.",1923,
بيتى,30.7937571,31.1732973,إقامة,"بيتى is a hotel and accommodation facility in Egypt, offering lodging services to travelers and tourists visiting the area.",1924,
اتيليه فستاني,30.9803407,31.1755954,خدمات,اتيليه فستاني is a service facility in Egypt that supports visitors and residents in the area.,1925,
الرياض,31.1143418,30.9400872,أخرى,"الرياض is a point of interest in Egypt, contributing to the country's diverse cultural, historical, and natural landscape.",1926,
مركز خدمه الخيال ميتسوبيشى و تويوتا,30.8107781,31.0110718,إقامة,"مركز خدمه الخيال ميتسوبيشى و تويوتا is a hotel and accommodation facility in Egypt, offering lodging services to travelers and tourists visiting the area.",1927,
عبدالحليم طة,31.147249,31.3702012,أخرى,"عبدالحليم طة is a point of interest in Egypt, contributing to the country's diverse cultural, historical, and natural landscape.",1928,
العمل,30.7981452,30.9614351,إقامة,"العمل is a hotel and accommodation facility in Egypt, offering lodging services to travelers and tourists visiting the area.",1929,
ezpet abu elgood,30.8804063,31.1712632,أخرى,"ezpet abu elgood is a point of interest in Egypt, contributing to the country's diverse cultural, historical, and natural landscape.",1930,
معلومات السياح,27.1780422,33.8236666,خدمات,معلومات السياح is a service facility in Egypt that supports visitors and residents in the area.,1931,
Medan Arousa,27.2220459,33.8375154,أخرى,"Medan Arousa is a point of interest in Egypt, contributing to the country's diverse cultural, historical, and natural landscape.",1932,
Makadi Aqua Park,26.9810204,33.8721242,أخرى,"Makadi Aqua Park is a point of interest in Egypt, contributing to the country's diverse cultural, historical, and natural landscape.",1933,
Biba Hotel,27.2186677,33.8377804,إقامة,"Biba Hotel is a hotel and accommodation facility in Egypt, offering lodging services to travelers and tourists visiting the area.",1934,
Anemone Beach,27.2121737,33.8432683,ثقافي,"Anemone Beach is a cultural institution in Egypt that preserves and presents aspects of Egyptian heritage, history, and artistic traditions for visitors and researchers alike.",1935,
El Mina (wreck),27.2258269,33.8474944,أخرى,"El Mina (wreck) is a point of interest in Egypt, contributing to the country's diverse cultural, historical, and natural landscape.",1936,
Dromedar-Riding,27.0547756,33.6465523,أخرى,"Dromedar-Riding is a point of interest in Egypt, contributing to the country's diverse cultural, historical, and natural landscape.",1937,
Tez-Tour office,27.1465937,33.8205711,خدمات,Tez-Tour office is a service facility in Egypt that supports visitors and residents in the area.,1938,
ممشى شيرى السياحى,27.2201814,33.8376304,أخرى,"ممشى شيرى السياحى is a point of interest in Egypt, contributing to the country's diverse cultural, historical, and natural landscape.",1939,
Montana Residences,27.1946971,33.8270363,أخرى,"Montana Residences is a point of interest in Egypt, contributing to the country's diverse cultural, historical, and natural landscape.",1940,
Balena,27.1782408,33.831981,أخرى,"Balena is a point of interest in Egypt, contributing to the country's diverse cultural, historical, and natural landscape.",1941,
مبارك ٢,27.1962767,33.8296829,أخرى,"مبارك ٢ is a point of interest in Egypt, contributing to the country's diverse cultural, historical, and natural landscape.",1942,
عمارة ٢٦مبارك ٢,27.1983448,33.8297261,أخرى,"عمارة ٢٦مبارك ٢ is a point of interest in Egypt, contributing to the country's diverse cultural, historical, and natural landscape.",1943,
Camel riding,27.0927485,33.6395634,أخرى,"Camel riding is a point of interest in Egypt, contributing to the country's diverse cultural, historical, and natural landscape.",1944,
Golden Rose Hotel,27.2208427,33.8401963,إقامة,"Golden Rose Hotel is a hotel and accommodation facility in Egypt, offering lodging services to travelers and tourists visiting the area.",1945,
The Boutique Hotel New Marina,27.2238077,33.8404684,إقامة,"The Boutique Hotel New Marina is a hotel and accommodation facility in Egypt, offering lodging services to travelers and tourists visiting the area.",1946,
Camp,27.0375463,33.6556506,إقامة,"Camp is a hotel and accommodation facility in Egypt, offering lodging services to travelers and tourists visiting the area.",1947,
Jaz Bluemarine Resort,27.0908778,33.843697,إقامة,"Jaz Bluemarine Resort is a hotel and accommodation facility in Egypt, offering lodging services to travelers and tourists visiting the area.",1948,
Sinbad submarines,27.1914742,33.8373034,أخرى,"Sinbad submarines is a point of interest in Egypt, contributing to the country's diverse cultural, historical, and natural landscape.",1949,
Selkhet Papyrus,27.1961002,33.8231072,ثقافي,"Selkhet Papyrus is a cultural institution in Egypt that preserves and presents aspects of Egyptian heritage, history, and artistic traditions for visitors and researchers alike.",1950,
Бедуины,27.0383041,33.6560135,أخرى,"Бедуины is a point of interest in Egypt, contributing to the country's diverse cultural, historical, and natural landscape.",1951,
Desert Rose Resort,27.0985169,33.8369676,إقامة,"Desert Rose Resort is a hotel and accommodation facility in Egypt, offering lodging services to travelers and tourists visiting the area.",1952,
El Kawser private hospital,27.1971562,33.8280448,إقامة,"El Kawser private hospital is a hotel and accommodation facility in Egypt, offering lodging services to travelers and tourists visiting the area.",1953,
Mini Egypt,26.987356,33.8565571,ثقافي,"Mini Egypt is a cultural institution in Egypt that preserves and presents aspects of Egyptian heritage, history, and artistic traditions for visitors and researchers alike.",1954,
Dolphin World,26.9909985,33.8521691,أخرى,"Dolphin World is a point of interest in Egypt, contributing to the country's diverse cultural, historical, and natural landscape.",1955,
Seagull,27.2161365,33.8396841,إقامة,"Seagull is a hotel and accommodation facility in Egypt, offering lodging services to travelers and tourists visiting the area.",1956,
Czech House,27.2135166,33.8366247,أخرى,"Czech House is a point of interest in Egypt, contributing to the country's diverse cultural, historical, and natural landscape.",1957,
Giftun Azur Resort Hotel,27.1849729,33.8269648,إقامة,"Giftun Azur Resort Hotel is a hotel and accommodation facility in Egypt, offering lodging services to travelers and tourists visiting the area.",1958,
Golf Hotel,27.2218105,33.8374311,إقامة,"Golf Hotel is a hotel and accommodation facility in Egypt, offering lodging services to travelers and tourists visiting the area.",1959,
البيت الأخضر,27.1516884,33.8246325,أخرى,"البيت الأخضر is a point of interest in Egypt, contributing to the country's diverse cultural, historical, and natural landscape.",1960,
Primasol Titanic aqua park,27.1050044,33.8229981,أخرى,"Primasol Titanic aqua park is a point of interest in Egypt, contributing to the country's diverse cultural, historical, and natural landscape.",1961,
Sindbad Club,27.1893094,33.8313398,إقامة,"Sindbad Club is a hotel and accommodation facility in Egypt, offering lodging services to travelers and tourists visiting the area.",1962,
Swiss Wellnes Dive Resort,27.2092923,33.8434001,إقامة,"Swiss Wellnes Dive Resort is a hotel and accommodation facility in Egypt, offering lodging services to travelers and tourists visiting the area.",1963,
Dolphina park,27.1540253,33.762606,أخرى,"Dolphina park is a point of interest in Egypt, contributing to the country's diverse cultural, historical, and natural landscape.",1964,
Seberian Tower 1,27.2139108,33.8306724,أخرى,"Seberian Tower 1 is a point of interest in Egypt, contributing to the country's diverse cultural, historical, and natural landscape.",1965,
The Bay Hotel Hurghada Marina,27.2280379,33.8416734,إقامة,"The Bay Hotel Hurghada Marina is a hotel and accommodation facility in Egypt, offering lodging services to travelers and tourists visiting the area.",1966,
Golden 5 City,27.0934075,33.8370067,ثقافي,"Golden 5 City is a cultural institution in Egypt that preserves and presents aspects of Egyptian heritage, history, and artistic traditions for visitors and researchers alike.",1967,
Skylen hostel,27.2207012,33.838613,إقامة,"Skylen hostel is a hotel and accommodation facility in Egypt, offering lodging services to travelers and tourists visiting the area.",1968,
Lamera hotel,27.2227042,33.8372674,إقامة,"Lamera hotel is a hotel and accommodation facility in Egypt, offering lodging services to travelers and tourists visiting the area.",1969,
Sola Inn,27.1446075,33.820805,أخرى,"Sola Inn is a point of interest in Egypt, contributing to the country's diverse cultural, historical, and natural landscape.",1970,
Redcon Suites,27.2125791,33.8410409,إقامة,"Redcon Suites is a hotel and accommodation facility in Egypt, offering lodging services to travelers and tourists visiting the area.",1971,
سد كفرة,29.7950312,31.4431731,أخرى,"سد كفرة is a point of interest in Egypt, contributing to the country's diverse cultural, historical, and natural landscape.",1972,
كوم أبو بلو,30.533333,30.816667,أخرى,"كوم أبو بلو is a point of interest in Egypt, contributing to the country's diverse cultural, historical, and natural landscape.",1973,
قرية وردان,30.317298,30.9027004,أخرى,"قرية وردان is a point of interest in Egypt, contributing to the country's diverse cultural, historical, and natural landscape.",1974,
المنطقة التاسعة,30.3764647,30.5235374,أخرى,"المنطقة التاسعة is a point of interest in Egypt, contributing to the country's diverse cultural, historical, and natural landscape.",1975,
فندق دينا المعداوي,30.3047617,30.5661019,إقامة,"فندق دينا المعداوي is a hotel and accommodation facility in Egypt, offering lodging services to travelers and tourists visiting the area.",1976,
رضا راشد,30.3802793,30.5008402,أخرى,"رضا راشد is a point of interest in Egypt, contributing to the country's diverse cultural, historical, and natural landscape.",1977,
دار أبو عبدالله السوري,30.3605424,30.5245497,أخرى,"دار أبو عبدالله السوري is a point of interest in Egypt, contributing to the country's diverse cultural, historical, and natural landscape.",1978,
المنزل,30.5691495,30.8829459,أخرى,"المنزل is a point of interest in Egypt, contributing to the country's diverse cultural, historical, and natural landscape.",1979,
Merimde,30.3162987,30.8498954,تاريخي,Merimde is an ancient Egyptian historical site that forms part of Egypt's extraordinary archaeological heritage. The site offers visitors a direct connection to the civilization that built one of the greatest empires of the ancient world.,1980,
السادات,30.3629824,30.5377878,إقامة,"السادات is a hotel and accommodation facility in Egypt, offering lodging services to travelers and tourists visiting the area.",1981,
الطرانة,30.4281824,30.8126355,تاريخي,الطرانة is an ancient Egyptian historical site that forms part of Egypt's extraordinary archaeological heritage. The site offers visitors a direct connection to the civilization that built one of the greatest empires of the ancient world.,1982,
دير الانبا بولا,28.8470033,32.5511717,إقامة,"دير الانبا بولا is a hotel and accommodation facility in Egypt, offering lodging services to travelers and tourists visiting the area.",1983,
لوج بارادايس,29.2027262,25.522722,إقامة,"لوج بارادايس is a hotel and accommodation facility in Egypt, offering lodging services to travelers and tourists visiting the area.",1984,
أم عبيدة,29.2017194,25.5447906,أخرى,"أم عبيدة is a point of interest in Egypt, contributing to the country's diverse cultural, historical, and natural landscape.",1985,
لوج سيوة غاردنز,29.2030914,25.5251252,إقامة,"لوج سيوة غاردنز is a hotel and accommodation facility in Egypt, offering lodging services to travelers and tourists visiting the area.",1986,
فندق ريم الواحة,29.2055642,25.5347696,إقامة,"فندق ريم الواحة is a hotel and accommodation facility in Egypt, offering lodging services to travelers and tourists visiting the area.",1987,
فندق واحة سيوة,29.1895698,25.5167142,إقامة,"فندق واحة سيوة is a hotel and accommodation facility in Egypt, offering lodging services to travelers and tourists visiting the area.",1988,
لوج الباب إنشال,29.2016256,25.5199843,إقامة,"لوج الباب إنشال is a hotel and accommodation facility in Egypt, offering lodging services to travelers and tourists visiting the area.",1989,
لوج البيت السيوي,29.2016452,25.5182269,إقامة,"لوج البيت السيوي is a hotel and accommodation facility in Egypt, offering lodging services to travelers and tourists visiting the area.",1990,
بيت سيوة,29.2037725,25.518037,ثقافي,"بيت سيوة is a cultural institution in Egypt that preserves and presents aspects of Egyptian heritage, history, and artistic traditions for visitors and researchers alike.",1991,
Aman Ykden Camp (hot spring),29.1875942,25.5642416,أخرى,"Aman Ykden Camp (hot spring) is a point of interest in Egypt, contributing to the country's diverse cultural, historical, and natural landscape.",1992,
Top view desert stp,29.2013984,25.5162295,أخرى,"Top view desert stp is a point of interest in Egypt, contributing to the country's diverse cultural, historical, and natural landscape.",1993,
Abandoned village,29.2010884,25.5172107,أخرى,"Abandoned village is a point of interest in Egypt, contributing to the country's diverse cultural, historical, and natural landscape.",1994,
Cleopatra spring and coffee shops,29.1969863,25.5501993,أخرى,"Cleopatra spring and coffee shops is a point of interest in Egypt, contributing to the country's diverse cultural, historical, and natural landscape.",1995,
فندق النخيل,29.2011116,25.5220516,إقامة,"فندق النخيل is a hotel and accommodation facility in Egypt, offering lodging services to travelers and tourists visiting the area.",1996,
مخيم عثمان سيوة,29.168973,25.5586866,إقامة,"مخيم عثمان سيوة is a hotel and accommodation facility in Egypt, offering lodging services to travelers and tourists visiting the area.",1997,
Ruins,29.1877076,25.5513757,أخرى,"Ruins is a point of interest in Egypt, contributing to the country's diverse cultural, historical, and natural landscape.",1998,
Cleopatra Hotel,29.1983025,25.5203836,إقامة,"Cleopatra Hotel is a hotel and accommodation facility in Egypt, offering lodging services to travelers and tourists visiting the area.",1999,
Fahmi's Garden,29.1999289,25.5235718,إقامة,"Fahmi's Garden is a hotel and accommodation facility in Egypt, offering lodging services to travelers and tourists visiting the area.",2000,
فندق الكيلانى,29.2024857,25.5209425,إقامة,"فندق الكيلانى is a hotel and accommodation facility in Egypt, offering lodging services to travelers and tourists visiting the area.",2001,
Somewhere Different,29.2005673,25.5184267,إقامة,"Somewhere Different is a hotel and accommodation facility in Egypt, offering lodging services to travelers and tourists visiting the area.",2002,
All star siwa,29.2032536,25.5223638,أخرى,"All star siwa is a point of interest in Egypt, contributing to the country's diverse cultural, historical, and natural landscape.",2003,
No name camp,29.1263696,25.5503778,إقامة,"No name camp is a hotel and accommodation facility in Egypt, offering lodging services to travelers and tourists visiting the area.",2004,
Peak,29.1901647,25.5529148,أخرى,"Peak is a point of interest in Egypt, contributing to the country's diverse cultural, historical, and natural landscape.",2005,
Qasr El salam,29.2039186,25.508609,أخرى,"Qasr El salam is a point of interest in Egypt, contributing to the country's diverse cultural, historical, and natural landscape.",2006,
Sherif Sand Bath,29.185771,25.5460939,خدمات,Sherif Sand Bath is a service facility in Egypt that supports visitors and residents in the area.,2007,
Salt pool,29.203957,25.6147217,خدمات,Salt pool is a service facility in Egypt that supports visitors and residents in the area.,2008,
Olive garden house (real localisation),29.1969482,25.5382585,إقامة,"Olive garden house (real localisation) is a hotel and accommodation facility in Egypt, offering lodging services to travelers and tourists visiting the area.",2009,
Temple of Amun entrance way,29.2048989,25.5446872,ثقافي,"The entrance to the Temple of Amun at Karnak in Luxor marks the beginning of one of the world's greatest architectural complexes. The first pylon leads into a vast courtyard framed by sphinxes and obelisks, setting the stage for the magnificent interior halls beyond. The approach via the Avenue of Sphinxes once connected Karnak to Luxor Temple over 3 kilometers away.",2010,220.0
Hello Hostel,29.2009484,25.5180565,إقامة,"Hello Hostel is a hotel and accommodation facility in Egypt, offering lodging services to travelers and tourists visiting the area.",2011,
A&S,29.1867398,25.5235773,أخرى,"A&S is a point of interest in Egypt, contributing to the country's diverse cultural, historical, and natural landscape.",2012,
Muhra Camp Siwa,29.2023516,25.5192277,أخرى,"Muhra Camp Siwa is a point of interest in Egypt, contributing to the country's diverse cultural, historical, and natural landscape.",2013,
Forest Camp,29.205313,25.5227097,أخرى,"Forest Camp is a point of interest in Egypt, contributing to the country's diverse cultural, historical, and natural landscape.",2014,
Siwa Salt Lake Lodge,29.1845101,25.5852234,إقامة,"Siwa Salt Lake Lodge is a hotel and accommodation facility in Egypt, offering lodging services to travelers and tourists visiting the area.",2015,
أرمنا,22.416667,31.783333,أخرى,"أرمنا is a point of interest in Egypt, contributing to the country's diverse cultural, historical, and natural landscape.",2016,
رمسيس الثاني,22.3369929,31.6254825,ثقافي,"رمسيس الثاني is a cultural institution in Egypt that preserves and presents aspects of Egyptian heritage, history, and artistic traditions for visitors and researchers alike.",2017,
Hotel Nubiale,22.3416164,31.5804051,إقامة,"Hotel Nubiale is a hotel and accommodation facility in Egypt, offering lodging services to travelers and tourists visiting the area.",2018,
Eskaleh,22.3466269,31.6185819,إقامة,"Eskaleh is a hotel and accommodation facility in Egypt, offering lodging services to travelers and tourists visiting the area.",2019,
Seti Abu Simbel Lake Resort,22.3383217,31.6143878,إقامة,"Seti Abu Simbel Lake Resort is a hotel and accommodation facility in Egypt, offering lodging services to travelers and tourists visiting the area.",2020,
Abu Simble Village,22.3481955,31.6204689,إقامة,"Abu Simble Village is a hotel and accommodation facility in Egypt, offering lodging services to travelers and tourists visiting the area.",2021,
Tuya Hotel,22.3401516,31.6174118,إقامة,"Tuya Hotel is a hotel and accommodation facility in Egypt, offering lodging services to travelers and tourists visiting the area.",2022,
Kabbara Nubian House,22.3469702,31.6183919,إقامة,"Kabbara Nubian House is a hotel and accommodation facility in Egypt, offering lodging services to travelers and tourists visiting the area.",2023,
رمسيس الثاني,22.3369485,31.6254701,ثقافي,"رمسيس الثاني is a cultural institution in Egypt that preserves and presents aspects of Egyptian heritage, history, and artistic traditions for visitors and researchers alike.",2024,
رمسيس الثاني,22.3368379,31.625439,ثقافي,"رمسيس الثاني is a cultural institution in Egypt that preserves and presents aspects of Egyptian heritage, history, and artistic traditions for visitors and researchers alike.",2025,
رمسيس الثاني,22.3367883,31.6254251,ثقافي,"رمسيس الثاني is a cultural institution in Egypt that preserves and presents aspects of Egyptian heritage, history, and artistic traditions for visitors and researchers alike.",2026,
Abu Simbel Temples salvage documentation center,22.3401982,31.616622,ثقافي,"The Abu Simbel Temples Documentation Center records the extraordinary UNESCO-led operation (1964-1968) that saved the twin temples of Ramesses II and Nefertari from the rising waters of Lake Nasser. The center explains how 1,041 stone blocks weighing up to 30 tons each were cut, moved, and reassembled 65 meters higher than their original location. It stands as a landmark achievement in international heritage preservation.",2027,300.0
Hllol,22.3469728,31.616568,إقامة,"Hllol is a hotel and accommodation facility in Egypt, offering lodging services to travelers and tourists visiting the area.",2028,
Safari Abu Simbel,22.3468382,31.6133562,أخرى,"Safari Abu Simbel is a point of interest in Egypt, contributing to the country's diverse cultural, historical, and natural landscape.",2029,
Wawat,22.3506164,31.6090634,إقامة,"Wawat is a hotel and accommodation facility in Egypt, offering lodging services to travelers and tourists visiting the area.",2030,
Lara,28.0115059,34.4725796,أخرى,"Lara is a point of interest in Egypt, contributing to the country's diverse cultural, historical, and natural landscape.",2031,
Louilla,27.9895604,34.4535007,أخرى,"Louilla is a point of interest in Egypt, contributing to the country's diverse cultural, historical, and natural landscape.",2032,
Zouara hotel,28.0551203,34.4273143,إقامة,"Zouara hotel is a hotel and accommodation facility in Egypt, offering lodging services to travelers and tourists visiting the area.",2033,
Jaz Mirabel Club,28.0583383,34.4330119,إقامة,"Jaz Mirabel Club is a hotel and accommodation facility in Egypt, offering lodging services to travelers and tourists visiting the area.",2034,
Nubia Sharm,28.0555805,34.4342511,إقامة,"Nubia Sharm is a hotel and accommodation facility in Egypt, offering lodging services to travelers and tourists visiting the area.",2035,
Regency Plaza,28.0530976,34.4347883,إقامة,"Regency Plaza is a hotel and accommodation facility in Egypt, offering lodging services to travelers and tourists visiting the area.",2036,
Parrotel Beach Resort 5*,28.0256648,34.4367879,إقامة,"Parrotel Beach Resort 5* is a hotel and accommodation facility in Egypt, offering lodging services to travelers and tourists visiting the area.",2037,
Rehana Royal Beach - Aquapark & Spa,28.0201739,34.435883,إقامة,"Rehana Royal Beach - Aquapark & Spa is a hotel and accommodation facility in Egypt, offering lodging services to travelers and tourists visiting the area.",2038,
بالميرا رزورت,28.0115644,34.4313966,إقامة,"بالميرا رزورت is a hotel and accommodation facility in Egypt, offering lodging services to travelers and tourists visiting the area.",2039,
سنرايز آيلاند فيوو,27.9794625,34.4176167,إقامة,"سنرايز آيلاند فيوو is a hotel and accommodation facility in Egypt, offering lodging services to travelers and tourists visiting the area.",2040,
Tiran Island Hotel,27.9693101,34.4139006,إقامة,"Tiran Island Hotel is a hotel and accommodation facility in Egypt, offering lodging services to travelers and tourists visiting the area.",2041,
Hey Daroma,28.0567379,34.4482631,أخرى,"Hey Daroma is a point of interest in Egypt, contributing to the country's diverse cultural, historical, and natural landscape.",2042,
Million Hope,28.0563889,34.4491711,أخرى,"Million Hope is a point of interest in Egypt, contributing to the country's diverse cultural, historical, and natural landscape.",2043,
Kormoran,28.0166667,34.4933333,أخرى,"Kormoran is a point of interest in Egypt, contributing to the country's diverse cultural, historical, and natural landscape.",2044,
Baron Resort Sharm el Sheikh,27.9721705,34.4203386,إقامة,"Baron Resort Sharm el Sheikh is a hotel and accommodation facility in Egypt, offering lodging services to travelers and tourists visiting the area.",2045,
Gordon reef,27.9848747,34.4535967,أخرى,"Gordon reef is a point of interest in Egypt, contributing to the country's diverse cultural, historical, and natural landscape.",2046,
حطام طائر كالتالينا,28.0907417,34.6085674,أخرى,"حطام طائر كالتالينا is a point of interest in Egypt, contributing to the country's diverse cultural, historical, and natural landscape.",2047,
Baron Palms,27.9745694,34.4219549,إقامة,"Baron Palms is a hotel and accommodation facility in Egypt, offering lodging services to travelers and tourists visiting the area.",2048,
Sabena Pasadena 4*,28.0512453,34.4307571,إقامة,"Sabena Pasadena 4* is a hotel and accommodation facility in Egypt, offering lodging services to travelers and tourists visiting the area.",2049,
Coral Sea Resort,28.0472664,34.4335774,إقامة,"Coral Sea Resort is a hotel and accommodation facility in Egypt, offering lodging services to travelers and tourists visiting the area.",2050,
Albatros Laguna Vista B&G Hotels & Resorts,28.0426955,34.4312257,إقامة,"Albatros Laguna Vista B&G Hotels & Resorts is a hotel and accommodation facility in Egypt, offering lodging services to travelers and tourists visiting the area.",2051,
Oriental Resort,28.0447463,34.4317488,إقامة,"Oriental Resort is a hotel and accommodation facility in Egypt, offering lodging services to travelers and tourists visiting the area.",2052,
Club Magic Life,28.0321723,34.4379586,إقامة,"Club Magic Life is a hotel and accommodation facility in Egypt, offering lodging services to travelers and tourists visiting the area.",2053,
Coral Sea ___,28.0407005,34.4288029,إقامة,"Coral Sea ___ is a hotel and accommodation facility in Egypt, offering lodging services to travelers and tourists visiting the area.",2054,
El-hayat Sharm Resort,28.0392044,34.4288154,إقامة,"El-hayat Sharm Resort is a hotel and accommodation facility in Egypt, offering lodging services to travelers and tourists visiting the area.",2055,
Horizon Sharm Resort,28.0382637,34.4292768,إقامة,"Horizon Sharm Resort is a hotel and accommodation facility in Egypt, offering lodging services to travelers and tourists visiting the area.",2056,
Laguna Vista Garden,28.0429242,34.4288502,إقامة,"Laguna Vista Garden is a hotel and accommodation facility in Egypt, offering lodging services to travelers and tourists visiting the area.",2057,
Rixos Fun & Sun,28.0367512,34.4297034,إقامة,"Rixos Fun & Sun is a hotel and accommodation facility in Egypt, offering lodging services to travelers and tourists visiting the area.",2058,
Royal Savoy,27.9619929,34.3965694,إقامة,"Royal Savoy is a hotel and accommodation facility in Egypt, offering lodging services to travelers and tourists visiting the area.",2059,
Rixos Sharm El Sheikh Adult Friendly,28.030066,34.4363117,إقامة,"Rixos Sharm El Sheikh Adult Friendly is a hotel and accommodation facility in Egypt, offering lodging services to travelers and tourists visiting the area.",2060,
Steigenberger Alcazar,28.0611892,34.433541,إقامة,"Steigenberger Alcazar is a hotel and accommodation facility in Egypt, offering lodging services to travelers and tourists visiting the area.",2061,
Амфитеатр,27.973673,34.4221656,أخرى,"Амфитеатр is a point of interest in Egypt, contributing to the country's diverse cultural, historical, and natural landscape.",2062,
Concorde,27.9652796,34.397675,أخرى,"Concorde is a point of interest in Egypt, contributing to the country's diverse cultural, historical, and natural landscape.",2063,
Coral Sea Holiday Resort,28.0394468,34.4324143,أخرى,"Coral Sea Holiday Resort is a point of interest in Egypt, contributing to the country's diverse cultural, historical, and natural landscape.",2064,
Sea Beach Aqua Park Resort,28.0554133,34.4370745,إقامة,"Sea Beach Aqua Park Resort is a hotel and accommodation facility in Egypt, offering lodging services to travelers and tourists visiting the area.",2065,
Thomas reef,27.9921659,34.4614807,أخرى,"Thomas reef is a point of interest in Egypt, contributing to the country's diverse cultural, historical, and natural landscape.",2066,
Jackson reef,28.0059666,34.472557,أخرى,"Jackson reef is a point of interest in Egypt, contributing to the country's diverse cultural, historical, and natural landscape.",2067,
Soho Square,27.9627279,34.393915,أخرى,"Soho Square is a point of interest in Egypt, contributing to the country's diverse cultural, historical, and natural landscape.",2068,
"""Sharm Grand Plaza Resort""",28.0276222,34.4386961,إقامة,"""Sharm Grand Plaza Resort"" is a hotel and accommodation facility in Egypt, offering lodging services to travelers and tourists visiting the area.",2069,
Charmillion Club Aquapark,28.0089718,34.4263472,إقامة,"Charmillion Club Aquapark is a hotel and accommodation facility in Egypt, offering lodging services to travelers and tourists visiting the area.",2070,
Barcelo,28.0626032,34.4305301,إقامة,"Barcelo is a hotel and accommodation facility in Egypt, offering lodging services to travelers and tourists visiting the area.",2071,
Charmillion Sea Live Resort,27.9974376,34.4312435,إقامة,"Charmillion Sea Live Resort is a hotel and accommodation facility in Egypt, offering lodging services to travelers and tourists visiting the area.",2072,
Cleopatra Sharm Aquarium,28.0222617,34.4345185,إقامة,"Cleopatra Sharm Aquarium is a hotel and accommodation facility in Egypt, offering lodging services to travelers and tourists visiting the area.",2073,
Cleopatra Luxury Resort Collection,28.0216366,34.4370773,إقامة,"Cleopatra Luxury Resort Collection is a hotel and accommodation facility in Egypt, offering lodging services to travelers and tourists visiting the area.",2074,
Nubian Village,28.0234354,34.4363909,إقامة,"Nubian Village is a hotel and accommodation facility in Egypt, offering lodging services to travelers and tourists visiting the area.",2075,
Jackson Reef dive,28.0037593,34.472943,أخرى,"Jackson Reef dive is a point of interest in Egypt, contributing to the country's diverse cultural, historical, and natural landscape.",2076,
Jackson Reef dive,28.0043335,34.4721127,أخرى,"Jackson Reef dive is a point of interest in Egypt, contributing to the country's diverse cultural, historical, and natural landscape.",2077,
Gordon Reef Dive,27.9855413,34.457278,أخرى,"Gordon Reef Dive is a point of interest in Egypt, contributing to the country's diverse cultural, historical, and natural landscape.",2078,
Ras Bob Dive,27.9628525,34.4114689,أخرى,"Ras Bob Dive is a point of interest in Egypt, contributing to the country's diverse cultural, historical, and natural landscape.",2079,
Adrenaline Beach Lodge,27.9634552,34.408614,إقامة,"Adrenaline Beach Lodge is a hotel and accommodation facility in Egypt, offering lodging services to travelers and tourists visiting the area.",2080,
Siva Sharm Resort & Spa,27.9640888,34.4041196,إقامة,"Siva Sharm Resort & Spa is a hotel and accommodation facility in Egypt, offering lodging services to travelers and tourists visiting the area.",2081,
Cyrene Sharm Hotel,27.9808798,34.4178396,إقامة,"Cyrene Sharm Hotel is a hotel and accommodation facility in Egypt, offering lodging services to travelers and tourists visiting the area.",2082,
36,28.0382254,34.4055195,أخرى,"36 is a point of interest in Egypt, contributing to the country's diverse cultural, historical, and natural landscape.",2083,
9B,28.0257909,34.4410471,أخرى,"9B is a point of interest in Egypt, contributing to the country's diverse cultural, historical, and natural landscape.",2084,
Egypt landmarks,28.0256355,34.4373358,ثقافي,"Egypt landmarks is a cultural institution in Egypt that preserves and presents aspects of Egyptian heritage, history, and artistic traditions for visitors and researchers alike.",2085,
Amphitheatre,28.0257268,34.4395863,أخرى,"Amphitheatre is a point of interest in Egypt, contributing to the country's diverse cultural, historical, and natural landscape.",2086,
مبيت يوم ٢٥ يناير ٢٠١٧,30.2934693,33.966532,أخرى,"مبيت يوم ٢٥ يناير ٢٠١٧ is a point of interest in Egypt, contributing to the country's diverse cultural, historical, and natural landscape.",2087,
وادى السعايده ام درب,30.5723363,34.3564068,إقامة,"وادى السعايده ام درب is a hotel and accommodation facility in Egypt, offering lodging services to travelers and tourists visiting the area.",2088,
كمين ٢ ثلمه الفرس,30.5198553,34.3464735,إقامة,"كمين ٢ ثلمه الفرس is a hotel and accommodation facility in Egypt, offering lodging services to travelers and tourists visiting the area.",2089,
كمين وادى الجرور ٣,30.4903019,34.3449605,إقامة,"كمين وادى الجرور ٣ is a hotel and accommodation facility in Egypt, offering lodging services to travelers and tourists visiting the area.",2090,
كمين شرق الريشه,30.4435806,34.3599075,إقامة,"كمين شرق الريشه is a hotel and accommodation facility in Egypt, offering lodging services to travelers and tourists visiting the area.",2091,
كمين بير,30.4861157,34.1145845,إقامة,"كمين بير is a hotel and accommodation facility in Egypt, offering lodging services to travelers and tourists visiting the area.",2092,
عين الغديرات,30.650312,34.3723227,إقامة,"عين الغديرات is a hotel and accommodation facility in Egypt, offering lodging services to travelers and tourists visiting the area.",2093,
كمين ٢٠ جنوب القصيمه,30.6475798,34.3753274,إقامة,"كمين ٢٠ جنوب القصيمه is a hotel and accommodation facility in Egypt, offering lodging services to travelers and tourists visiting the area.",2094,
وادى الساعيده,30.5829771,34.3585474,إقامة,"وادى الساعيده is a hotel and accommodation facility in Egypt, offering lodging services to travelers and tourists visiting the area.",2095,
كمين رقم ١ وادى السعايده,30.5739358,34.3567233,إقامة,"كمين رقم ١ وادى السعايده is a hotel and accommodation facility in Egypt, offering lodging services to travelers and tourists visiting the area.",2096,
ثلمه الفرس,30.5220421,34.3371058,إقامة,"ثلمه الفرس is a hotel and accommodation facility in Egypt, offering lodging services to travelers and tourists visiting the area.",2097,
طريق وادى لصان,30.3712636,34.3994856,إقامة,"طريق وادى لصان is a hotel and accommodation facility in Egypt, offering lodging services to travelers and tourists visiting the area.",2098,
كمين,30.5557374,34.1978835,إقامة,"كمين is a hotel and accommodation facility in Egypt, offering lodging services to travelers and tourists visiting the area.",2099,
كمين,30.5113501,34.1788156,إقامة,"كمين is a hotel and accommodation facility in Egypt, offering lodging services to travelers and tourists visiting the area.",2100,
كمين يو ان,30.4903584,34.1229136,إقامة,"كمين يو ان is a hotel and accommodation facility in Egypt, offering lodging services to travelers and tourists visiting the area.",2101,
كمين ك ٢٦٢,30.5874334,34.2536199,إقامة,"كمين ك ٢٦٢ is a hotel and accommodation facility in Egypt, offering lodging services to travelers and tourists visiting the area.",2102,
كمين ٨٢ mfo,30.6243354,34.3722808,إقامة,"كمين ٨٢ mfo is a hotel and accommodation facility in Egypt, offering lodging services to travelers and tourists visiting the area.",2103,
كمين ثلمه الفرس,30.5233082,34.3444739,إقامة,"كمين ثلمه الفرس is a hotel and accommodation facility in Egypt, offering lodging services to travelers and tourists visiting the area.",2104,
جبل ام فروت,30.3672829,34.3968872,إقامة,"جبل ام فروت is a hotel and accommodation facility in Egypt, offering lodging services to travelers and tourists visiting the area.",2105,
جبل الابيض,30.7059034,34.297368,إقامة,"جبل الابيض is a hotel and accommodation facility in Egypt, offering lodging services to travelers and tourists visiting the area.",2106,
مدخل المنبطح,30.7153563,34.2520164,إقامة,"مدخل المنبطح is a hotel and accommodation facility in Egypt, offering lodging services to travelers and tourists visiting the area.",2107,
كمين بير بدا ١,30.368034,34.3939627,إقامة,"كمين بير بدا ١ is a hotel and accommodation facility in Egypt, offering lodging services to travelers and tourists visiting the area.",2108,
طريق الجايفه,30.6024395,34.3631101,إقامة,"طريق الجايفه is a hotel and accommodation facility in Egypt, offering lodging services to travelers and tourists visiting the area.",2109,
كمين ثلمه الفرس ٢,30.520974,34.3404169,إقامة,"كمين ثلمه الفرس ٢ is a hotel and accommodation facility in Egypt, offering lodging services to travelers and tourists visiting the area.",2110,
كمين ثلمه الفرس ٢,30.5237004,34.3428406,إقامة,"كمين ثلمه الفرس ٢ is a hotel and accommodation facility in Egypt, offering lodging services to travelers and tourists visiting the area.",2111,
مدخل الكمين وادى الجرور,30.4965026,34.3437034,إقامة,"مدخل الكمين وادى الجرور is a hotel and accommodation facility in Egypt, offering lodging services to travelers and tourists visiting the area.",2112,
مقتل الحصان منطقه عبوات,30.6961897,34.3068964,إقامة,"مقتل الحصان منطقه عبوات is a hotel and accommodation facility in Egypt, offering lodging services to travelers and tourists visiting the area.",2113,
معسكر القسيمه,30.6845251,34.3357017,إقامة,"معسكر القسيمه is a hotel and accommodation facility in Egypt, offering lodging services to travelers and tourists visiting the area.",2114,
عين الغديرات,30.6516862,34.3878326,إقامة,"عين الغديرات is a hotel and accommodation facility in Egypt, offering lodging services to travelers and tourists visiting the area.",2115,
كمين,30.6504673,34.3458709,إقامة,"كمين is a hotel and accommodation facility in Egypt, offering lodging services to travelers and tourists visiting the area.",2116,
كمين شرق الريشه ٤,30.4439003,34.3608791,إقامة,"كمين شرق الريشه ٤ is a hotel and accommodation facility in Egypt, offering lodging services to travelers and tourists visiting the area.",2117,
بئر الجايفه,30.5856637,34.3737458,إقامة,"بئر الجايفه is a hotel and accommodation facility in Egypt, offering lodging services to travelers and tourists visiting the area.",2118,
مدخل الجايفه,30.6324679,34.3756937,إقامة,"مدخل الجايفه is a hotel and accommodation facility in Egypt, offering lodging services to travelers and tourists visiting the area.",2119,
كمين وادى لصان جبالى ١٤٥ ك ٣٣,30.4324195,34.3774611,إقامة,"كمين وادى لصان جبالى ١٤٥ ك ٣٣ is a hotel and accommodation facility in Egypt, offering lodging services to travelers and tourists visiting the area.",2120,
معهد المنبطح الازهرى,30.6539678,34.227847,إقامة,"معهد المنبطح الازهرى is a hotel and accommodation facility in Egypt, offering lodging services to travelers and tourists visiting the area.",2121,
كمين mfo,30.490527,34.1227324,إقامة,"كمين mfo is a hotel and accommodation facility in Egypt, offering lodging services to travelers and tourists visiting the area.",2122,
سريه التدخل السريع ٢٤١,30.7146993,34.1915312,إقامة,"سريه التدخل السريع ٢٤١ is a hotel and accommodation facility in Egypt, offering lodging services to travelers and tourists visiting the area.",2123,
كمين الضيقه ١٤,30.6916731,34.1526217,إقامة,"كمين الضيقه ١٤ is a hotel and accommodation facility in Egypt, offering lodging services to travelers and tourists visiting the area.",2124,
الضيقه تدخل سريع,30.6807409,34.1476869,إقامة,"الضيقه تدخل سريع is a hotel and accommodation facility in Egypt, offering lodging services to travelers and tourists visiting the area.",2125,
مدخل شعوب الصابحه,30.6747736,34.3596837,إقامة,"مدخل شعوب الصابحه is a hotel and accommodation facility in Egypt, offering lodging services to travelers and tourists visiting the area.",2126,
قاعده دوريات شعرب الصابحه ١٣٣,30.7174382,34.3515192,إقامة,"قاعده دوريات شعرب الصابحه ١٣٣ is a hotel and accommodation facility in Egypt, offering lodging services to travelers and tourists visiting the area.",2127,
كمين الجرور ١ داخلى ك ٣٣,30.4994197,34.3435626,إقامة,"كمين الجرور ١ داخلى ك ٣٣ is a hotel and accommodation facility in Egypt, offering lodging services to travelers and tourists visiting the area.",2128,
كمين وادى الجرور جب,30.4579726,34.3492146,إقامة,"كمين وادى الجرور جب is a hotel and accommodation facility in Egypt, offering lodging services to travelers and tourists visiting the area.",2129,
كمين مطلع بئر بدا داخلى ك ٣٣,30.4020598,34.3892724,إقامة,"كمين مطلع بئر بدا داخلى ك ٣٣ is a hotel and accommodation facility in Egypt, offering lodging services to travelers and tourists visiting the area.",2130,
مدق,30.7181,34.3833951,إقامة,"مدق is a hotel and accommodation facility in Egypt, offering lodging services to travelers and tourists visiting the area.",2131,
مدخل وادى لصان,30.4191843,34.3799862,إقامة,"مدخل وادى لصان is a hotel and accommodation facility in Egypt, offering lodging services to travelers and tourists visiting the area.",2132,
مركز شباب المنبطح,30.6493179,34.228303,إقامة,"مركز شباب المنبطح is a hotel and accommodation facility in Egypt, offering lodging services to travelers and tourists visiting the area.",2133,
مدخل شجره التين,30.7036102,34.2986676,إقامة,"مدخل شجره التين is a hotel and accommodation facility in Egypt, offering lodging services to travelers and tourists visiting the area.",2134,
مركز موانع الضيقه,30.716222,34.1408685,إقامة,"مركز موانع الضيقه is a hotel and accommodation facility in Egypt, offering lodging services to travelers and tourists visiting the area.",2135,
كمين غرب القصيمه ٢٥,30.6503543,34.3459121,إقامة,"كمين غرب القصيمه ٢٥ is a hotel and accommodation facility in Egypt, offering lodging services to travelers and tourists visiting the area.",2136,
كمين طلعه البدن,30.4866224,34.1149489,إقامة,"كمين طلعه البدن is a hotel and accommodation facility in Egypt, offering lodging services to travelers and tourists visiting the area.",2137,
قاعده دوريات التدخل السريع,30.4578414,34.3493275,إقامة,"قاعده دوريات التدخل السريع is a hotel and accommodation facility in Egypt, offering lodging services to travelers and tourists visiting the area.",2138,
مكان مخلفات حروب,30.7123134,34.4084102,إقامة,"مكان مخلفات حروب is a hotel and accommodation facility in Egypt, offering lodging services to travelers and tourists visiting the area.",2139,
كمين مدخل الجايفه داخلى ك ٣٣,30.6152998,34.3580294,إقامة,"كمين مدخل الجايفه داخلى ك ٣٣ is a hotel and accommodation facility in Egypt, offering lodging services to travelers and tourists visiting the area.",2140,
كمين السيسب ١ ك ٣٣ داخلى,30.5822868,34.3588903,إقامة,"كمين السيسب ١ ك ٣٣ داخلى is a hotel and accommodation facility in Egypt, offering lodging services to travelers and tourists visiting the area.",2141,
كمين السيسب ٢ داخلى ك ٣٣,30.5741491,34.3567076,إقامة,"كمين السيسب ٢ داخلى ك ٣٣ is a hotel and accommodation facility in Egypt, offering lodging services to travelers and tourists visiting the area.",2142,
מצפור הר חזקיהו,29.64351,34.8786466,أخرى,"מצפור הר חזקיהו is a point of interest in Egypt, contributing to the country's diverse cultural, historical, and natural landscape.",2143,
צוקי גשרון,29.5444832,34.8867073,أخرى,"צוקי גשרון is a point of interest in Egypt, contributing to the country's diverse cultural, historical, and natural landscape.",2144,
ספריית שביל ישראל,29.5878322,34.8862133,أخرى,"ספריית שביל ישראל is a point of interest in Egypt, contributing to the country's diverse cultural, historical, and natural landscape.",2145,
מלכודת נמרים,29.5866169,34.8747113,أخرى,"מלכודת נמרים is a point of interest in Egypt, contributing to the country's diverse cultural, historical, and natural landscape.",2146,
מצפה נחל גשרון,29.5774806,34.8769874,أخرى,"מצפה נחל גשרון is a point of interest in Egypt, contributing to the country's diverse cultural, historical, and natural landscape.",2147,
מצפור יהושפט,29.5596851,34.8857973,أخرى,"מצפור יהושפט is a point of interest in Egypt, contributing to the country's diverse cultural, historical, and natural landscape.",2148,
הר נשף,29.6659067,34.8659655,أخرى,"הר נשף is a point of interest in Egypt, contributing to the country's diverse cultural, historical, and natural landscape.",2149,
אתר גלישה נחל יהושפט,29.5500736,34.8904305,أخرى,"אתר גלישה נחל יהושפט is a point of interest in Egypt, contributing to the country's diverse cultural, historical, and natural landscape.",2150,
Egupt fjord,29.4331521,34.8290417,أخرى,"Egupt fjord is a point of interest in Egypt, contributing to the country's diverse cultural, historical, and natural landscape.",2151,
מצפה הר יהורם,29.5878776,34.8975156,أخرى,"מצפה הר יהורם is a point of interest in Egypt, contributing to the country's diverse cultural, historical, and natural landscape.",2152,
אוכף שלמה-יהורם,29.5862255,34.8983047,خدمات,אוכף שלמה-יהורם is a service facility in Egypt that supports visitors and residents in the area.,2153,
מוצב ישן,29.5896991,34.8894032,أخرى,"מוצב ישן is a point of interest in Egypt, contributing to the country's diverse cultural, historical, and natural landscape.",2154,
תצפית צוקי גשרון,29.5313105,34.8858664,أخرى,"תצפית צוקי גשרון is a point of interest in Egypt, contributing to the country's diverse cultural, historical, and natural landscape.",2155,
ראש מעלה בולבוסים,29.5289799,34.8956146,أخرى,"ראש מעלה בולבוסים is a point of interest in Egypt, contributing to the country's diverse cultural, historical, and natural landscape.",2156,
חניון לילה נחל שלמה,29.5652316,34.8934636,إقامة,"חניון לילה נחל שלמה is a hotel and accommodation facility in Egypt, offering lodging services to travelers and tourists visiting the area.",2157,
אוכף המילניום,29.5862184,34.898299,أخرى,"אוכף המילניום is a point of interest in Egypt, contributing to the country's diverse cultural, historical, and natural landscape.",2158,
צוק שלו,29.5301364,34.8917553,أخرى,"צוק שלו is a point of interest in Egypt, contributing to the country's diverse cultural, historical, and natural landscape.",2159,
Psenemphaia,30.9631008,30.1745527,تاريخي,Psenemphaia is an ancient Egyptian historical site that forms part of Egypt's extraordinary archaeological heritage. The site offers visitors a direct connection to the civilization that built one of the greatest empires of the ancient world.,2160,
قرية الاسد,30.8204273,29.9227654,أخرى,"قرية الاسد is a point of interest in Egypt, contributing to the country's diverse cultural, historical, and natural landscape.",2161,
عيت عادل,30.8298869,30.3430946,أخرى,"عيت عادل is a point of interest in Egypt, contributing to the country's diverse cultural, historical, and natural landscape.",2162,
منزل هاني عوض,30.8348845,30.3438795,إقامة,"منزل هاني عوض is a hotel and accommodation facility in Egypt, offering lodging services to travelers and tourists visiting the area.",2163,
عيت علي ابوسيف,30.8407868,30.3430599,أخرى,"عيت علي ابوسيف is a point of interest in Egypt, contributing to the country's diverse cultural, historical, and natural landscape.",2164,
عيت صالح,30.8299449,30.3433808,أخرى,"عيت صالح is a point of interest in Egypt, contributing to the country's diverse cultural, historical, and natural landscape.",2165,
عيت عوض صالح,30.8171487,30.3363422,إقامة,"عيت عوض صالح is a hotel and accommodation facility in Egypt, offering lodging services to travelers and tourists visiting the area.",2166,
منزل الحاج ماهر سعيد,30.833453,29.9091723,أخرى,"منزل الحاج ماهر سعيد is a point of interest in Egypt, contributing to the country's diverse cultural, historical, and natural landscape.",2167,
شقة صالح عادل,30.9051588,30.1812333,إقامة,"شقة صالح عادل is a hotel and accommodation facility in Egypt, offering lodging services to travelers and tourists visiting the area.",2168,
موقف المسيري,30.9845887,29.9758659,أخرى,"موقف المسيري is a point of interest in Egypt, contributing to the country's diverse cultural, historical, and natural landscape.",2169,
Shaab Maksour South,24.238811,35.6542264,أخرى,"Shaab Maksour South is a point of interest in Egypt, contributing to the country's diverse cultural, historical, and natural landscape.",2170,
Abu Galawa Soraya,24.2520395,35.5407835,أخرى,"Abu Galawa Soraya is a point of interest in Egypt, contributing to the country's diverse cultural, historical, and natural landscape.",2171,
Gota Sataia 1,24.1853193,35.6514175,أخرى,"Gota Sataia 1 is a point of interest in Egypt, contributing to the country's diverse cultural, historical, and natural landscape.",2172,
Gota Sataia 2,24.1978179,35.6528478,أخرى,"Gota Sataia 2 is a point of interest in Egypt, contributing to the country's diverse cultural, historical, and natural landscape.",2173,
Shaab Claudio,24.2201005,35.6120577,أخرى,"Shaab Claudio is a point of interest in Egypt, contributing to the country's diverse cultural, historical, and natural landscape.",2174,
Shaab Said South,24.2623827,35.5161726,أخرى,"Shaab Said South is a point of interest in Egypt, contributing to the country's diverse cultural, historical, and natural landscape.",2175,
Shaab Said North,24.2681362,35.5118303,أخرى,"Shaab Said North is a point of interest in Egypt, contributing to the country's diverse cultural, historical, and natural landscape.",2176,
Shaab Maksour North,24.2422132,35.6498051,أخرى,"Shaab Maksour North is a point of interest in Egypt, contributing to the country's diverse cultural, historical, and natural landscape.",2177,
Abu Galawa Soraya,24.2541166,35.5404,أخرى,"Abu Galawa Soraya is a point of interest in Egypt, contributing to the country's diverse cultural, historical, and natural landscape.",2178,
Abu Galawa Kebir,24.2286658,35.5727769,أخرى,"Abu Galawa Kebir is a point of interest in Egypt, contributing to the country's diverse cultural, historical, and natural landscape.",2179,
Adantia K.,24.20885,35.56045,أخرى,"Adantia K. is a point of interest in Egypt, contributing to the country's diverse cultural, historical, and natural landscape.",2180,
KiteVillage Hamata,24.2969378,35.3628157,إقامة,"KiteVillage Hamata is a hotel and accommodation facility in Egypt, offering lodging services to travelers and tourists visiting the area.",2181,
Wadi El Gemal National Park,24.3096302,35.3075152,أخرى,"Wadi El Gemal National Park is a point of interest in Egypt, contributing to the country's diverse cultural, historical, and natural landscape.",2182,
Hamata,24.2959492,35.367614,أخرى,"Hamata is a point of interest in Egypt, contributing to the country's diverse cultural, historical, and natural landscape.",2183,
Base Quota 33,30.9047878,28.8356114,أخرى,"Base Quota 33 is a point of interest in Egypt, contributing to the country's diverse cultural, historical, and natural landscape.",2184,
Sacrario Italiano di Tell-El-Eisa,30.9041275,28.8398089,أخرى,"Sacrario Italiano di Tell-El-Eisa is a point of interest in Egypt, contributing to the country's diverse cultural, historical, and natural landscape.",2185,
Italian World War II Tombs,30.9011601,28.8370063,أخرى,Italian World War II Tombs is an ancient Egyptian historical site that forms part of Egypt's extraordinary archaeological heritage. The site offers visitors a direct connection to the civilization that built one of the greatest empires of the ancient world.,2186,
Charme Life Hotel,31.0351102,28.592087,إقامة,"Charme Life Hotel is a hotel and accommodation facility in Egypt, offering lodging services to travelers and tourists visiting the area.",2187,
بلو فالى,30.8970034,28.8414841,أخرى,"بلو فالى is a point of interest in Egypt, contributing to the country's diverse cultural, historical, and natural landscape.",2188,
Gewan White Beach Resort  New Alamein,30.9196239,28.8349716,إقامة,"Gewan White Beach Resort  New Alamein is a hotel and accommodation facility in Egypt, offering lodging services to travelers and tourists visiting the area.",2189,
Vida,30.9645786,28.7635725,إقامة,"Vida is a hotel and accommodation facility in Egypt, offering lodging services to travelers and tourists visiting the area.",2190,
سباق قاسي حصاد,30.9910978,28.665613,أخرى,"سباق قاسي حصاد is a point of interest in Egypt, contributing to the country's diverse cultural, historical, and natural landscape.",2191,
قطار سريع,26.6594047,31.278956,ثقافي,"قطار سريع is a cultural institution in Egypt that preserves and presents aspects of Egyptian heritage, history, and artistic traditions for visitors and researchers alike.",2192,
قطار سريع سوهاج,26.6594415,31.2790232,ثقافي,"قطار سريع سوهاج is a cultural institution in Egypt that preserves and presents aspects of Egyptian heritage, history, and artistic traditions for visitors and researchers alike.",2193,
Shaabruhr Umm Gamar,27.1925,33.9091666,أخرى,"Shaabruhr Umm Gamar is a point of interest in Egypt, contributing to the country's diverse cultural, historical, and natural landscape.",2194,
ENP,26.7975372,33.9408016,ثقافي,"ENP is a cultural institution in Egypt that preserves and presents aspects of Egyptian heritage, history, and artistic traditions for visitors and researchers alike.",2195,
Reception,26.9967956,33.8977451,خدمات,Reception is a service facility in Egypt that supports visitors and residents in the area.,2196,
Jaz Makadina,26.991464,33.898758,إقامة,"Jaz Makadina is a hotel and accommodation facility in Egypt, offering lodging services to travelers and tourists visiting the area.",2197,
Sunwing Makadi Waterworld,27.0001611,33.9079429,إقامة,"Sunwing Makadi Waterworld is a hotel and accommodation facility in Egypt, offering lodging services to travelers and tourists visiting the area.",2198,
Gotta Abu Ramada Dive Site,27.1389632,33.9539248,أخرى,"Gotta Abu Ramada Dive Site is a point of interest in Egypt, contributing to the country's diverse cultural, historical, and natural landscape.",2199,
Shisha Corner,26.9817257,33.9131382,أخرى,"Shisha Corner is a point of interest in Egypt, contributing to the country's diverse cultural, historical, and natural landscape.",2200,
Palm De Soma,26.8334528,33.942007,إقامة,"Palm De Soma is a hotel and accommodation facility in Egypt, offering lodging services to travelers and tourists visiting the area.",2201,
Steigenberger Makadi Golf Hotel,26.9841223,33.8872713,إقامة,"Steigenberger Makadi Golf Hotel is a hotel and accommodation facility in Egypt, offering lodging services to travelers and tourists visiting the area.",2202,
Makadi Heights Hotel,26.9622501,33.8831772,إقامة,"Makadi Heights Hotel is a hotel and accommodation facility in Egypt, offering lodging services to travelers and tourists visiting the area.",2203,
Sheraton Soma Bay Resort,26.8460642,33.9968066,إقامة,"Sheraton Soma Bay Resort is a hotel and accommodation facility in Egypt, offering lodging services to travelers and tourists visiting the area.",2204,
Tropitel Sahl Hasheesh,27.0198048,33.890404,إقامة,"Tropitel Sahl Hasheesh is a hotel and accommodation facility in Egypt, offering lodging services to travelers and tourists visiting the area.",2205,
The Makadi Palace Hotel,27.0020528,33.9071781,إقامة,"The Makadi Palace Hotel is a hotel and accommodation facility in Egypt, offering lodging services to travelers and tourists visiting the area.",2206,
Xanadu Makadi Bay,26.9954006,33.8922692,إقامة,"Xanadu Makadi Bay is a hotel and accommodation facility in Egypt, offering lodging services to travelers and tourists visiting the area.",2207,
Amphitheater,26.9840614,33.9127766,أخرى,"Amphitheater is a point of interest in Egypt, contributing to the country's diverse cultural, historical, and natural landscape.",2208,
Red Sea Fishes,26.9895392,33.9066525,خدمات,Red Sea Fishes is a service facility in Egypt that supports visitors and residents in the area.,2209,
WYTE Soma Beach Club,26.8550731,33.977513,أخرى,"WYTE Soma Beach Club is a point of interest in Egypt, contributing to the country's diverse cultural, historical, and natural landscape.",2210,
WYTE Soma Beach Club,26.8552993,33.9776283,أخرى,"WYTE Soma Beach Club is a point of interest in Egypt, contributing to the country's diverse cultural, historical, and natural landscape.",2211,
بوابة السلوم الاخيرة,31.514551,25.2015477,أخرى,"بوابة السلوم الاخيرة is a point of interest in Egypt, contributing to the country's diverse cultural, historical, and natural landscape.",2212,
سيدي سعد,31.5100816,25.1054574,أخرى,"سيدي سعد is a point of interest in Egypt, contributing to the country's diverse cultural, historical, and natural landscape.",2213,
موقع المناوشات المصرية الليبية,31.5782915,25.0723284,أخرى,"موقع المناوشات المصرية الليبية is a point of interest in Egypt, contributing to the country's diverse cultural, historical, and natural landscape.",2214,
Gerf Hussein,23.2833,32.9,أخرى,"Gerf Hussein is a point of interest in Egypt, contributing to the country's diverse cultural, historical, and natural landscape.",2215,
Ikhmindi,23.0200187,32.6376268,تاريخي,Ikhmindi is an ancient Egyptian historical site that forms part of Egypt's extraordinary archaeological heritage. The site offers visitors a direct connection to the civilization that built one of the greatest empires of the ancient world.,2216,
غرفة ٢ على خط كنز,30.6532642,26.8467034,أخرى,"غرفة ٢ على خط كنز is a point of interest in Egypt, contributing to the country's diverse cultural, historical, and natural landscape.",2217,
Qasr Qarun Temple,29.4058239,30.4182727,تاريخي,"Qasr Qarun Temple in the Faiyum Oasis is a remarkably preserved Greco-Roman temple dedicated to the crocodile god Sobek, built during the reign of Ptolemy II around 250 BCE. The temple's mud-brick enclosure wall and stone sanctuary with its intricate multi-story interior corridors are exceptionally well-preserved. The site overlooks the ancient Lake Moeris, once one of Egypt's most fertile agricultural regions.",2218,60.0
Wadi el-Hudi,23.9615737,33.1312612,تاريخي,Wadi el-Hudi is an ancient Egyptian historical site that forms part of Egypt's extraordinary archaeological heritage. The site offers visitors a direct connection to the civilization that built one of the greatest empires of the ancient world.,2219,
Buto,31.1963959,30.7444913,تاريخي,Buto is an ancient Egyptian historical site that forms part of Egypt's extraordinary archaeological heritage. The site offers visitors a direct connection to the civilization that built one of the greatest empires of the ancient world.,2220,
منزل الامصيلى,31.4036413,30.4196779,أخرى,"منزل الامصيلى is a point of interest in Egypt, contributing to the country's diverse cultural, historical, and natural landscape.",2221,
البيت,31.3914584,30.4195006,أخرى,"البيت is a point of interest in Egypt, contributing to the country's diverse cultural, historical, and natural landscape.",2222,
متحف رشيد,31.4048922,30.4221213,ثقافي,متحف رشيد (رشيد) يقع في مدينة رشيد التاريخية على مصب النيل. يحتل مبنى قيلاني الأثري ويستضيف مجموعة من القطع الأثرية تستعيد ذكرى اكتشاف حجر رشيد الشهير الذي فتح أبواب فهم الهيروغليفية. تُعدّ رشيد نفسها مدينة عثمانية محفوظة بمبانيها الطوبية الجميلة.,2223,80.0
مسجد زغلول,31.3989107,30.4216839,أخرى,مسجد زغلول is a mosque serving the local Muslim community and representing Egypt's Islamic architectural heritage. Egypt's mosques range from medieval masterpieces to modern places of worship.,2224,
تل البهنسا,28.5425,30.650278,أخرى,"تل البهنسا is a point of interest in Egypt, contributing to the country's diverse cultural, historical, and natural landscape.",2225,
إستراحة دير صموئيل,28.716111,30.669167,إقامة,"إستراحة دير صموئيل is a hotel and accommodation facility in Egypt, offering lodging services to travelers and tourists visiting the area.",2226,
علم الغليون,28.9419001,30.45416,خارجي وطبيعي,"علم الغليون is an outdoor natural or recreational area in Egypt, offering visitors the opportunity to experience the country's diverse landscapes from the Nile Valley to the desert and Mediterranean coast.",2227,
الموقف,28.6934522,30.7677295,أخرى,"الموقف is a point of interest in Egypt, contributing to the country's diverse cultural, historical, and natural landscape.",2228,
نجع عبد جادالله السعيطي,28.841505,30.778626,أخرى,"نجع عبد جادالله السعيطي is a point of interest in Egypt, contributing to the country's diverse cultural, historical, and natural landscape.",2229,
نجع عبد جادالله السعيطي,28.841436,30.7784842,أخرى,"نجع عبد جادالله السعيطي is a point of interest in Egypt, contributing to the country's diverse cultural, historical, and natural landscape.",2230,
عزبة مصطفى آغا,28.8986833,30.9044052,أخرى,"عزبة مصطفى آغا is a point of interest in Egypt, contributing to the country's diverse cultural, historical, and natural landscape.",2231,
مصطفى آغا,28.9026015,30.9049426,أخرى,"مصطفى آغا is a point of interest in Egypt, contributing to the country's diverse cultural, historical, and natural landscape.",2232,
مصطفى آغا,28.903696,30.90536,أخرى,"مصطفى آغا is a point of interest in Egypt, contributing to the country's diverse cultural, historical, and natural landscape.",2233,
مصطفى آغا,28.9013666,30.9043806,أخرى,"مصطفى آغا is a point of interest in Egypt, contributing to the country's diverse cultural, historical, and natural landscape.",2234,
شنرا الفشن بني سويف,28.7874965,30.7730662,ثقافي,"شنرا الفشن بني سويف is a cultural institution in Egypt that preserves and presents aspects of Egyptian heritage, history, and artistic traditions for visitors and researchers alike.",2235,
Ain elHamra,30.393137,30.3353781,إقامة,"Ain elHamra is a hotel and accommodation facility in Egypt, offering lodging services to travelers and tourists visiting the area.",2236,
Large Temple at Sikait,24.6308553,34.7970383,أخرى,"Large Temple at Sikait is an ancient Egyptian temple site representing the country's rich religious and architectural heritage. These sacred spaces served as centers of worship, ritual, and economic activity in the ancient world.",2237,
Temple,24.628616,34.7966774,أخرى,"Temple is an ancient Egyptian temple site representing the country's rich religious and architectural heritage. These sacred spaces served as centers of worship, ritual, and economic activity in the ancient world.",2238,
حمل باسم,24.9619259,34.4785693,أخرى,"حمل باسم is a point of interest in Egypt, contributing to the country's diverse cultural, historical, and natural landscape.",2239,
وحدة الرديسية,24.9206811,32.8807545,إقامة,"وحدة الرديسية is a hotel and accommodation facility in Egypt, offering lodging services to travelers and tourists visiting the area.",2240,
م ادفو العام,24.9619559,32.8687688,إقامة,"م ادفو العام is a hotel and accommodation facility in Egypt, offering lodging services to travelers and tourists visiting the area.",2241,
وحدة القنادله,24.9424849,32.8584823,إقامة,"وحدة القنادله is a hotel and accommodation facility in Egypt, offering lodging services to travelers and tourists visiting the area.",2242,
Happy Land Hotel,24.9906178,32.8895655,إقامة,"Happy Land Hotel is a hotel and accommodation facility in Egypt, offering lodging services to travelers and tourists visiting the area.",2243,
Hotel Diamond also known as Massa,24.977658,32.8757279,إقامة,"Hotel Diamond also known as Massa is a hotel and accommodation facility in Egypt, offering lodging services to travelers and tourists visiting the area.",2244,
Hotel Amoun,24.9763719,32.8764355,إقامة,"Hotel Amoun is a hotel and accommodation facility in Egypt, offering lodging services to travelers and tourists visiting the area.",2245,
تمثال حورس,24.9778771,32.8734528,ثقافي,"تمثال حورس is a cultural institution in Egypt that preserves and presents aspects of Egyptian heritage, history, and artistic traditions for visitors and researchers alike.",2246,
تمثال حورس,24.977875,32.8735258,ثقافي,"تمثال حورس is a cultural institution in Egypt that preserves and presents aspects of Egyptian heritage, history, and artistic traditions for visitors and researchers alike.",2247,
عرض الصوت والضواء,24.9777059,32.8734561,أخرى,"عرض الصوت والضواء is a point of interest in Egypt, contributing to the country's diverse cultural, historical, and natural landscape.",2248,
تمثال حورس,24.9773445,32.8735201,ثقافي,"تمثال حورس is a cultural institution in Egypt that preserves and presents aspects of Egyptian heritage, history, and artistic traditions for visitors and researchers alike.",2249,
تمثال حورس,24.9773466,32.8734283,ثقافي,"تمثال حورس is a cultural institution in Egypt that preserves and presents aspects of Egyptian heritage, history, and artistic traditions for visitors and researchers alike.",2250,
Al Eman,24.987804,32.8903695,إقامة,"Al Eman is a hotel and accommodation facility in Egypt, offering lodging services to travelers and tourists visiting the area.",2251,
nice view towards Horus Temple,24.9796028,32.8731532,أخرى,"nice view towards Horus Temple is an ancient Egyptian temple site representing the country's rich religious and architectural heritage. These sacred spaces served as centers of worship, ritual, and economic activity in the ancient world.",2252,
Daraw camel market,24.4120355,32.9421539,أخرى,"Daraw camel market is a point of interest in Egypt, contributing to the country's diverse cultural, historical, and natural landscape.",2253,
"Camel market, Sunday 5-10 am",24.4094151,32.9411522,أخرى,"Camel market, Sunday 5-10 am is a point of interest in Egypt, contributing to the country's diverse cultural, historical, and natural landscape.",2254,
شارع ١٩,24.6112712,32.9460326,أخرى,"شارع ١٩ is a point of interest in Egypt, contributing to the country's diverse cultural, historical, and natural landscape.",2255,
مطار الهليف,30.9285118,28.1344249,إقامة,"مطار الهليف is a hotel and accommodation facility in Egypt, offering lodging services to travelers and tourists visiting the area.",2256,
Elhariry Farm,28.2654981,29.030194,ثقافي,"Elhariry Farm is a cultural institution in Egypt that preserves and presents aspects of Egyptian heritage, history, and artistic traditions for visitors and researchers alike.",2257,
"Torfi, Wadi Gamal",24.674982,35.1457889,أخرى,"Torfi, Wadi Gamal is a point of interest in Egypt, contributing to the country's diverse cultural, historical, and natural landscape.",2258,
Shilineat,24.669924,35.133319,أخرى,"Shilineat is a point of interest in Egypt, contributing to the country's diverse cultural, historical, and natural landscape.",2259,
Gota Wadi Gamal,24.6913821,35.1460703,أخرى,"Gota Wadi Gamal is a point of interest in Egypt, contributing to the country's diverse cultural, historical, and natural landscape.",2260,
"Shaab Samadai, Dolphin House (Dive Spot)",24.9788906,34.9942385,أخرى,"Shaab Samadai, Dolphin House (Dive Spot) is a point of interest in Egypt, contributing to the country's diverse cultural, historical, and natural landscape.",2261,
Sirena Beach Resort&Spa,24.8714091,34.9850198,إقامة,"Sirena Beach Resort&Spa is a hotel and accommodation facility in Egypt, offering lodging services to travelers and tourists visiting the area.",2262,
Samadai reef,24.9858047,34.9966045,أخرى,"Samadai reef is a point of interest in Egypt, contributing to the country's diverse cultural, historical, and natural landscape.",2263,
Marina Lodge at Port Ghalib,25.5280849,34.6360423,إقامة,"Marina Lodge at Port Ghalib is a hotel and accommodation facility in Egypt, offering lodging services to travelers and tourists visiting the area.",2264,
Cinderella Beach,25.919591,34.4026016,إقامة,"Cinderella Beach is a hotel and accommodation facility in Egypt, offering lodging services to travelers and tourists visiting the area.",2265,
Madinat Coraya,25.6022736,34.6082771,أخرى,"Madinat Coraya is a point of interest in Egypt, contributing to the country's diverse cultural, historical, and natural landscape.",2266,
Dreams Beach Resort,25.8773113,34.4131778,إقامة,"Dreams Beach Resort is a hotel and accommodation facility in Egypt, offering lodging services to travelers and tourists visiting the area.",2267,
Jaz Grand Marsa,25.5965231,34.6120675,إقامة,"Jaz Grand Marsa is a hotel and accommodation facility in Egypt, offering lodging services to travelers and tourists visiting the area.",2268,
Arena Hotel,25.8606547,34.4194594,إقامة,"Arena Hotel is a hotel and accommodation facility in Egypt, offering lodging services to travelers and tourists visiting the area.",2269,
Onatti Beach Resort,25.9060188,34.4085885,إقامة,"Onatti Beach Resort is a hotel and accommodation facility in Egypt, offering lodging services to travelers and tourists visiting the area.",2270,
Sentido Akassia Beach,25.9145007,34.4035663,إقامة,"Sentido Akassia Beach is a hotel and accommodation facility in Egypt, offering lodging services to travelers and tourists visiting the area.",2271,
El Sheig Malik,25.7236346,34.549773,أخرى,"El Sheig Malik is a point of interest in Egypt, contributing to the country's diverse cultural, historical, and natural landscape.",2272,
Sham Fugami,25.8701711,34.4220774,أخرى,"Sham Fugami is a point of interest in Egypt, contributing to the country's diverse cultural, historical, and natural landscape.",2273,
Maheleg,25.9025849,34.4131047,أخرى,"Maheleg is a point of interest in Egypt, contributing to the country's diverse cultural, historical, and natural landscape.",2274,
JAZ Neo Reef Marsa,25.599321,34.6126671,إقامة,"JAZ Neo Reef Marsa is a hotel and accommodation facility in Egypt, offering lodging services to travelers and tourists visiting the area.",2275,
Jaz Solaya,25.598772,34.6067226,إقامة,"Jaz Solaya is a hotel and accommodation facility in Egypt, offering lodging services to travelers and tourists visiting the area.",2276,
Jaz Lamaya Resort,25.5998836,34.6092072,إقامة,"Jaz Lamaya Resort is a hotel and accommodation facility in Egypt, offering lodging services to travelers and tourists visiting the area.",2277,
TUI BLUE Samaya,25.6009744,34.6104502,إقامة,"TUI BLUE Samaya is a hotel and accommodation facility in Egypt, offering lodging services to travelers and tourists visiting the area.",2278,
JAZ Neo Dar El Madina,25.5987627,34.6092045,إقامة,"JAZ Neo Dar El Madina is a hotel and accommodation facility in Egypt, offering lodging services to travelers and tourists visiting the area.",2279,
Reef Top Marsa Umm Gerifat (Housereef),25.605294,34.606584,أخرى,"Reef Top Marsa Umm Gerifat (Housereef) is a point of interest in Egypt, contributing to the country's diverse cultural, historical, and natural landscape.",2280,
Amphitheater,25.5215288,34.6448492,أخرى,"Amphitheater is a point of interest in Egypt, contributing to the country's diverse cultural, historical, and natural landscape.",2281,
Marsa Mubarak,25.5095405,34.6521265,أخرى,"Marsa Mubarak is a point of interest in Egypt, contributing to the country's diverse cultural, historical, and natural landscape.",2282,
El Casra,25.5464437,34.6409603,أخرى,"El Casra is a point of interest in Egypt, contributing to the country's diverse cultural, historical, and natural landscape.",2283,
Jaz Costa Mares,25.5122592,34.6482048,إقامة,"Jaz Costa Mares is a hotel and accommodation facility in Egypt, offering lodging services to travelers and tourists visiting the area.",2284,
Marina Resort by Radisson,25.5351152,34.6368345,إقامة,"Marina Resort by Radisson is a hotel and accommodation facility in Egypt, offering lodging services to travelers and tourists visiting the area.",2285,
Showtime at Souq Dar el Madina,25.5988284,34.6097999,أخرى,"Showtime at Souq Dar el Madina is a point of interest in Egypt, contributing to the country's diverse cultural, historical, and natural landscape.",2286,
El Masduda (Dive Spot),25.6327281,34.587804,أخرى,"El Masduda (Dive Spot) is a point of interest in Egypt, contributing to the country's diverse cultural, historical, and natural landscape.",2287,
Halg Soliman (Dive Spot),25.4999557,34.6657235,أخرى,"Halg Soliman (Dive Spot) is a point of interest in Egypt, contributing to the country's diverse cultural, historical, and natural landscape.",2288,
JAZ Elite Maraya,25.6011044,34.6108691,إقامة,"JAZ Elite Maraya is a hotel and accommodation facility in Egypt, offering lodging services to travelers and tourists visiting the area.",2289,
Taghaghien Island Resort,29.2257022,25.4672311,إقامة,"Taghaghien Island Resort is a hotel and accommodation facility in Egypt, offering lodging services to travelers and tourists visiting the area.",2290,
لوج تازيري,29.2168852,25.4229619,إقامة,"لوج تازيري is a hotel and accommodation facility in Egypt, offering lodging services to travelers and tourists visiting the area.",2291,
Siwa Relax Lodge,29.2316123,25.4643839,إقامة,"Siwa Relax Lodge is a hotel and accommodation facility in Egypt, offering lodging services to travelers and tourists visiting the area.",2292,
Talist Siwa (تاليست سيوة),29.2344168,25.4597837,إقامة,"Talist Siwa (تاليست سيوة) is a hotel and accommodation facility in Egypt, offering lodging services to travelers and tourists visiting the area.",2293,
تانيرت ايكولودج,29.2241887,25.4032667,إقامة,"تانيرت ايكولودج is a hotel and accommodation facility in Egypt, offering lodging services to travelers and tourists visiting the area.",2294,
كالارد كانيون,29.1488932,34.5928963,أخرى,"كالارد كانيون is a point of interest in Egypt, contributing to the country's diverse cultural, historical, and natural landscape.",2295,
Camping,29.0228302,34.6738107,إقامة,"Camping is a hotel and accommodation facility in Egypt, offering lodging services to travelers and tourists visiting the area.",2296,
Helnan Nuweiba Bay Resort,29.0287832,34.6728293,إقامة,"Helnan Nuweiba Bay Resort is a hotel and accommodation facility in Egypt, offering lodging services to travelers and tourists visiting the area.",2297,
Ciao Hotel,29.012841,34.6834743,إقامة,"Ciao Hotel is a hotel and accommodation facility in Egypt, offering lodging services to travelers and tourists visiting the area.",2298,
Alexandria Beach,29.238449,34.7361517,إقامة,"Alexandria Beach is a hotel and accommodation facility in Egypt, offering lodging services to travelers and tourists visiting the area.",2299,
SONESTA Beach Resort Taba,29.1571068,34.6889011,إقامة,"SONESTA Beach Resort Taba is a hotel and accommodation facility in Egypt, offering lodging services to travelers and tourists visiting the area.",2300,
Maagana Camp,29.1053578,34.6746755,إقامة,"Maagana Camp is a hotel and accommodation facility in Egypt, offering lodging services to travelers and tourists visiting the area.",2301,
فريدوم,29.102311,34.6773726,إقامة,"فريدوم is a hotel and accommodation facility in Egypt, offering lodging services to travelers and tourists visiting the area.",2302,
أناندا,29.1940969,34.7279298,إقامة,"أناندا is a hotel and accommodation facility in Egypt, offering lodging services to travelers and tourists visiting the area.",2303,
بساطة,29.2069244,34.7350516,إقامة,"بساطة is a hotel and accommodation facility in Egypt, offering lodging services to travelers and tourists visiting the area.",2304,
كريزى هورس,29.1929545,34.7269758,إقامة,"كريزى هورس is a hotel and accommodation facility in Egypt, offering lodging services to travelers and tourists visiting the area.",2305,
بداية درب الكالارد كانيون,29.1470032,34.5899366,أخرى,"بداية درب الكالارد كانيون is a point of interest in Egypt, contributing to the country's diverse cultural, historical, and natural landscape.",2306,
نهاية درب الكالارد كانيون,29.1379796,34.5949593,أخرى,"نهاية درب الكالارد كانيون is a point of interest in Egypt, contributing to the country's diverse cultural, historical, and natural landscape.",2307,
Roman Theatre,29.3923254,34.792464,أخرى,"Roman Theatre is a point of interest in Egypt, contributing to the country's diverse cultural, historical, and natural landscape.",2308,
Sindbad Tower,29.3881126,34.8091309,أخرى,"Sindbad Tower is a point of interest in Egypt, contributing to the country's diverse cultural, historical, and natural landscape.",2309,
Reception,29.3881982,34.8086945,خدمات,Reception is a service facility in Egypt that supports visitors and residents in the area.,2310,
Rock Sea Camp,29.1096836,34.6773394,إقامة,"Rock Sea Camp is a hotel and accommodation facility in Egypt, offering lodging services to travelers and tourists visiting the area.",2311,
Blue wave,29.0927884,34.6795401,إقامة,"Blue wave is a hotel and accommodation facility in Egypt, offering lodging services to travelers and tourists visiting the area.",2312,
RockCamp,29.1180192,34.6816238,إقامة,"RockCamp is a hotel and accommodation facility in Egypt, offering lodging services to travelers and tourists visiting the area.",2313,
دانا,29.1740331,34.7179474,إقامة,"دانا is a hotel and accommodation facility in Egypt, offering lodging services to travelers and tourists visiting the area.",2314,
color canyon,29.1237824,34.6015438,أخرى,"color canyon is a point of interest in Egypt, contributing to the country's diverse cultural, historical, and natural landscape.",2315,
Soft Beach Camp (huts & rooms),29.0420675,34.6640022,إقامة,"Soft Beach Camp (huts & rooms) is a hotel and accommodation facility in Egypt, offering lodging services to travelers and tourists visiting the area.",2316,
Tarabin Beach Nuweiba (all along the road),29.0410403,34.6603859,خدمات,Tarabin Beach Nuweiba (all along the road) is a service facility in Egypt that supports visitors and residents in the area.,2317,
10,29.0120807,34.6844523,أخرى,"10 is a point of interest in Egypt, contributing to the country's diverse cultural, historical, and natural landscape.",2318,
Sweet camp,29.0119322,34.6838763,إقامة,"Sweet camp is a hotel and accommodation facility in Egypt, offering lodging services to travelers and tourists visiting the area.",2319,
Big Dune,29.0191798,34.6775231,إقامة,"Big Dune is a hotel and accommodation facility in Egypt, offering lodging services to travelers and tourists visiting the area.",2320,
Green Beach,29.0098608,34.6841272,أخرى,"Green Beach is a point of interest in Egypt, contributing to the country's diverse cultural, historical, and natural landscape.",2321,
Rossa Beach Camp,29.1812125,34.7200377,أخرى,"Rossa Beach Camp is a point of interest in Egypt, contributing to the country's diverse cultural, historical, and natural landscape.",2322,
Цветной каньон,29.146183,34.594947,أخرى,"Цветной каньон is a point of interest in Egypt, contributing to the country's diverse cultural, historical, and natural landscape.",2323,
Цветной каньон,29.1474758,34.5931189,أخرى,"Цветной каньон is a point of interest in Egypt, contributing to the country's diverse cultural, historical, and natural landscape.",2324,
Boat crossing Tala Bay - Taba Heights,29.3761197,34.793855,خدمات,Boat crossing Tala Bay - Taba Heights is a service facility in Egypt that supports visitors and residents in the area.,2325,
Sultana - Makbul,29.0079366,34.6847251,إقامة,"Sultana - Makbul is a hotel and accommodation facility in Egypt, offering lodging services to travelers and tourists visiting the area.",2326,
متحف السويس القومى,29.9550854,32.5670088,ثقافي,"متحف السويس القومى is a cultural institution in Egypt that preserves and presents aspects of Egyptian heritage, history, and artistic traditions for visitors and researchers alike.",2327,
المجعد,30.0526582,32.5593348,أخرى,"المجعد is a point of interest in Egypt, contributing to the country's diverse cultural, historical, and natural landscape.",2328,
حديقة الشهداء,29.9608662,32.5537715,أخرى,"حديقة الشهداء is a point of interest in Egypt, contributing to the country's diverse cultural, historical, and natural landscape.",2329,
فندق جرين هاوس,29.9612206,32.5608578,إقامة,"فندق جرين هاوس is a hotel and accommodation facility in Egypt, offering lodging services to travelers and tourists visiting the area.",2330,
فندق رد سى,29.9472149,32.5707592,إقامة,"فندق رد سى is a hotel and accommodation facility in Egypt, offering lodging services to travelers and tourists visiting the area.",2331,
Majka Dalmatinka,30.0361885,32.6132536,ثقافي,"Majka Dalmatinka is a cultural institution in Egypt that preserves and presents aspects of Egyptian heritage, history, and artistic traditions for visitors and researchers alike.",2332,
Mara (Well),29.872696,32.6508644,أخرى,"Mara (Well) is a point of interest in Egypt, contributing to the country's diverse cultural, historical, and natural landscape.",2333,
El Madena Hotel,29.9671495,32.5563954,إقامة,"El Madena Hotel is a hotel and accommodation facility in Egypt, offering lodging services to travelers and tourists visiting the area.",2334,
ن ش ع,30.1638186,32.4524296,إقامة,"ن ش ع is a hotel and accommodation facility in Egypt, offering lodging services to travelers and tourists visiting the area.",2335,
ن ش ع,30.1110279,32.4107873,إقامة,"ن ش ع is a hotel and accommodation facility in Egypt, offering lodging services to travelers and tourists visiting the area.",2336,
u turn,30.1117122,32.418824,إقامة,"u turn is a hotel and accommodation facility in Egypt, offering lodging services to travelers and tourists visiting the area.",2337,
فوج المقذوفات,30.084155,32.5908711,إقامة,"فوج المقذوفات is a hotel and accommodation facility in Egypt, offering lodging services to travelers and tourists visiting the area.",2338,
الطريق للحسنه,30.0341253,32.6195058,إقامة,"الطريق للحسنه is a hotel and accommodation facility in Egypt, offering lodging services to travelers and tourists visiting the area.",2339,
ل ١٠٩ م ع,30.1758388,32.4524839,إقامة,"ل ١٠٩ م ع is a hotel and accommodation facility in Egypt, offering lodging services to travelers and tourists visiting the area.",2340,
بنزينه التعاون,30.0320932,32.628685,إقامة,"بنزينه التعاون is a hotel and accommodation facility in Egypt, offering lodging services to travelers and tourists visiting the area.",2341,
قطاع الشلوفه,30.1725733,32.4461548,إقامة,"قطاع الشلوفه is a hotel and accommodation facility in Egypt, offering lodging services to travelers and tourists visiting the area.",2342,
ن ش ع,30.1303866,32.4295539,إقامة,"ن ش ع is a hotel and accommodation facility in Egypt, offering lodging services to travelers and tourists visiting the area.",2343,
مزارسياحى,30.0305812,32.6850818,إقامة,"مزارسياحى is a hotel and accommodation facility in Egypt, offering lodging services to travelers and tourists visiting the area.",2344,
الشعبه الهندسيه ج ٣,30.0674882,32.4153644,إقامة,"الشعبه الهندسيه ج ٣ is a hotel and accommodation facility in Egypt, offering lodging services to travelers and tourists visiting the area.",2345,
مزار متلا السياحى,30.030462,32.6849373,إقامة,"مزار متلا السياحى is a hotel and accommodation facility in Egypt, offering lodging services to travelers and tourists visiting the area.",2346,
بوابه ٣ قيا جيش ٣ ميد,30.0542106,32.416196,إقامة,"بوابه ٣ قيا جيش ٣ ميد is a hotel and accommodation facility in Egypt, offering lodging services to travelers and tourists visiting the area.",2347,
مدخل طريق مدق ١٢ الى اللواء ١٠٩,30.1263258,32.423081,إقامة,"مدخل طريق مدق ١٢ الى اللواء ١٠٩ is a hotel and accommodation facility in Egypt, offering lodging services to travelers and tourists visiting the area.",2348,
مدخل طريق اللواء ١٠٩,30.1375786,32.4114114,إقامة,"مدخل طريق اللواء ١٠٩ is a hotel and accommodation facility in Egypt, offering lodging services to travelers and tourists visiting the area.",2349,
فسيفساء,29.9563619,32.5010259,ثقافي,"فسيفساء is a cultural institution in Egypt that preserves and presents aspects of Egyptian heritage, history, and artistic traditions for visitors and researchers alike.",2350,
فندق لوسيندا,29.9550399,32.543652,إقامة,"فندق لوسيندا is a hotel and accommodation facility in Egypt, offering lodging services to travelers and tourists visiting the area.",2351,
Ever Given memorial,30.0179856,32.5819516,أخرى,"Ever Given memorial is a point of interest in Egypt, contributing to the country's diverse cultural, historical, and natural landscape.",2352,
قرية مصر سنين,29.3269246,32.5933651,أخرى,"قرية مصر سنين is a point of interest in Egypt, contributing to the country's diverse cultural, historical, and natural landscape.",2353,
Moon beach Windsurfing,29.2997009,32.857268,أخرى,"Moon beach Windsurfing is a point of interest in Egypt, contributing to the country's diverse cultural, historical, and natural landscape.",2354,
La Regina Resort,29.1804071,32.6349447,إقامة,"La Regina Resort is a hotel and accommodation facility in Egypt, offering lodging services to travelers and tourists visiting the area.",2355,
كمين,29.1114125,32.6566473,إقامة,"كمين is a hotel and accommodation facility in Egypt, offering lodging services to travelers and tourists visiting the area.",2356,
تحصيل الرسوم,29.1005695,32.6502712,إقامة,"تحصيل الرسوم is a hotel and accommodation facility in Egypt, offering lodging services to travelers and tourists visiting the area.",2357,
Roman Theater,28.0895728,30.7667882,أخرى,"Roman Theater is a point of interest in Egypt, contributing to the country's diverse cultural, historical, and natural landscape.",2358,
Beni Hasan necropolis,27.9313392,30.8752957,تاريخي,Beni Hasan necropolis is an ancient Egyptian historical site that forms part of Egypt's extraordinary archaeological heritage. The site offers visitors a direct connection to the civilization that built one of the greatest empires of the ancient world.,2359,
Ancient Tombs,27.6638367,30.9274683,أخرى,Ancient Tombs is an ancient Egyptian historical site that forms part of Egypt's extraordinary archaeological heritage. The site offers visitors a direct connection to the civilization that built one of the greatest empires of the ancient world.,2360,
Tomb of PANEHSY,27.66116,30.9299167,أخرى,Tomb of PANEHSY is an ancient Egyptian historical site that forms part of Egypt's extraordinary archaeological heritage. The site offers visitors a direct connection to the civilization that built one of the greatest empires of the ancient world.,2361,
Tuna el-Gebel necropolis,27.7417122,30.7043957,أخرى,"Tuna el-Gebel necropolis is a point of interest in Egypt, contributing to the country's diverse cultural, historical, and natural landscape.",2362,
Amarna Visitor Centre,27.660359,30.8965158,أخرى,"Amarna Visitor Centre is a point of interest in Egypt, contributing to the country's diverse cultural, historical, and natural landscape.",2363,
Northern tombs,27.6637328,30.9276322,أخرى,Northern tombs is an ancient Egyptian historical site that forms part of Egypt's extraordinary archaeological heritage. The site offers visitors a direct connection to the civilization that built one of the greatest empires of the ancient world.,2364,
Northern tombs,27.6695042,30.9214041,أخرى,Northern tombs is an ancient Egyptian historical site that forms part of Egypt's extraordinary archaeological heritage. The site offers visitors a direct connection to the civilization that built one of the greatest empires of the ancient world.,2365,
Tuna El Gabal,27.735897,30.7044345,تاريخي,Tuna El Gabal is an ancient Egyptian historical site that forms part of Egypt's extraordinary archaeological heritage. The site offers visitors a direct connection to the civilization that built one of the greatest empires of the ancient world.,2366,
Tell El-Amarna Tombs,27.6621023,30.9054059,أخرى,Tell El-Amarna Tombs is an ancient Egyptian historical site that forms part of Egypt's extraordinary archaeological heritage. The site offers visitors a direct connection to the civilization that built one of the greatest empires of the ancient world.,2367,
Tell El-Amarna Tombs,27.6621968,30.905387,أخرى,Tell El-Amarna Tombs is an ancient Egyptian historical site that forms part of Egypt's extraordinary archaeological heritage. The site offers visitors a direct connection to the civilization that built one of the greatest empires of the ancient world.,2368,
Speos Artemidos,27.9041464,30.8729888,تاريخي,Speos Artemidos is an ancient Egyptian historical site that forms part of Egypt's extraordinary archaeological heritage. The site offers visitors a direct connection to the civilization that built one of the greatest empires of the ancient world.,2369,
Nefersekheru,28.0468388,30.8311499,تاريخي,Nefersekheru is an ancient Egyptian historical site that forms part of Egypt's extraordinary archaeological heritage. The site offers visitors a direct connection to the civilization that built one of the greatest empires of the ancient world.,2370,
اخوة كفر لبس,27.882501,30.7171602,أخرى,"اخوة كفر لبس is a point of interest in Egypt, contributing to the country's diverse cultural, historical, and natural landscape.",2371,
EMC Camp,29.4881475,29.4799134,إقامة,"EMC Camp is a hotel and accommodation facility in Egypt, offering lodging services to travelers and tourists visiting the area.",2372,
القصبة الغربية,30.799985,28.933333,أخرى,"القصبة الغربية is a point of interest in Egypt, contributing to the country's diverse cultural, historical, and natural landscape.",2373,
شاليه بدر,30.8286755,29.1749581,إقامة,"شاليه بدر is a hotel and accommodation facility in Egypt, offering lodging services to travelers and tourists visiting the area.",2374,
كوبري الدسوقي,30.7987125,29.1326818,أخرى,"كوبري الدسوقي is a point of interest in Egypt, contributing to the country's diverse cultural, historical, and natural landscape.",2375,
Devil's garden,30.7021026,28.9814722,أخرى,"Devil's garden is a point of interest in Egypt, contributing to the country's diverse cultural, historical, and natural landscape.",2376,
Temple,24.6502669,32.9290499,تاريخي,Temple is an ancient Egyptian historical site that forms part of Egypt's extraordinary archaeological heritage. The site offers visitors a direct connection to the civilization that built one of the greatest empires of the ancient world.,2377,
Sandstone quarry,24.6458217,32.9292898,أخرى,"Sandstone quarry is a point of interest in Egypt, contributing to the country's diverse cultural, historical, and natural landscape.",2378,
Gebel Al-Silsila,24.6485729,32.9293463,تاريخي,Gebel Al-Silsila is an ancient Egyptian historical site that forms part of Egypt's extraordinary archaeological heritage. The site offers visitors a direct connection to the civilization that built one of the greatest empires of the ancient world.,2379,
Temple of Ellesyia,22.622568,31.962662,أخرى,"Temple of Ellesyia is an ancient Egyptian temple site representing the country's rich religious and architectural heritage. These sacred spaces served as centers of worship, ritual, and economic activity in the ancient world.",2380,
قلعة النخل,29.9119211,33.7460393,أخرى,"قلعة النخل is a point of interest in Egypt, contributing to the country's diverse cultural, historical, and natural landscape.",2381,
An Nekhel Fortress,29.9003851,33.7507423,أخرى,"An Nekhel Fortress is a point of interest in Egypt, contributing to the country's diverse cultural, historical, and natural landscape.",2382,
كمين تماده,30.1730357,33.4464991,إقامة,"كمين تماده is a hotel and accommodation facility in Egypt, offering lodging services to travelers and tourists visiting the area.",2383,
كمين البروك,30.24711,33.7489047,إقامة,"كمين البروك is a hotel and accommodation facility in Egypt, offering lodging services to travelers and tourists visiting the area.",2384,
كمين,29.9555286,33.7493812,إقامة,"كمين is a hotel and accommodation facility in Egypt, offering lodging services to travelers and tourists visiting the area.",2385,
كمين داخليه,29.9666665,33.4427774,إقامة,"كمين داخليه is a hotel and accommodation facility in Egypt, offering lodging services to travelers and tourists visiting the area.",2386,
Kharga Hotel,25.459047,30.5492962,إقامة,"Kharga Hotel is a hotel and accommodation facility in Egypt, offering lodging services to travelers and tourists visiting the area.",2387,
Roman fortress,25.4691166,30.5641435,أخرى,"Roman fortress is a point of interest in Egypt, contributing to the country's diverse cultural, historical, and natural landscape.",2388,
هوتيل بالاس,29.3081066,30.8437023,إقامة,"هوتيل بالاس is a hotel and accommodation facility in Egypt, offering lodging services to travelers and tourists visiting the area.",2389,
كوم مدينة جعران,29.202535,30.597993,تاريخي,كوم مدينة جعران is an ancient Egyptian historical site that forms part of Egypt's extraordinary archaeological heritage. The site offers visitors a direct connection to the civilization that built one of the greatest empires of the ancient world.,2390,
فيلوترس,29.383333,30.466667,أخرى,"فيلوترس is a point of interest in Egypt, contributing to the country's diverse cultural, historical, and natural landscape.",2391,
Tebtunis,29.1072111,30.7612554,تاريخي,Tebtunis is an ancient Egyptian historical site that forms part of Egypt's extraordinary archaeological heritage. The site offers visitors a direct connection to the civilization that built one of the greatest empires of the ancient world.,2392,
كوم مدينة ماضى,29.1927619,30.6423237,تاريخي,كوم مدينة ماضى is an ancient Egyptian historical site that forms part of Egypt's extraordinary archaeological heritage. The site offers visitors a direct connection to the civilization that built one of the greatest empires of the ancient world.,2393,
عزبة الشيخ هلال,29.3417663,30.8052687,أخرى,"عزبة الشيخ هلال is a point of interest in Egypt, contributing to the country's diverse cultural, historical, and natural landscape.",2394,
سماح,29.3138776,30.8422466,إقامة,"سماح is a hotel and accommodation facility in Egypt, offering lodging services to travelers and tourists visiting the area.",2395,
مزرعة دير الامير,29.2331112,30.913293,أخرى,"مزرعة دير الامير is a point of interest in Egypt, contributing to the country's diverse cultural, historical, and natural landscape.",2396,
العش,29.3260717,30.8372567,أخرى,"العش is a point of interest in Egypt, contributing to the country's diverse cultural, historical, and natural landscape.",2397,
سواقي الفيوم,29.3272471,30.8441621,أخرى,"سواقي الفيوم is a point of interest in Egypt, contributing to the country's diverse cultural, historical, and natural landscape.",2398,
كروكوديلوبوليس,29.1173347,30.7516395,تاريخي,كروكوديلوبوليس is an ancient Egyptian historical site that forms part of Egypt's extraordinary archaeological heritage. The site offers visitors a direct connection to the civilization that built one of the greatest empires of the ancient world.,2399,
rock paintings,24.6157455,25.2756183,أخرى,"rock paintings is a point of interest in Egypt, contributing to the country's diverse cultural, historical, and natural landscape.",2400,
الفُوّهة الكبيرة,24.6560771,24.9459329,خدمات,الفُوّهة الكبيرة is a service facility in Egypt that supports visitors and residents in the area.,2401,
רמת אום עראכ,29.0749882,33.4895568,تاريخي,רמת אום עראכ is an ancient Egyptian historical site that forms part of Egypt's extraordinary archaeological heritage. The site offers visitors a direct connection to the civilization that built one of the greatest empires of the ancient world.,2402,
Rabee3 Camp Site,29.0348848,33.4732338,إقامة,"Rabee3 Camp Site is a hotel and accommodation facility in Egypt, offering lodging services to travelers and tourists visiting the area.",2403,
הר שלמה,29.5801252,34.8996792,أخرى,"הר שלמה is a point of interest in Egypt, contributing to the country's diverse cultural, historical, and natural landscape.",2404,
Snuba / Skuba Center,29.4984992,34.9111837,أخرى,"Snuba / Skuba Center is a point of interest in Egypt, contributing to the country's diverse cultural, historical, and natural landscape.",2405,
אורכידאה,29.5048405,34.9169694,إقامة,"אורכידאה is a hotel and accommodation facility in Egypt, offering lodging services to travelers and tourists visiting the area.",2406,
Yatouche,29.5038889,34.9197222,أخرى,"Yatouche is a point of interest in Egypt, contributing to the country's diverse cultural, historical, and natural landscape.",2407,
בריכות הסבר,29.5041896,34.9182347,أخرى,"בריכות הסבר is a point of interest in Egypt, contributing to the country's diverse cultural, historical, and natural landscape.",2408,
קופות,29.5041637,34.9175572,خدمات,קופות is a service facility in Egypt that supports visitors and residents in the area.,2409,
בריכת צבים וחתולי ים,29.5038596,34.9180356,أخرى,"בריכת צבים וחתולי ים is a point of interest in Egypt, contributing to the country's diverse cultural, historical, and natural landscape.",2410,
אקווריום,29.5040372,34.917857,أخرى,"אקווריום is a point of interest in Egypt, contributing to the country's diverse cultural, historical, and natural landscape.",2411,
קורל 2000,29.5040734,34.91901,أخرى,"קורל 2000 is a point of interest in Egypt, contributing to the country's diverse cultural, historical, and natural landscape.",2412,
החדר החשוך,29.5042264,34.9180195,أخرى,"החדר החשוך is a point of interest in Egypt, contributing to the country's diverse cultural, historical, and natural landscape.",2413,
בריכת ליטוף והאכלה,29.5034485,34.9176862,أخرى,"בריכת ליטוף והאכלה is a point of interest in Egypt, contributing to the country's diverse cultural, historical, and natural landscape.",2414,
בריכת כרישים,29.5038341,34.9177965,أخرى,"בריכת כרישים is a point of interest in Egypt, contributing to the country's diverse cultural, historical, and natural landscape.",2415,
אקווריום דגים נדירים,29.5042065,34.9179044,أخرى,"אקווריום דגים נדירים is a point of interest in Egypt, contributing to the country's diverse cultural, historical, and natural landscape.",2416,
האמזונס,29.5043249,34.9178734,أخرى,"האמזונס is a point of interest in Egypt, contributing to the country's diverse cultural, historical, and natural landscape.",2417,
שונית ים סוף,29.5040291,34.9176351,أخرى,"שונית ים סוף is a point of interest in Egypt, contributing to the country's diverse cultural, historical, and natural landscape.",2418,
האושנריום,29.5033814,34.9178674,أخرى,"האושנריום is a point of interest in Egypt, contributing to the country's diverse cultural, historical, and natural landscape.",2419,
חוות גמלים,29.5267541,34.913631,أخرى,"חוות גמלים is a point of interest in Egypt, contributing to the country's diverse cultural, historical, and natural landscape.",2420,
Snuba village,29.5001532,34.9141701,أخرى,"Snuba village is a point of interest in Egypt, contributing to the country's diverse cultural, historical, and natural landscape.",2421,
Migdalor Beach,29.5001299,34.9149651,إقامة,"Migdalor Beach is a hotel and accommodation facility in Egypt, offering lodging services to travelers and tourists visiting the area.",2422,
חניון לילה צפחות,29.5270053,34.9114036,إقامة,"חניון לילה צפחות is a hotel and accommodation facility in Egypt, offering lodging services to travelers and tourists visiting the area.",2423,
אתר צלילה - גנים יפניים (15 מטר),29.5053015,34.9206991,أخرى,"אתר צלילה - גנים יפניים (15 מטר) is a point of interest in Egypt, contributing to the country's diverse cultural, historical, and natural landscape.",2424,
Tents allowed,29.4979535,34.9123395,إقامة,"Tents allowed is a hotel and accommodation facility in Egypt, offering lodging services to travelers and tourists visiting the area.",2425,
מעבר גבול טאבה (מנחם בגין),29.491182,34.9032699,أخرى,"מעבר גבול טאבה (מנחם בגין) is a point of interest in Egypt, contributing to the country's diverse cultural, historical, and natural landscape.",2426,
Dusit Thani Hotel,30.0259621,31.4551578,إقامة,"Dusit Thani Hotel is a hotel and accommodation facility in Egypt, offering lodging services to travelers and tourists visiting the area.",2427,
قصر عباس,30.1254516,31.8568926,أخرى,"قصر عباس is a point of interest in Egypt, contributing to the country's diverse cultural, historical, and natural landscape.",2428,
بسطة العنقابية,30.1,31.583333,أخرى,"بسطة العنقابية is a point of interest in Egypt, contributing to the country's diverse cultural, historical, and natural landscape.",2429,
Bosy's Appartment,30.0770689,31.644657,أخرى,"Bosy's Appartment is a point of interest in Egypt, contributing to the country's diverse cultural, historical, and natural landscape.",2430,
5ma,30.0460752,31.441912,أخرى,"5ma is a point of interest in Egypt, contributing to the country's diverse cultural, historical, and natural landscape.",2431,
house,30.1358133,31.660876,أخرى,"house is a point of interest in Egypt, contributing to the country's diverse cultural, historical, and natural landscape.",2432,
فيلا فؤاد اللكوة,30.0583179,31.4591248,ثقافي,"فيلا فؤاد اللكوة is a cultural institution in Egypt that preserves and presents aspects of Egyptian heritage, history, and artistic traditions for visitors and researchers alike.",2433,
مدينتي (المنزل),30.0998835,31.6363725,أخرى,"مدينتي (المنزل) is a point of interest in Egypt, contributing to the country's diverse cultural, historical, and natural landscape.",2434,
الطريق الإقليمي,30.1647748,31.7972118,أخرى,"الطريق الإقليمي is a point of interest in Egypt, contributing to the country's diverse cultural, historical, and natural landscape.",2435,
الجامعة,30.0343998,31.4298677,ثقافي,"الجامعة is a cultural institution in Egypt that preserves and presents aspects of Egyptian heritage, history, and artistic traditions for visitors and researchers alike.",2436,
ڤيلا أحمد و خالد شحاته,30.0274674,31.4281771,أخرى,"ڤيلا أحمد و خالد شحاته is a point of interest in Egypt, contributing to the country's diverse cultural, historical, and natural landscape.",2437,
بورتوً كايرو الدايري عشاء مع الطحان,30.0649166,31.4242616,خدمات,بورتوً كايرو الدايري عشاء مع الطحان is a service facility in Egypt that supports visitors and residents in the area.,2438,
المحموديه 960,30.1799002,31.4491127,أخرى,"المحموديه 960 is a point of interest in Egypt, contributing to the country's diverse cultural, historical, and natural landscape.",2439,
اهداء من شركة امون,30.1871256,31.467529,أخرى,"اهداء من شركة امون is a point of interest in Egypt, contributing to the country's diverse cultural, historical, and natural landscape.",2440,
فندق رينيسانس كورت يارد,30.074631,31.4394323,إقامة,"فندق رينيسانس كورت يارد is a hotel and accommodation facility in Egypt, offering lodging services to travelers and tourists visiting the area.",2441,
طريق القاهره الاسماعيليه الصحراوي,30.1739857,31.5546068,ثقافي,"طريق القاهره الاسماعيليه الصحراوي is a cultural institution in Egypt that preserves and presents aspects of Egyptian heritage, history, and artistic traditions for visitors and researchers alike.",2442,
هليوبوليس ريذيرانس,30.1383967,31.6290822,أخرى,"هليوبوليس ريذيرانس is a point of interest in Egypt, contributing to the country's diverse cultural, historical, and natural landscape.",2443,
فيلا الشروق,30.1670469,31.6000179,ثقافي,"فيلا الشروق is a cultural institution in Egypt that preserves and presents aspects of Egyptian heritage, history, and artistic traditions for visitors and researchers alike.",2444,
Galaxy mall,30.1662513,31.6030088,أخرى,"Galaxy mall is a point of interest in Egypt, contributing to the country's diverse cultural, historical, and natural landscape.",2445,
البيت,29.9930225,31.4279492,أخرى,"البيت is a point of interest in Egypt, contributing to the country's diverse cultural, historical, and natural landscape.",2446,
Home,30.0597452,31.4933359,أخرى,"Home is a point of interest in Egypt, contributing to the country's diverse cultural, historical, and natural landscape.",2447,
موقع العاشر,30.243885,31.7810117,ثقافي,"موقع العاشر is a cultural institution in Egypt that preserves and presents aspects of Egyptian heritage, history, and artistic traditions for visitors and researchers alike.",2448,
المنزل,30.2602699,31.4700521,إقامة,"المنزل is a hotel and accommodation facility in Egypt, offering lodging services to travelers and tourists visiting the area.",2449,
المنزل العبور,30.2604327,31.4697482,أخرى,"المنزل العبور is a point of interest in Egypt, contributing to the country's diverse cultural, historical, and natural landscape.",2450,
مسجد فاطمة الشربتلي,30.0056359,31.4310673,أخرى,مسجد فاطمة الشربتلي is a mosque serving the local Muslim community and representing Egypt's Islamic architectural heritage. Egypt's mosques range from medieval masterpieces to modern places of worship.,2451,
EGY,30.0027074,31.4852259,أخرى,"EGY is a point of interest in Egypt, contributing to the country's diverse cultural, historical, and natural landscape.",2452,
Attar Art,29.9915813,31.4341179,أخرى,"Attar Art is a point of interest in Egypt, contributing to the country's diverse cultural, historical, and natural landscape.",2453,
سكن مصر مسلسل ١٣ عماره ١٤,29.9787286,31.4307529,إقامة,"سكن مصر مسلسل ١٣ عماره ١٤ is a hotel and accommodation facility in Egypt, offering lodging services to travelers and tourists visiting the area.",2454,
البيت العبور,30.2203582,31.483594,أخرى,"البيت العبور is a point of interest in Egypt, contributing to the country's diverse cultural, historical, and natural landscape.",2455,
el tagamo3,30.0027439,31.4853492,أخرى,"el tagamo3 is a point of interest in Egypt, contributing to the country's diverse cultural, historical, and natural landscape.",2456,
مسجد ال ياسر,30.0089495,31.4864139,أخرى,مسجد ال ياسر is a mosque serving the local Muslim community and representing Egypt's Islamic architectural heritage. Egypt's mosques range from medieval masterpieces to modern places of worship.,2457,
مسجد هبه شحاته,30.0617491,31.4518697,أخرى,مسجد هبه شحاته is a mosque serving the local Muslim community and representing Egypt's Islamic architectural heritage. Egypt's mosques range from medieval masterpieces to modern places of worship.,2458,
فيلا 70/2 كمبوند باراديس,30.0340966,31.5002318,أخرى,"فيلا 70/2 كمبوند باراديس is a point of interest in Egypt, contributing to the country's diverse cultural, historical, and natural landscape.",2459,
انعام احمد علي,30.1322023,31.6421056,أخرى,"انعام احمد علي is a point of interest in Egypt, contributing to the country's diverse cultural, historical, and natural landscape.",2460,
بوابة 1,30.0223542,31.498701,أخرى,"بوابة 1 is a point of interest in Egypt, contributing to the country's diverse cultural, historical, and natural landscape.",2461,
"The Westin Cairo Golf Resort & Spa, Katameya Dunes",30.0035434,31.5213571,إقامة,"The Westin Cairo Golf Resort & Spa, Katameya Dunes is a hotel and accommodation facility in Egypt, offering lodging services to travelers and tourists visiting the area.",2462,
Mountain View Executive Residence,29.9907121,31.5121515,أخرى,"Mountain View Executive Residence is a point of interest in Egypt, contributing to the country's diverse cultural, historical, and natural landscape.",2463,
21-ب,30.0124835,31.5192569,أخرى,"21-ب is a point of interest in Egypt, contributing to the country's diverse cultural, historical, and natural landscape.",2464,
حى البنفسج,30.1699174,31.7009276,أخرى,"حى البنفسج is a point of interest in Egypt, contributing to the country's diverse cultural, historical, and natural landscape.",2465,
حى البنفسج,30.1714415,31.7021594,أخرى,"حى البنفسج is a point of interest in Egypt, contributing to the country's diverse cultural, historical, and natural landscape.",2466,
حدائق العاصمة الادارية,30.1183344,31.8393136,أخرى,"حدائق العاصمة الادارية is a point of interest in Egypt, contributing to the country's diverse cultural, historical, and natural landscape.",2467,
Egyptian Ankh,30.0336805,31.7550347,ثقافي,"Egyptian Ankh is a cultural institution in Egypt that preserves and presents aspects of Egyptian heritage, history, and artistic traditions for visitors and researchers alike.",2468,
ڤيلا 9/ 2,30.063293,31.4983627,إقامة,"ڤيلا 9/ 2 is a hotel and accommodation facility in Egypt, offering lodging services to travelers and tourists visiting the area.",2469,
اسكن العالي 4,30.0020907,31.4856652,أخرى,"اسكن العالي 4 is a point of interest in Egypt, contributing to the country's diverse cultural, historical, and natural landscape.",2470,
فيلا 42/8,30.0553955,31.4873115,أخرى,"فيلا 42/8 is a point of interest in Egypt, contributing to the country's diverse cultural, historical, and natural landscape.",2471,
Villa 116'2,30.1255336,31.6097314,أخرى,"Villa 116'2 is a point of interest in Egypt, contributing to the country's diverse cultural, historical, and natural landscape.",2472,
عماره 43,30.0622246,31.5274788,أخرى,"عماره 43 is a point of interest in Egypt, contributing to the country's diverse cultural, historical, and natural landscape.",2473,
مجاوره 3,30.1255159,31.6114093,أخرى,"مجاوره 3 is a point of interest in Egypt, contributing to the country's diverse cultural, historical, and natural landscape.",2474,
Villa 116,30.1256668,31.6079343,أخرى,"Villa 116 is a point of interest in Egypt, contributing to the country's diverse cultural, historical, and natural landscape.",2475,
مجاوره 2,30.1252315,31.6058293,أخرى,"مجاوره 2 is a point of interest in Egypt, contributing to the country's diverse cultural, historical, and natural landscape.",2476,
مجاوره 3,30.1209527,31.6069794,أخرى,"مجاوره 3 is a point of interest in Egypt, contributing to the country's diverse cultural, historical, and natural landscape.",2477,
مجو,30.1208439,31.6136222,أخرى,"مجو is a point of interest in Egypt, contributing to the country's diverse cultural, historical, and natural landscape.",2478,
فيلا شكشك السابع,30.1888465,31.4764329,أخرى,"فيلا شكشك السابع is a point of interest in Egypt, contributing to the country's diverse cultural, historical, and natural landscape.",2479,
فيلا دعاء شكشك مدينتي,30.0833135,31.6625584,أخرى,"فيلا دعاء شكشك مدينتي is a point of interest in Egypt, contributing to the country's diverse cultural, historical, and natural landscape.",2480,
45,30.1611673,31.6340795,أخرى,"45 is a point of interest in Egypt, contributing to the country's diverse cultural, historical, and natural landscape.",2481,
مسكان اماون,30.1394182,31.6588754,أخرى,"مسكان اماون is a point of interest in Egypt, contributing to the country's diverse cultural, historical, and natural landscape.",2482,
اسكان المستقبل 63,30.1359512,31.6553236,أخرى,"اسكان المستقبل 63 is a point of interest in Egypt, contributing to the country's diverse cultural, historical, and natural landscape.",2483,
م 64,30.0795292,31.6425497,أخرى,"م 64 is a point of interest in Egypt, contributing to the country's diverse cultural, historical, and natural landscape.",2484,
م 69,30.0768257,31.6405184,أخرى,"م 69 is a point of interest in Egypt, contributing to the country's diverse cultural, historical, and natural landscape.",2485,
م. 63,30.0797033,31.6383718,أخرى,"م. 63 is a point of interest in Egypt, contributing to the country's diverse cultural, historical, and natural landscape.",2486,
م. 70,30.0765578,31.6427742,أخرى,"م. 70 is a point of interest in Egypt, contributing to the country's diverse cultural, historical, and natural landscape.",2487,
م. 65,30.0763039,31.645149,أخرى,"م. 65 is a point of interest in Egypt, contributing to the country's diverse cultural, historical, and natural landscape.",2488,
م 66,30.0801143,31.6464152,أخرى,"م 66 is a point of interest in Egypt, contributing to the country's diverse cultural, historical, and natural landscape.",2489,
م 67,30.0738632,31.6441853,أخرى,"م 67 is a point of interest in Egypt, contributing to the country's diverse cultural, historical, and natural landscape.",2490,
م 73,30.0902672,31.6491117,أخرى,"م 73 is a point of interest in Egypt, contributing to the country's diverse cultural, historical, and natural landscape.",2491,
م 72,30.0874596,31.6499489,أخرى,"م 72 is a point of interest in Egypt, contributing to the country's diverse cultural, historical, and natural landscape.",2492,
م 112,30.0777409,31.654504,أخرى,"م 112 is a point of interest in Egypt, contributing to the country's diverse cultural, historical, and natural landscape.",2493,
م 114,30.0742046,31.6626459,أخرى,"م 114 is a point of interest in Egypt, contributing to the country's diverse cultural, historical, and natural landscape.",2494,
م 111,30.0769697,31.6606386,أخرى,"م 111 is a point of interest in Egypt, contributing to the country's diverse cultural, historical, and natural landscape.",2495,
م113,30.0745084,31.6549168,أخرى,"م113 is a point of interest in Egypt, contributing to the country's diverse cultural, historical, and natural landscape.",2496,
م 85,30.1021368,31.6514957,أخرى,"م 85 is a point of interest in Egypt, contributing to the country's diverse cultural, historical, and natural landscape.",2497,
م 81,30.0997234,31.6503096,أخرى,"م 81 is a point of interest in Egypt, contributing to the country's diverse cultural, historical, and natural landscape.",2498,
م 82,30.1037423,31.6505135,أخرى,"م 82 is a point of interest in Egypt, contributing to the country's diverse cultural, historical, and natural landscape.",2499,
م 83,30.1022771,31.6559758,أخرى,"م 83 is a point of interest in Egypt, contributing to the country's diverse cultural, historical, and natural landscape.",2500,
G 104,30.0799887,31.660442,أخرى,"G 104 is a point of interest in Egypt, contributing to the country's diverse cultural, historical, and natural landscape.",2501,
م 13,30.1054937,31.6358033,أخرى,"م 13 is a point of interest in Egypt, contributing to the country's diverse cultural, historical, and natural landscape.",2502,
م17,30.1011701,31.6384706,أخرى,"م17 is a point of interest in Egypt, contributing to the country's diverse cultural, historical, and natural landscape.",2503,
م 14,30.1030749,31.6338882,أخرى,"م 14 is a point of interest in Egypt, contributing to the country's diverse cultural, historical, and natural landscape.",2504,
م 24,30.1039144,31.6475972,أخرى,"م 24 is a point of interest in Egypt, contributing to the country's diverse cultural, historical, and natural landscape.",2505,
م 23,30.1050687,31.6449069,أخرى,"م 23 is a point of interest in Egypt, contributing to the country's diverse cultural, historical, and natural landscape.",2506,
م 25,30.099456,31.6482892,أخرى,"م 25 is a point of interest in Egypt, contributing to the country's diverse cultural, historical, and natural landscape.",2507,
م 22,30.1014053,31.644771,أخرى,"م 22 is a point of interest in Egypt, contributing to the country's diverse cultural, historical, and natural landscape.",2508,
مسلسل 13,29.9790253,31.4313997,أخرى,"مسلسل 13 is a point of interest in Egypt, contributing to the country's diverse cultural, historical, and natural landscape.",2509,
مسلسل 10,29.9758144,31.4246237,أخرى,"مسلسل 10 is a point of interest in Egypt, contributing to the country's diverse cultural, historical, and natural landscape.",2510,
مسلسل 12,29.9771846,31.4282108,أخرى,"مسلسل 12 is a point of interest in Egypt, contributing to the country's diverse cultural, historical, and natural landscape.",2511,
سكن مصر الاندلس,29.9721283,31.5075833,أخرى,"سكن مصر الاندلس is a point of interest in Egypt, contributing to the country's diverse cultural, historical, and natural landscape.",2512,
شقة التجمع اشرف,29.978821,31.5211143,أخرى,"شقة التجمع اشرف is a point of interest in Egypt, contributing to the country's diverse cultural, historical, and natural landscape.",2513,
بنزيمة توتال ميدان الحرية,30.1687855,31.6029815,أخرى,"بنزيمة توتال ميدان الحرية is a point of interest in Egypt, contributing to the country's diverse cultural, historical, and natural landscape.",2514,
عمارات اسكان وزاره الماليه,30.0738208,31.4443034,أخرى,"عمارات اسكان وزاره الماليه is a point of interest in Egypt, contributing to the country's diverse cultural, historical, and natural landscape.",2515,
م 34,30.0893426,31.6430094,أخرى,"م 34 is a point of interest in Egypt, contributing to the country's diverse cultural, historical, and natural landscape.",2516,
م 33,30.087562,31.6405225,أخرى,"م 33 is a point of interest in Egypt, contributing to the country's diverse cultural, historical, and natural landscape.",2517,
م 12,30.1057608,31.6391291,أخرى,"م 12 is a point of interest in Egypt, contributing to the country's diverse cultural, historical, and natural landscape.",2518,
منطقه3,30.0367962,31.5223627,أخرى,"منطقه3 is a point of interest in Egypt, contributing to the country's diverse cultural, historical, and natural landscape.",2519,
منطقه1,30.0341509,31.5259949,أخرى,"منطقه1 is a point of interest in Egypt, contributing to the country's diverse cultural, historical, and natural landscape.",2520,
منطقه7,30.0155953,31.5239681,أخرى,"منطقه7 is a point of interest in Egypt, contributing to the country's diverse cultural, historical, and natural landscape.",2521,
منطقه8,30.0137804,31.5202041,أخرى,"منطقه8 is a point of interest in Egypt, contributing to the country's diverse cultural, historical, and natural landscape.",2522,
منطقه6,30.0193238,31.5256566,أخرى,"منطقه6 is a point of interest in Egypt, contributing to the country's diverse cultural, historical, and natural landscape.",2523,
منطقه7,30.0148115,31.5245185,أخرى,"منطقه7 is a point of interest in Egypt, contributing to the country's diverse cultural, historical, and natural landscape.",2524,
منطقه9,30.0169046,31.5219327,أخرى,"منطقه9 is a point of interest in Egypt, contributing to the country's diverse cultural, historical, and natural landscape.",2525,
منطقه10,30.0186694,31.5165504,أخرى,"منطقه10 is a point of interest in Egypt, contributing to the country's diverse cultural, historical, and natural landscape.",2526,
منطقه11,30.0206012,31.5190897,أخرى,"منطقه11 is a point of interest in Egypt, contributing to the country's diverse cultural, historical, and natural landscape.",2527,
مسجد سمير و علي,29.9846996,31.4229735,أخرى,مسجد سمير و علي is a mosque serving the local Muslim community and representing Egypt's Islamic architectural heritage. Egypt's mosques range from medieval masterpieces to modern places of worship.,2528,
م 15,30.0970683,31.6364401,أخرى,"م 15 is a point of interest in Egypt, contributing to the country's diverse cultural, historical, and natural landscape.",2529,
م 16,30.0979685,31.6394696,أخرى,"م 16 is a point of interest in Egypt, contributing to the country's diverse cultural, historical, and natural landscape.",2530,
م 18,30.1004885,31.6417728,أخرى,"م 18 is a point of interest in Egypt, contributing to the country's diverse cultural, historical, and natural landscape.",2531,
م 11,30.1053515,31.6417388,أخرى,"م 11 is a point of interest in Egypt, contributing to the country's diverse cultural, historical, and natural landscape.",2532,
م 64,30.079619,31.64264,أخرى,"م 64 is a point of interest in Egypt, contributing to the country's diverse cultural, historical, and natural landscape.",2533,
م 69,30.0769505,31.640563,أخرى,"م 69 is a point of interest in Egypt, contributing to the country's diverse cultural, historical, and natural landscape.",2534,
م 63,30.0801578,31.6386894,أخرى,"م 63 is a point of interest in Egypt, contributing to the country's diverse cultural, historical, and natural landscape.",2535,
م 66,30.0801526,31.6463363,أخرى,"م 66 is a point of interest in Egypt, contributing to the country's diverse cultural, historical, and natural landscape.",2536,
م 101,30.0815783,31.6560369,أخرى,"م 101 is a point of interest in Egypt, contributing to the country's diverse cultural, historical, and natural landscape.",2537,
م 102,30.0853454,31.6592042,أخرى,"م 102 is a point of interest in Egypt, contributing to the country's diverse cultural, historical, and natural landscape.",2538,
م 103,30.082239,31.6638475,أخرى,"م 103 is a point of interest in Egypt, contributing to the country's diverse cultural, historical, and natural landscape.",2539,
م 104,30.0796393,31.6622618,أخرى,"م 104 is a point of interest in Egypt, contributing to the country's diverse cultural, historical, and natural landscape.",2540,
م 112,30.0771667,31.6556284,أخرى,"م 112 is a point of interest in Egypt, contributing to the country's diverse cultural, historical, and natural landscape.",2541,
م 111,30.076805,31.6610197,أخرى,"م 111 is a point of interest in Egypt, contributing to the country's diverse cultural, historical, and natural landscape.",2542,
م 113,30.0740762,31.6554924,أخرى,"م 113 is a point of interest in Egypt, contributing to the country's diverse cultural, historical, and natural landscape.",2543,
م 114,30.074025,31.6624082,أخرى,"م 114 is a point of interest in Egypt, contributing to the country's diverse cultural, historical, and natural landscape.",2544,
م 14,30.1017635,31.6348858,أخرى,"م 14 is a point of interest in Egypt, contributing to the country's diverse cultural, historical, and natural landscape.",2545,
م 17,30.1010582,31.6383189,أخرى,"م 17 is a point of interest in Egypt, contributing to the country's diverse cultural, historical, and natural landscape.",2546,
م 15,30.0971231,31.636505,أخرى,"م 15 is a point of interest in Egypt, contributing to the country's diverse cultural, historical, and natural landscape.",2547,
م 82,30.1020444,31.6516575,أخرى,"م 82 is a point of interest in Egypt, contributing to the country's diverse cultural, historical, and natural landscape.",2548,
م 83,30.1029929,31.6556115,أخرى,"م 83 is a point of interest in Egypt, contributing to the country's diverse cultural, historical, and natural landscape.",2549,
م 70,30.0764268,31.6428099,أخرى,"م 70 is a point of interest in Egypt, contributing to the country's diverse cultural, historical, and natural landscape.",2550,
م 65,30.0771533,31.6450589,أخرى,"م 65 is a point of interest in Egypt, contributing to the country's diverse cultural, historical, and natural landscape.",2551,
م 68,30.0748722,31.6417273,أخرى,"م 68 is a point of interest in Egypt, contributing to the country's diverse cultural, historical, and natural landscape.",2552,
م 67,30.0738252,31.6433977,أخرى,"م 67 is a point of interest in Egypt, contributing to the country's diverse cultural, historical, and natural landscape.",2553,
م 13,30.1053846,31.6358588,أخرى,"م 13 is a point of interest in Egypt, contributing to the country's diverse cultural, historical, and natural landscape.",2554,
م 11,30.1050696,31.6417786,أخرى,"م 11 is a point of interest in Egypt, contributing to the country's diverse cultural, historical, and natural landscape.",2555,
م 12,30.1055402,31.6390394,أخرى,"م 12 is a point of interest in Egypt, contributing to the country's diverse cultural, historical, and natural landscape.",2556,
م 82,30.1039745,31.649949,أخرى,"م 82 is a point of interest in Egypt, contributing to the country's diverse cultural, historical, and natural landscape.",2557,
م 33,30.0875326,31.6404602,أخرى,"م 33 is a point of interest in Egypt, contributing to the country's diverse cultural, historical, and natural landscape.",2558,
م 23,30.1046204,31.6452846,أخرى,"م 23 is a point of interest in Egypt, contributing to the country's diverse cultural, historical, and natural landscape.",2559,
م 24,30.1036968,31.6474842,أخرى,"م 24 is a point of interest in Egypt, contributing to the country's diverse cultural, historical, and natural landscape.",2560,
م 22,30.1017709,31.6446845,أخرى,"م 22 is a point of interest in Egypt, contributing to the country's diverse cultural, historical, and natural landscape.",2561,
م 72,30.0864098,31.6490868,أخرى,"م 72 is a point of interest in Egypt, contributing to the country's diverse cultural, historical, and natural landscape.",2562,
م 73,30.0898512,31.6505434,أخرى,"م 73 is a point of interest in Egypt, contributing to the country's diverse cultural, historical, and natural landscape.",2563,
مسلسل 12,29.9770179,31.4281342,أخرى,"مسلسل 12 is a point of interest in Egypt, contributing to the country's diverse cultural, historical, and natural landscape.",2564,
مسلسل 13,29.979043,31.4303182,أخرى,"مسلسل 13 is a point of interest in Egypt, contributing to the country's diverse cultural, historical, and natural landscape.",2565,
م 16,30.0981781,31.6396236,أخرى,"م 16 is a point of interest in Egypt, contributing to the country's diverse cultural, historical, and natural landscape.",2566,
م 18,30.1004363,31.641909,أخرى,"م 18 is a point of interest in Egypt, contributing to the country's diverse cultural, historical, and natural landscape.",2567,
مسجد سمير و علي,29.9843201,31.4232147,أخرى,مسجد سمير و علي is a mosque serving the local Muslim community and representing Egypt's Islamic architectural heritage. Egypt's mosques range from medieval masterpieces to modern places of worship.,2568,
فيلا 108/2 شارع الجنوبي,30.0551991,31.4790799,أخرى,"فيلا 108/2 شارع الجنوبي is a point of interest in Egypt, contributing to the country's diverse cultural, historical, and natural landscape.",2569,
مجموعة 112,30.0686266,31.503323,أخرى,"مجموعة 112 is a point of interest in Egypt, contributing to the country's diverse cultural, historical, and natural landscape.",2570,
م112 ع47,30.0695025,31.5065009,أخرى,"م112 ع47 is a point of interest in Egypt, contributing to the country's diverse cultural, historical, and natural landscape.",2571,
المنزل,29.9833951,31.4353821,أخرى,"المنزل is a point of interest in Egypt, contributing to the country's diverse cultural, historical, and natural landscape.",2572,
مجموعة 111 عمارات,30.0717872,31.5030089,أخرى,"مجموعة 111 عمارات is a point of interest in Egypt, contributing to the country's diverse cultural, historical, and natural landscape.",2573,
شركه داينمكس العاصمه الاداريه,29.9008503,31.7548176,إقامة,"شركه داينمكس العاصمه الاداريه is a hotel and accommodation facility in Egypt, offering lodging services to travelers and tourists visiting the area.",2574,
طريق جنيفه مركز ٣,30.1752469,31.8633112,إقامة,"طريق جنيفه مركز ٣ is a hotel and accommodation facility in Egypt, offering lodging services to travelers and tourists visiting the area.",2575,
جهاز التجمع الثالث,29.9752546,31.416109,إقامة,"جهاز التجمع الثالث is a hotel and accommodation facility in Egypt, offering lodging services to travelers and tourists visiting the area.",2576,
شركه مياه التجمع الثالث سكن مصر,29.9825344,31.4118666,إقامة,"شركه مياه التجمع الثالث سكن مصر is a hotel and accommodation facility in Egypt, offering lodging services to travelers and tourists visiting the area.",2577,
طريق جنيفه,30.1820188,31.7368386,إقامة,"طريق جنيفه is a hotel and accommodation facility in Egypt, offering lodging services to travelers and tourists visiting the area.",2578,
مدرسه التربيه الرياضيه ق م,30.1650369,31.573755,إقامة,"مدرسه التربيه الرياضيه ق م is a hotel and accommodation facility in Egypt, offering lodging services to travelers and tourists visiting the area.",2579,
طريق جنيفه,30.1810331,31.7391607,إقامة,"طريق جنيفه is a hotel and accommodation facility in Egypt, offering lodging services to travelers and tourists visiting the area.",2580,
تاون جاس سكن مصر,30.0072682,31.4269208,إقامة,"تاون جاس سكن مصر is a hotel and accommodation facility in Egypt, offering lodging services to travelers and tourists visiting the area.",2581,
سنترال القطاميه التجمع الثالث سكن مصر,29.981962,31.4119238,إقامة,"سنترال القطاميه التجمع الثالث سكن مصر is a hotel and accommodation facility in Egypt, offering lodging services to travelers and tourists visiting the area.",2582,
16,30.1398856,31.7121279,أخرى,"16 is a point of interest in Egypt, contributing to the country's diverse cultural, historical, and natural landscape.",2583,
27,30.1382568,31.7113998,أخرى,"27 is a point of interest in Egypt, contributing to the country's diverse cultural, historical, and natural landscape.",2584,
22,30.0424072,31.4785312,إقامة,"22 is a hotel and accommodation facility in Egypt, offering lodging services to travelers and tourists visiting the area.",2585,
4,30.0683362,31.5165058,أخرى,"4 is a point of interest in Egypt, contributing to the country's diverse cultural, historical, and natural landscape.",2586,
58B-9,30.0232068,31.5374371,أخرى,"58B-9 is a point of interest in Egypt, contributing to the country's diverse cultural, historical, and natural landscape.",2587,
عمارة 420,30.2768025,31.5230469,أخرى,"عمارة 420 is a point of interest in Egypt, contributing to the country's diverse cultural, historical, and natural landscape.",2588,
عماره 143,29.9695727,31.5316048,أخرى,"عماره 143 is a point of interest in Egypt, contributing to the country's diverse cultural, historical, and natural landscape.",2589,
9002,30.0585278,31.4508016,أخرى,"9002 is a point of interest in Egypt, contributing to the country's diverse cultural, historical, and natural landscape.",2590,
الشباب الجنوبى,30.0573031,31.4601856,أخرى,"الشباب الجنوبى is a point of interest in Egypt, contributing to the country's diverse cultural, historical, and natural landscape.",2591,
11007,30.0665607,31.4535915,أخرى,"11007 is a point of interest in Egypt, contributing to the country's diverse cultural, historical, and natural landscape.",2592,
5,30.0684097,31.516275,أخرى,"5 is a point of interest in Egypt, contributing to the country's diverse cultural, historical, and natural landscape.",2593,
بوابة 1,30.0542252,31.4994552,أخرى,"بوابة 1 is a point of interest in Egypt, contributing to the country's diverse cultural, historical, and natural landscape.",2594,
شقه محمود التجمع التالت,29.9840306,31.4273231,إقامة,"شقه محمود التجمع التالت is a hotel and accommodation facility in Egypt, offering lodging services to travelers and tourists visiting the area.",2595,
موقف الغاز التجمع,30.0139891,31.417085,إقامة,"موقف الغاز التجمع is a hotel and accommodation facility in Egypt, offering lodging services to travelers and tourists visiting the area.",2596,
بوابة كمبوند القرنفل هايتس,30.061707,31.535005,أخرى,"بوابة كمبوند القرنفل هايتس is a point of interest in Egypt, contributing to the country's diverse cultural, historical, and natural landscape.",2597,
17,30.0717083,31.5024675,أخرى,"17 is a point of interest in Egypt, contributing to the country's diverse cultural, historical, and natural landscape.",2598,
18,30.0717657,31.5022389,أخرى,"18 is a point of interest in Egypt, contributing to the country's diverse cultural, historical, and natural landscape.",2599,
كمبوند دار مصر,30.1631116,31.636237,أخرى,"كمبوند دار مصر is a point of interest in Egypt, contributing to the country's diverse cultural, historical, and natural landscape.",2600,
حورس,29.9633367,31.478938,ثقافي,"حورس is a cultural institution in Egypt that preserves and presents aspects of Egyptian heritage, history, and artistic traditions for visitors and researchers alike.",2601,
255-Elbanafsig Buildings,30.0333624,31.4732545,أخرى,"255-Elbanafsig Buildings is a point of interest in Egypt, contributing to the country's diverse cultural, historical, and natural landscape.",2602,
26,30.1616062,31.8223668,أخرى,"26 is a point of interest in Egypt, contributing to the country's diverse cultural, historical, and natural landscape.",2603,
ستيلا هليوبوليس,30.2142754,31.6822594,أخرى,"ستيلا هليوبوليس is a point of interest in Egypt, contributing to the country's diverse cultural, historical, and natural landscape.",2604,
El Andalous Home,29.993184,31.5238814,أخرى,"El Andalous Home is a point of interest in Egypt, contributing to the country's diverse cultural, historical, and natural landscape.",2605,
Poseidon Reef,27.3992112,33.8623176,أخرى,"Poseidon Reef is a point of interest in Egypt, contributing to the country's diverse cultural, historical, and natural landscape.",2606,
Rosalie Moller,27.650833,33.771389,أخرى,"Rosalie Moller is a point of interest in Egypt, contributing to the country's diverse cultural, historical, and natural landscape.",2607,
آرينا إنّ,27.3940824,33.6754984,إقامة,"آرينا إنّ is a hotel and accommodation facility in Egypt, offering lodging services to travelers and tourists visiting the area.",2608,
Labranda Club Paradisio,27.3860535,33.6828878,إقامة,"Labranda Club Paradisio is a hotel and accommodation facility in Egypt, offering lodging services to travelers and tourists visiting the area.",2609,
شراتون الجونة,27.4044095,33.6776772,إقامة,"شراتون الجونة is a hotel and accommodation facility in Egypt, offering lodging services to travelers and tourists visiting the area.",2610,
Cinema,27.2453228,33.8247999,أخرى,"Cinema is a point of interest in Egypt, contributing to the country's diverse cultural, historical, and natural landscape.",2611,
Hotel Seaview,27.25818,33.825508,إقامة,"Hotel Seaview is a hotel and accommodation facility in Egypt, offering lodging services to travelers and tourists visiting the area.",2612,
Hotel Cindrella,27.2587141,33.8236626,إقامة,"Hotel Cindrella is a hotel and accommodation facility in Egypt, offering lodging services to travelers and tourists visiting the area.",2613,
Paradise Residence,27.2406445,33.8423064,إقامة,"Paradise Residence is a hotel and accommodation facility in Egypt, offering lodging services to travelers and tourists visiting the area.",2614,
Paradise Hill Appartment Hotel,27.2403965,33.841534,إقامة,"Paradise Hill Appartment Hotel is a hotel and accommodation facility in Egypt, offering lodging services to travelers and tourists visiting the area.",2615,
El Arusa Hotel,27.2583322,33.8219566,إقامة,"El Arusa Hotel is a hotel and accommodation facility in Egypt, offering lodging services to travelers and tourists visiting the area.",2616,
Dawar El Omdar,27.3966663,33.6770155,إقامة,"Dawar El Omdar is a hotel and accommodation facility in Egypt, offering lodging services to travelers and tourists visiting the area.",2617,
villa Ramsis,27.2792957,33.7629792,إقامة,"villa Ramsis is a hotel and accommodation facility in Egypt, offering lodging services to travelers and tourists visiting the area.",2618,
Movenpick,27.3954127,33.6858445,إقامة,"Movenpick is a hotel and accommodation facility in Egypt, offering lodging services to travelers and tourists visiting the area.",2619,
Sultan Bey,27.3973678,33.6783692,إقامة,"Sultan Bey is a hotel and accommodation facility in Egypt, offering lodging services to travelers and tourists visiting the area.",2620,
Passport Office,27.2613608,33.800629,خدمات,Passport Office is a service facility in Egypt that supports visitors and residents in the area.,2621,
الغردقة,27.2401646,33.8276369,إقامة,"الغردقة is a hotel and accommodation facility in Egypt, offering lodging services to travelers and tourists visiting the area.",2622,
Hotel Luxor,27.2584338,33.8191453,إقامة,"Hotel Luxor is a hotel and accommodation facility in Egypt, offering lodging services to travelers and tourists visiting the area.",2623,
Turtles Beach Resort,27.3012418,33.7481211,إقامة,"Turtles Beach Resort is a hotel and accommodation facility in Egypt, offering lodging services to travelers and tourists visiting the area.",2624,
Tiba Towers 2,27.2975375,33.7399054,أخرى,"Tiba Towers 2 is a point of interest in Egypt, contributing to the country's diverse cultural, historical, and natural landscape.",2625,
Snafer Hotel,27.2600467,33.8195947,إقامة,"Snafer Hotel is a hotel and accommodation facility in Egypt, offering lodging services to travelers and tourists visiting the area.",2626,
Hurghada 4 seasons,27.2591359,33.8188389,إقامة,"Hurghada 4 seasons is a hotel and accommodation facility in Egypt, offering lodging services to travelers and tourists visiting the area.",2627,
شقق طيبة فيو,27.3375817,33.687064,أخرى,"شقق طيبة فيو is a point of interest in Egypt, contributing to the country's diverse cultural, historical, and natural landscape.",2628,
Sea Waves Hostel,27.2584047,33.822611,إقامة,"Sea Waves Hostel is a hotel and accommodation facility in Egypt, offering lodging services to travelers and tourists visiting the area.",2629,
Canary hotel,27.2489122,33.8275078,إقامة,"Canary hotel is a hotel and accommodation facility in Egypt, offering lodging services to travelers and tourists visiting the area.",2630,
Canary Hotel Hurghada,27.2493416,33.8275966,إقامة,"Canary Hotel Hurghada is a hotel and accommodation facility in Egypt, offering lodging services to travelers and tourists visiting the area.",2631,
Tiba Palace,27.2966007,33.7393494,أخرى,"Tiba Palace is a point of interest in Egypt, contributing to the country's diverse cultural, historical, and natural landscape.",2632,
Caves Beach Resort,27.3178296,33.7098458,إقامة,"Caves Beach Resort is a hotel and accommodation facility in Egypt, offering lodging services to travelers and tourists visiting the area.",2633,
Meraki,27.260505,33.8165045,إقامة,"Meraki is a hotel and accommodation facility in Egypt, offering lodging services to travelers and tourists visiting the area.",2634,
Alex Safari Garage,27.3716775,33.6294529,أخرى,"Alex Safari Garage is a point of interest in Egypt, contributing to the country's diverse cultural, historical, and natural landscape.",2635,
El Karma Aqua Beach Resort,27.3169727,33.7063812,إقامة,"El Karma Aqua Beach Resort is a hotel and accommodation facility in Egypt, offering lodging services to travelers and tourists visiting the area.",2636,
موقف الاتوبيسات,27.2414095,33.8278498,إقامة,"موقف الاتوبيسات is a hotel and accommodation facility in Egypt, offering lodging services to travelers and tourists visiting the area.",2637,
Wild beach (entering),27.2784724,33.7756475,أخرى,"Wild beach (entering) is a point of interest in Egypt, contributing to the country's diverse cultural, historical, and natural landscape.",2638,
Seaside near El-Ahya',27.2941166,33.7544595,إقامة,"Seaside near El-Ahya' is a hotel and accommodation facility in Egypt, offering lodging services to travelers and tourists visiting the area.",2639,
شقق لمركز الغوص,27.2400407,33.8387728,أخرى,"شقق لمركز الغوص is a point of interest in Egypt, contributing to the country's diverse cultural, historical, and natural landscape.",2640,
The Three Corners Rihanna Resort,27.3995082,33.6730221,إقامة,"The Three Corners Rihanna Resort is a hotel and accommodation facility in Egypt, offering lodging services to travelers and tourists visiting the area.",2641,
Aqua Palms Resort,27.3229542,33.700188,أخرى,"Aqua Palms Resort is a point of interest in Egypt, contributing to the country's diverse cultural, historical, and natural landscape.",2642,
Free beach Al Ahyaa,27.3284818,33.7073211,خارجي وطبيعي,"Free beach Al Ahyaa is an outdoor natural or recreational area in Egypt, offering visitors the opportunity to experience the country's diverse landscapes from the Nile Valley to the desert and Mediterranean coast.",2643,
Aqua Tropical Hurghada,27.3221783,33.7010701,أخرى,"Aqua Tropical Hurghada is a point of interest in Egypt, contributing to the country's diverse cultural, historical, and natural landscape.",2644,
CREEK HOTEL & RESIDENCES EL GOUNA,27.3770534,33.6596438,إقامة,"CREEK HOTEL & RESIDENCES EL GOUNA is a hotel and accommodation facility in Egypt, offering lodging services to travelers and tourists visiting the area.",2645,
Zahabia resort,27.244015,33.8421115,إقامة,"Zahabia resort is a hotel and accommodation facility in Egypt, offering lodging services to travelers and tourists visiting the area.",2646,
"Hawaii Paradise Aquapark, 5",27.3124691,33.7136818,إقامة,"Hawaii Paradise Aquapark, 5 is a hotel and accommodation facility in Egypt, offering lodging services to travelers and tourists visiting the area.",2647,
TAM. GALLERY,27.4074145,33.6740019,أخرى,"TAM. GALLERY is a point of interest in Egypt, contributing to the country's diverse cultural, historical, and natural landscape.",2648,
Moon Beach Resort,27.2519484,33.8362781,إقامة,"Moon Beach Resort is a hotel and accommodation facility in Egypt, offering lodging services to travelers and tourists visiting the area.",2649,
Hana Hostel,27.2582555,33.8223857,إقامة,"Hana Hostel is a hotel and accommodation facility in Egypt, offering lodging services to travelers and tourists visiting the area.",2650,
كنيسة الإخوة الغردقة,27.2623796,33.8052788,أخرى,"كنيسة الإخوة الغردقة is a Christian church representing Egypt's rich Coptic heritage, which traces its roots to the earliest centuries of Christianity. Egypt's Coptic Christians maintain traditions dating back nearly 2,000 years.",2651,
DoubleTree by Hilton Mangroovy El Gouna Resort,27.4156097,33.6721677,إقامة,"DoubleTree by Hilton Mangroovy El Gouna Resort is a hotel and accommodation facility in Egypt, offering lodging services to travelers and tourists visiting the area.",2652,
عبدالحكيم مدكور,26.025701,32.2630769,إقامة,"عبدالحكيم مدكور is a hotel and accommodation facility in Egypt, offering lodging services to travelers and tourists visiting the area.",2653,
منزل ا عبداللاه الخضرى,26.0891849,32.0307259,أخرى,"منزل ا عبداللاه الخضرى is a point of interest in Egypt, contributing to the country's diverse cultural, historical, and natural landscape.",2654,
البيت في الصعيد,26.1577109,31.9769583,أخرى,"البيت في الصعيد is a point of interest in Egypt, contributing to the country's diverse cultural, historical, and natural landscape.",2655,
Pyramid of Sinki,26.1577874,31.9663767,أخرى,Pyramid of Sinki is an ancient Egyptian historical site that forms part of Egypt's extraordinary archaeological heritage. The site offers visitors a direct connection to the civilization that built one of the greatest empires of the ancient world.,2656,
بيت العمدة رشاد الخفاجي سوهاج البلينا العوكلية,26.1753312,31.9577767,أخرى,"بيت العمدة رشاد الخفاجي سوهاج البلينا العوكلية is a point of interest in Egypt, contributing to the country's diverse cultural, historical, and natural landscape.",2657,
Nile View Police Club,26.0477683,32.2460035,أخرى,"Nile View Police Club is a point of interest in Egypt, contributing to the country's diverse cultural, historical, and natural landscape.",2658,
كوبري قرية الأميرية,26.1479733,32.0864973,أخرى,"كوبري قرية الأميرية is a point of interest in Egypt, contributing to the country's diverse cultural, historical, and natural landscape.",2659,
قرية الأميرية,26.149293,32.0875937,أخرى,"قرية الأميرية is a point of interest in Egypt, contributing to the country's diverse cultural, historical, and natural landscape.",2660,
الإسم العربي ؟,26.95,31.5,أخرى,"الإسم العربي ؟ is a point of interest in Egypt, contributing to the country's diverse cultural, historical, and natural landscape.",2661,
חיים אשכנזי,29.9070171,34.7900091,أخرى,"חיים אשכנזי is a point of interest in Egypt, contributing to the country's diverse cultural, historical, and natural landscape.",2662,
Kuntillet Ajrud,30.1931282,34.4208948,تاريخي,Kuntillet Ajrud is an ancient Egyptian historical site that forms part of Egypt's extraordinary archaeological heritage. The site offers visitors a direct connection to the civilization that built one of the greatest empires of the ancient world.,2663,
خط كهرباء,25.4396176,32.4169893,أخرى,"خط كهرباء is a point of interest in Egypt, contributing to the country's diverse cultural, historical, and natural landscape.",2664,
KV7,25.4396854,32.3596308,تاريخي,"KV7 is the tomb of Ramesses II in the Valley of the Kings, Luxor — the pharaoh known as Ramesses the Great who ruled Egypt for 66 years. Though heavily damaged by ancient floods, the tomb's corridors extend over 160 meters and once displayed elaborate wall paintings depicting the Book of Gates and other funerary texts. It is one of the largest tombs in the royal necropolis.",2665,100.0
منارة الإسكندرية,31.2139964,29.8856722,أخرى,"منارة الإسكندرية is a point of interest in Egypt, contributing to the country's diverse cultural, historical, and natural landscape.",2666,
المتروبول,31.2007943,29.9003204,إقامة,"المتروبول is a hotel and accommodation facility in Egypt, offering lodging services to travelers and tourists visiting the area.",2667,
طابية التوفيقية,31.314466,30.0501418,أخرى,"طابية التوفيقية is a point of interest in Egypt, contributing to the country's diverse cultural, historical, and natural landscape.",2668,
طابية البرج,31.3245999,30.0643262,أخرى,"طابية البرج is a point of interest in Egypt, contributing to the country's diverse cultural, historical, and natural landscape.",2669,
عامود السوارى,31.1825811,29.8963926,أخرى,"عامود السوارى is a point of interest in Egypt, contributing to the country's diverse cultural, historical, and natural landscape.",2670,
قبر الجندي البحري المجهول,31.1999661,29.8937371,أخرى,"قبر الجندي البحري المجهول is a point of interest in Egypt, contributing to the country's diverse cultural, historical, and natural landscape.",2671,
Goethe-Institut Alexandria,31.2010012,29.9091991,أخرى,"Goethe-Institut Alexandria is a point of interest in Egypt, contributing to the country's diverse cultural, historical, and natural landscape.",2672,
شيراتون المنتزه,31.2813925,30.0110426,إقامة,"شيراتون المنتزه is a hotel and accommodation facility in Egypt, offering lodging services to travelers and tourists visiting the area.",2673,
Paradise Inn,31.2887715,30.0247143,إقامة,"Paradise Inn is a hotel and accommodation facility in Egypt, offering lodging services to travelers and tourists visiting the area.",2674,
Egypt Hotel,31.2022665,29.9014014,إقامة,"Egypt Hotel is a hotel and accommodation facility in Egypt, offering lodging services to travelers and tourists visiting the area.",2675,
Fouad Hotel,31.2022154,29.9014436,إقامة,"Fouad Hotel is a hotel and accommodation facility in Egypt, offering lodging services to travelers and tourists visiting the area.",2676,
Karnak Hotel,31.204845,29.9045009,إقامة,"Karnak Hotel is a hotel and accommodation facility in Egypt, offering lodging services to travelers and tourists visiting the area.",2677,
Paradise Inn Windsor Palace,31.2004702,29.8968842,إقامة,"Paradise Inn Windsor Palace is a hotel and accommodation facility in Egypt, offering lodging services to travelers and tourists visiting the area.",2678,
فندق يونيون,31.2005453,29.8976899,إقامة,"فندق يونيون is a hotel and accommodation facility in Egypt, offering lodging services to travelers and tourists visiting the area.",2679,
Hilton Alexandria Green Plaza,31.2066358,29.9653965,إقامة,"Hilton Alexandria Green Plaza is a hotel and accommodation facility in Egypt, offering lodging services to travelers and tourists visiting the area.",2680,
Heraklion,31.302979,30.120813,تاريخي,Heraklion is an ancient Egyptian historical site that forms part of Egypt's extraordinary archaeological heritage. The site offers visitors a direct connection to the civilization that built one of the greatest empires of the ancient world.,2681,
فندق المحروسة,31.2539028,29.974173,إقامة,"فندق المحروسة is a hotel and accommodation facility in Egypt, offering lodging services to travelers and tourists visiting the area.",2682,
قصر الصفا,31.2437658,29.9643651,أخرى,"قصر الصفا is a point of interest in Egypt, contributing to the country's diverse cultural, historical, and natural landscape.",2683,
سان جيوفاني,31.2340179,29.9477918,إقامة,"سان جيوفاني is a hotel and accommodation facility in Egypt, offering lodging services to travelers and tourists visiting the area.",2684,
بيت اسكندرية محرم بك,31.1943708,29.9205834,ثقافي,"بيت اسكندرية محرم بك is a cultural institution in Egypt that preserves and presents aspects of Egyptian heritage, history, and artistic traditions for visitors and researchers alike.",2685,
غيط العنب,31.1800239,29.904819,أخرى,"غيط العنب is a point of interest in Egypt, contributing to the country's diverse cultural, historical, and natural landscape.",2686,
gaber,31.2327049,29.9869608,أخرى,"gaber is a point of interest in Egypt, contributing to the country's diverse cultural, historical, and natural landscape.",2687,
شاطئ 26 يوليو,31.2490192,29.9678308,أخرى,"شاطئ 26 يوليو is a point of interest in Egypt, contributing to the country's diverse cultural, historical, and natural landscape.",2688,
فندق سيستا محرم بك,31.1825089,29.925962,إقامة,"فندق سيستا محرم بك is a hotel and accommodation facility in Egypt, offering lodging services to travelers and tourists visiting the area.",2689,
Alexdrari Home,31.232649,29.9612223,أخرى,"Alexdrari Home is a point of interest in Egypt, contributing to the country's diverse cultural, historical, and natural landscape.",2690,
Abdel Razek Abou El Ela,31.1372081,30.1152204,أخرى,"Abdel Razek Abou El Ela is a point of interest in Egypt, contributing to the country's diverse cultural, historical, and natural landscape.",2691,
فيولا تي في,31.2458031,29.974857,ثقافي,"فيولا تي في is a cultural institution in Egypt that preserves and presents aspects of Egyptian heritage, history, and artistic traditions for visitors and researchers alike.",2692,
فيلات زكريا الوكيل,31.2903179,30.0358484,أخرى,"فيلات زكريا الوكيل is a point of interest in Egypt, contributing to the country's diverse cultural, historical, and natural landscape.",2693,
منزلي اسماعيل اسكندرية,31.2561464,29.9786503,أخرى,"منزلي اسماعيل اسكندرية is a point of interest in Egypt, contributing to the country's diverse cultural, historical, and natural landscape.",2694,
محطة بيتي,31.253065,29.976038,أخرى,"محطة بيتي is a point of interest in Egypt, contributing to the country's diverse cultural, historical, and natural landscape.",2695,
Alexander the great hotel,31.19488,29.8958819,إقامة,"Alexander the great hotel is a hotel and accommodation facility in Egypt, offering lodging services to travelers and tourists visiting the area.",2696,
Hôtel Normandie,31.2006281,29.8980989,إقامة,"Hôtel Normandie is a hotel and accommodation facility in Egypt, offering lodging services to travelers and tourists visiting the area.",2697,
Acropole Hotel,31.2002972,29.8987035,إقامة,"Acropole Hotel is a hotel and accommodation facility in Egypt, offering lodging services to travelers and tourists visiting the area.",2698,
منزل المرحومة ساميه,31.2513352,29.9907398,إقامة,"منزل المرحومة ساميه is a hotel and accommodation facility in Egypt, offering lodging services to travelers and tourists visiting the area.",2699,
Sumed 3,31.2092786,29.9581103,أخرى,"Sumed 3 is a point of interest in Egypt, contributing to the country's diverse cultural, historical, and natural landscape.",2700,
مكتب جوازات اسكندرية,31.1967828,29.8977486,أخرى,"مكتب جوازات اسكندرية is a point of interest in Egypt, contributing to the country's diverse cultural, historical, and natural landscape.",2701,
محطة الرمل,31.193827,29.8960105,أخرى,"محطة الرمل is a point of interest in Egypt, contributing to the country's diverse cultural, historical, and natural landscape.",2702,
مسجد الاسراء,31.2429661,29.9763234,أخرى,مسجد الاسراء is a mosque serving the local Muslim community and representing Egypt's Islamic architectural heritage. Egypt's mosques range from medieval masterpieces to modern places of worship.,2703,
Suez Channel Hotel,31.1993275,29.8947456,إقامة,"Suez Channel Hotel is a hotel and accommodation facility in Egypt, offering lodging services to travelers and tourists visiting the area.",2704,
شارع قصر رأس التين - أمام حلقة الأسماك,31.2099686,29.8804461,أخرى,"شارع قصر رأس التين - أمام حلقة الأسماك is a point of interest in Egypt, contributing to the country's diverse cultural, historical, and natural landscape.",2705,
محطة الرمل,31.201541,29.9013501,أخرى,"محطة الرمل is a point of interest in Egypt, contributing to the country's diverse cultural, historical, and natural landscape.",2706,
Boat Statue,31.2290245,29.9535141,ثقافي,"Boat Statue is a cultural institution in Egypt that preserves and presents aspects of Egyptian heritage, history, and artistic traditions for visitors and researchers alike.",2707,
Musicians,31.226281,29.9499426,ثقافي,"Musicians is a cultural institution in Egypt that preserves and presents aspects of Egyptian heritage, history, and artistic traditions for visitors and researchers alike.",2708,
ترانزيت,31.2003254,29.8985282,إقامة,"ترانزيت is a hotel and accommodation facility in Egypt, offering lodging services to travelers and tourists visiting the area.",2709,
Alexandria Youth Hostel,31.2109855,29.9166745,إقامة,"Alexandria Youth Hostel is a hotel and accommodation facility in Egypt, offering lodging services to travelers and tourists visiting the area.",2710,
فندق النصر,31.2002821,29.8982422,إقامة,"فندق النصر is a hotel and accommodation facility in Egypt, offering lodging services to travelers and tourists visiting the area.",2711,
تمثال سعد زغلول,31.2009138,29.8994049,ثقافي,"تمثال سعد زغلول is a cultural institution in Egypt that preserves and presents aspects of Egyptian heritage, history, and artistic traditions for visitors and researchers alike.",2712,
الاكاديمية البحرية بالإسكندرية,31.3076981,30.0638861,أخرى,"الاكاديمية البحرية بالإسكندرية is a point of interest in Egypt, contributing to the country's diverse cultural, historical, and natural landscape.",2713,
مبني د بالاكاديمية,31.3080115,30.0648257,أخرى,"مبني د بالاكاديمية is a point of interest in Egypt, contributing to the country's diverse cultural, historical, and natural landscape.",2714,
صبحي,31.1440367,30.1077544,أخرى,"صبحي is a point of interest in Egypt, contributing to the country's diverse cultural, historical, and natural landscape.",2715,
المعمورة بالاس,31.287887,30.0255803,إقامة,"المعمورة بالاس is a hotel and accommodation facility in Egypt, offering lodging services to travelers and tourists visiting the area.",2716,
الابراهيمية,31.2104129,29.9314039,أخرى,"الابراهيمية is a point of interest in Egypt, contributing to the country's diverse cultural, historical, and natural landscape.",2717,
Crillon Hotel,31.2005298,29.8973409,إقامة,"Crillon Hotel is a hotel and accommodation facility in Egypt, offering lodging services to travelers and tourists visiting the area.",2718,
mahmoud saied museum,31.2451159,29.9685081,ثقافي,"The Mahmoud Said Museum in Alexandria celebrates the work of Egypt's greatest modern painter, Mahmoud Said (1897-1964), who blended Western realism with authentic Egyptian spirit. Housed in his former villa, the museum presents his iconic depictions of Egyptian women, rural life, and the Mediterranean coast alongside works by other Alexandrian School artists.",2719,40.0
متحف محمود سعيد,31.2444496,29.9695783,ثقافي,متحف محمود سعيد في الإسكندرية يحتفي بأعمال الرسام الكبير محمود سعيد (1897-1964). يضم لوحاته الشهيرة التي تصوّر المرأة المصرية والحياة الريفية وشواطئ البحر المتوسط في فيلا تاريخية جميلة.,2720,40.0
Eatabe Alexandria Hotel,31.2366724,29.9529114,إقامة,"Eatabe Alexandria Hotel is a hotel and accommodation facility in Egypt, offering lodging services to travelers and tourists visiting the area.",2721,
King Farouk Palace,31.1916198,29.9156981,أخرى,"King Farouk Palace is a point of interest in Egypt, contributing to the country's diverse cultural, historical, and natural landscape.",2722,
شقة محمد عادل,31.2747338,30.0174866,أخرى,"شقة محمد عادل is a point of interest in Egypt, contributing to the country's diverse cultural, historical, and natural landscape.",2723,
ميدان النصر,31.1982851,29.8880226,أخرى,"ميدان النصر is a point of interest in Egypt, contributing to the country's diverse cultural, historical, and natural landscape.",2724,
بيت الرشايدة.,31.1687877,29.8809919,أخرى,"بيت الرشايدة. is a point of interest in Egypt, contributing to the country's diverse cultural, historical, and natural landscape.",2725,
الوزير,31.1940449,29.9186204,أخرى,"الوزير is a point of interest in Egypt, contributing to the country's diverse cultural, historical, and natural landscape.",2726,
م. فياض اسكندرية,31.2784339,30.0115799,أخرى,"م. فياض اسكندرية is a point of interest in Egypt, contributing to the country's diverse cultural, historical, and natural landscape.",2727,
Royal jewel AL raml,31.2024538,29.9032594,إقامة,"Royal jewel AL raml is a hotel and accommodation facility in Egypt, offering lodging services to travelers and tourists visiting the area.",2728,
ElMadina Arts,31.1940878,29.9011964,أخرى,"ElMadina Arts is a point of interest in Egypt, contributing to the country's diverse cultural, historical, and natural landscape.",2729,
فندق سمير اميس,31.2019034,29.9007741,إقامة,"فندق سمير اميس is a hotel and accommodation facility in Egypt, offering lodging services to travelers and tourists visiting the area.",2730,
توليب الاسكندريه,31.2313733,29.946654,إقامة,"توليب الاسكندريه is a hotel and accommodation facility in Egypt, offering lodging services to travelers and tourists visiting the area.",2731,
مزين الاسكندريه,31.2354824,29.9550487,أخرى,"مزين الاسكندريه is a point of interest in Egypt, contributing to the country's diverse cultural, historical, and natural landscape.",2732,
Queen Cleopatra,31.2243756,29.9354258,إقامة,"Queen Cleopatra is a hotel and accommodation facility in Egypt, offering lodging services to travelers and tourists visiting the area.",2733,
فندق دلتا,31.2040869,29.9068522,إقامة,"فندق دلتا is a hotel and accommodation facility in Egypt, offering lodging services to travelers and tourists visiting the area.",2734,
Instituto Cervantes,31.1998998,29.9116684,أخرى,"Instituto Cervantes is a point of interest in Egypt, contributing to the country's diverse cultural, historical, and natural landscape.",2735,
Cherry Maryski,31.1983789,29.895694,إقامة,"Cherry Maryski is a hotel and accommodation facility in Egypt, offering lodging services to travelers and tourists visiting the area.",2736,
Suez Canal Hotel,31.1988868,29.8955082,إقامة,"Suez Canal Hotel is a hotel and accommodation facility in Egypt, offering lodging services to travelers and tourists visiting the area.",2737,
Egyptian Tourist Authority,31.1998037,29.8990494,خدمات,Egyptian Tourist Authority is a service facility in Egypt that supports visitors and residents in the area.,2738,
Statue of Ptolemy II,31.2079586,29.9088727,ثقافي,"Statue of Ptolemy II is a cultural institution in Egypt that preserves and presents aspects of Egyptian heritage, history, and artistic traditions for visitors and researchers alike.",2739,
B'sarya for Arts,31.1975034,29.9047756,أخرى,"B'sarya for Arts is a point of interest in Egypt, contributing to the country's diverse cultural, historical, and natural landscape.",2740,
متحف كڤافيس,31.1976064,29.9012293,ثقافي,متحف كفافيس في الإسكندرية يحتفي بذكرى الشاعر اليوناني كونستانتينوس كفافيس (1863-1933) في الشقة التي عاش فيها السنوات الأخيرة من حياته. يستعيد المتحف أجواء الإسكندرية الكوزموبوليتانية وتعدد ثقافاتها كما عبّر عنها الشاعر في قصائده الخالدة.,2741,
قسطنطين كفافيس,31.1976466,29.9012685,أخرى,"قسطنطين كفافيس is a point of interest in Egypt, contributing to the country's diverse cultural, historical, and natural landscape.",2742,
المغربى,31.1984649,29.8954125,إقامة,"المغربى is a hotel and accommodation facility in Egypt, offering lodging services to travelers and tourists visiting the area.",2743,
Misr,31.2022626,29.902938,إقامة,"Misr is a hotel and accommodation facility in Egypt, offering lodging services to travelers and tourists visiting the area.",2744,
فندق مكة,31.2162458,29.9237695,إقامة,"فندق مكة is a hotel and accommodation facility in Egypt, offering lodging services to travelers and tourists visiting the area.",2745,
Statue of Nubar Pasha,31.1967315,29.9019048,ثقافي,"Statue of Nubar Pasha is a cultural institution in Egypt that preserves and presents aspects of Egyptian heritage, history, and artistic traditions for visitors and researchers alike.",2746,
سيد درويش,31.196756,29.9020312,ثقافي,"سيد درويش is a cultural institution in Egypt that preserves and presents aspects of Egyptian heritage, history, and artistic traditions for visitors and researchers alike.",2747,
Nile Excellesiour Hotel,31.199213,29.8955508,إقامة,"Nile Excellesiour Hotel is a hotel and accommodation facility in Egypt, offering lodging services to travelers and tourists visiting the area.",2748,
فندق عبير,31.2002448,29.8960021,إقامة,"فندق عبير is a hotel and accommodation facility in Egypt, offering lodging services to travelers and tourists visiting the area.",2749,
Shelter Art Space,31.1982173,29.9062471,أخرى,"Shelter Art Space is a point of interest in Egypt, contributing to the country's diverse cultural, historical, and natural landscape.",2750,
الحاج كمال احمد,31.2620997,30.0000911,أخرى,"الحاج كمال احمد is a point of interest in Egypt, contributing to the country's diverse cultural, historical, and natural landscape.",2751,
Adel,31.2459461,29.9713032,أخرى,"Adel is a point of interest in Egypt, contributing to the country's diverse cultural, historical, and natural landscape.",2752,
Amin Fikti Basha,31.1994823,29.9039912,خدمات,Amin Fikti Basha is a service facility in Egypt that supports visitors and residents in the area.,2753,
francais,31.2007712,29.9133372,ثقافي,"francais is a cultural institution in Egypt that preserves and presents aspects of Egyptian heritage, history, and artistic traditions for visitors and researchers alike.",2754,
Clement’s House Hotel,31.1999051,29.8995724,إقامة,"Clement’s House Hotel is a hotel and accommodation facility in Egypt, offering lodging services to travelers and tourists visiting the area.",2755,
murano,31.2345246,29.9489638,أخرى,"murano is a point of interest in Egypt, contributing to the country's diverse cultural, historical, and natural landscape.",2756,
Alexandria Aquarium,31.2123848,29.8840544,أخرى,"Alexandria Aquarium is a point of interest in Egypt, contributing to the country's diverse cultural, historical, and natural landscape.",2757,
Tea Island,31.2922079,30.0212171,أخرى,"Tea Island is a point of interest in Egypt, contributing to the country's diverse cultural, historical, and natural landscape.",2758,
Main tower,31.2143569,29.885396,أخرى,"Main tower is a point of interest in Egypt, contributing to the country's diverse cultural, historical, and natural landscape.",2759,
يت مارمينا المندره,31.2740424,30.0015596,أخرى,"يت مارمينا المندره is a point of interest in Egypt, contributing to the country's diverse cultural, historical, and natural landscape.",2760,
Museum of Fine Arts,31.1950937,29.9135029,ثقافي,"The Museum of Fine Arts in Alexandria, founded in 1954, houses an important collection of Egyptian and international art including paintings, sculptures, and decorative arts from the 19th and 20th centuries. The museum celebrates Alexandria's cosmopolitan artistic heritage and regularly hosts temporary exhibitions of contemporary Egyptian art.",2761,40.0
Alexander the Great,31.2336585,29.9478605,ثقافي,"Alexander the Great is a cultural institution in Egypt that preserves and presents aspects of Egyptian heritage, history, and artistic traditions for visitors and researchers alike.",2762,
مقبرة سلفلجو,31.1781932,29.8929195,تاريخي,مقبرة سلفلجو is an ancient Egyptian historical site that forms part of Egypt's extraordinary archaeological heritage. The site offers visitors a direct connection to the civilization that built one of the greatest empires of the ancient world.,2763,
ايجبتوس ڤيلا هوستل,31.2249819,29.9515943,إقامة,"ايجبتوس ڤيلا هوستل is a hotel and accommodation facility in Egypt, offering lodging services to travelers and tourists visiting the area.",2764,
حسن باشا الاسكندراني,31.2031882,29.9028598,ثقافي,"حسن باشا الاسكندراني is a cultural institution in Egypt that preserves and presents aspects of Egyptian heritage, history, and artistic traditions for visitors and researchers alike.",2765,
عبدالله النديم,31.2031609,29.9028237,ثقافي,"عبدالله النديم is a cultural institution in Egypt that preserves and presents aspects of Egyptian heritage, history, and artistic traditions for visitors and researchers alike.",2766,
تمثال الأشرعة البيضاء,31.2098669,29.9086858,ثقافي,"تمثال الأشرعة البيضاء is a cultural institution in Egypt that preserves and presents aspects of Egyptian heritage, history, and artistic traditions for visitors and researchers alike.",2767,
سيد درويش,31.2032765,29.9029654,ثقافي,"سيد درويش is a cultural institution in Egypt that preserves and presents aspects of Egyptian heritage, history, and artistic traditions for visitors and researchers alike.",2768,
محمد كريم,31.2032481,29.9029301,ثقافي,"محمد كريم is a cultural institution in Egypt that preserves and presents aspects of Egyptian heritage, history, and artistic traditions for visitors and researchers alike.",2769,
New Capry Hotel,31.1997732,29.8989536,إقامة,"New Capry Hotel is a hotel and accommodation facility in Egypt, offering lodging services to travelers and tourists visiting the area.",2770,
Miramar,31.2139515,29.9199562,إقامة,"Miramar is a hotel and accommodation facility in Egypt, offering lodging services to travelers and tourists visiting the area.",2771,
Holiday Hotel,31.1987068,29.8928597,إقامة,"Holiday Hotel is a hotel and accommodation facility in Egypt, offering lodging services to travelers and tourists visiting the area.",2772,
Marhaba,31.1992366,29.8930186,إقامة,"Marhaba is a hotel and accommodation facility in Egypt, offering lodging services to travelers and tourists visiting the area.",2773,
Hotel Ramsis,31.205287,29.9049682,إقامة,"Hotel Ramsis is a hotel and accommodation facility in Egypt, offering lodging services to travelers and tourists visiting the area.",2774,
Four Seasons,31.2457369,29.9661752,إقامة,"Four Seasons is a hotel and accommodation facility in Egypt, offering lodging services to travelers and tourists visiting the area.",2775,
شارع كامل جمعة شاهين,31.1456497,30.1110092,أخرى,"شارع كامل جمعة شاهين is a point of interest in Egypt, contributing to the country's diverse cultural, historical, and natural landscape.",2776,
Elites1 Guesthouse,31.2290085,29.9558531,أخرى,"Elites1 Guesthouse is a point of interest in Egypt, contributing to the country's diverse cultural, historical, and natural landscape.",2777,
Royal Train,31.2835548,30.0253254,أخرى,"Royal Train is a point of interest in Egypt, contributing to the country's diverse cultural, historical, and natural landscape.",2778,
Green House,31.2874421,30.0246007,أخرى,"Green House is a point of interest in Egypt, contributing to the country's diverse cultural, historical, and natural landscape.",2779,
Ashraqat Roshdy,31.2322908,29.9524022,أخرى,"Ashraqat Roshdy is a point of interest in Egypt, contributing to the country's diverse cultural, historical, and natural landscape.",2780,
مسلة السلسلة الأثرية,31.2100613,29.9081151,ثقافي,"مسلة السلسلة الأثرية is a cultural institution in Egypt that preserves and presents aspects of Egyptian heritage, history, and artistic traditions for visitors and researchers alike.",2781,
فينوس,31.2017098,29.9492148,أخرى,"فينوس is a point of interest in Egypt, contributing to the country's diverse cultural, historical, and natural landscape.",2782,
منزل الحاج محمد الكردي,31.2063919,30.0156372,أخرى,"منزل الحاج محمد الكردي is a point of interest in Egypt, contributing to the country's diverse cultural, historical, and natural landscape.",2783,
متحف التاريخ الطبيعي,31.2054762,29.9437077,ثقافي,متحف التاريخ الطبيعي في الإسكندرية يحتضن مجموعة من المستحاثات والنماذج الحيوانية والنباتية التي توثّق التنوع البيولوجي في مصر وحوض البحر المتوسط. يُعدّ وجهة تعليمية بامتياز لطلاب الجامعات والباحثين وعشاق علوم الطبيعة.,2784,30.0
بحيرة لك,29.7466442,24.7835079,أخرى,"بحيرة لك is a point of interest in Egypt, contributing to the country's diverse cultural, historical, and natural landscape.",2785,
تل الفرما,31.0427587,32.5473404,أخرى,"تل الفرما is a point of interest in Egypt, contributing to the country's diverse cultural, historical, and natural landscape.",2786,
معركة رمانة,31.0281819,32.5468418,أخرى,"معركة رمانة is a point of interest in Egypt, contributing to the country's diverse cultural, historical, and natural landscape.",2787,
Moon Resort,25.0852558,34.8822637,إقامة,"Moon Resort is a hotel and accommodation facility in Egypt, offering lodging services to travelers and tourists visiting the area.",2788,
Red Sea Hotel,25.0534666,34.9002362,إقامة,"Red Sea Hotel is a hotel and accommodation facility in Egypt, offering lodging services to travelers and tourists visiting the area.",2789,
Ambassador House Marsa Alam,25.0508346,34.9000704,إقامة,"Ambassador House Marsa Alam is a hotel and accommodation facility in Egypt, offering lodging services to travelers and tourists visiting the area.",2790,
Elphinstone,25.3073616,34.8606287,أخرى,"Elphinstone is a point of interest in Egypt, contributing to the country's diverse cultural, historical, and natural landscape.",2791,
Alam B&B Hostel,25.0568949,34.892353,إقامة,"Alam B&B Hostel is a hotel and accommodation facility in Egypt, offering lodging services to travelers and tourists visiting the area.",2792,
Legend,25.072444,34.9373952,أخرى,"Legend is a point of interest in Egypt, contributing to the country's diverse cultural, historical, and natural landscape.",2793,
Lady Queen Apartments,25.054,34.8989988,أخرى,"Lady Queen Apartments is a point of interest in Egypt, contributing to the country's diverse cultural, historical, and natural landscape.",2794,
Rayhana guest house,25.0655839,34.898747,إقامة,"Rayhana guest house is a hotel and accommodation facility in Egypt, offering lodging services to travelers and tourists visiting the area.",2795,
YMCA,27.1859905,31.1885424,إقامة,"YMCA is a hotel and accommodation facility in Egypt, offering lodging services to travelers and tourists visiting the area.",2796,
أسيوط,27.1789455,31.1890716,إقامة,"أسيوط is a hotel and accommodation facility in Egypt, offering lodging services to travelers and tourists visiting the area.",2797,
University Guest House,27.1887498,31.1722029,إقامة,"University Guest House is a hotel and accommodation facility in Egypt, offering lodging services to travelers and tourists visiting the area.",2798,
My Home,27.1911286,31.1782963,أخرى,"My Home is a point of interest in Egypt, contributing to the country's diverse cultural, historical, and natural landscape.",2799,
1929,26.9754616,31.3759046,ثقافي,"1929 is a cultural institution in Egypt that preserves and presents aspects of Egyptian heritage, history, and artistic traditions for visitors and researchers alike.",2800,
دوار الحاج رشدى سالمان,26.9366675,31.406648,أخرى,"دوار الحاج رشدى سالمان is a point of interest in Egypt, contributing to the country's diverse cultural, historical, and natural landscape.",2801,
منقباد,27.1872822,31.1035461,إقامة,"منقباد is a hotel and accommodation facility in Egypt, offering lodging services to travelers and tourists visiting the area.",2802,
منقباد,27.1907123,31.1030512,إقامة,"منقباد is a hotel and accommodation facility in Egypt, offering lodging services to travelers and tourists visiting the area.",2803,
دوار عائلة الفراغلة,26.9358434,31.4055805,أخرى,"دوار عائلة الفراغلة is a point of interest in Egypt, contributing to the country's diverse cultural, historical, and natural landscape.",2804,
الشيخ عبيد,26.9371292,31.4063052,أخرى,"الشيخ عبيد is a point of interest in Egypt, contributing to the country's diverse cultural, historical, and natural landscape.",2805,
عمارات بنك التنمية والائتمان الزراعى,27.177512,31.1867587,أخرى,"عمارات بنك التنمية والائتمان الزراعى is a point of interest in Egypt, contributing to the country's diverse cultural, historical, and natural landscape.",2806,
شارع الفراغلة,26.9365975,31.4067635,أخرى,"شارع الفراغلة is a point of interest in Egypt, contributing to the country's diverse cultural, historical, and natural landscape.",2807,
شارع البوابة,26.9359843,31.4073591,أخرى,"شارع البوابة is a point of interest in Egypt, contributing to the country's diverse cultural, historical, and natural landscape.",2808,
مطعم شعبان,26.9367993,31.4065646,أخرى,"مطعم شعبان is a point of interest in Egypt, contributing to the country's diverse cultural, historical, and natural landscape.",2809,
منزل يونان حنا,26.9351867,31.4045921,أخرى,"منزل يونان حنا is a point of interest in Egypt, contributing to the country's diverse cultural, historical, and natural landscape.",2810,
منزل فيكتور يونان,26.9351785,31.4046118,أخرى,"منزل فيكتور يونان is a point of interest in Egypt, contributing to the country's diverse cultural, historical, and natural landscape.",2811,
المدينة الجامعية للطلبة مبنى د,27.1879936,31.1751989,أخرى,"المدينة الجامعية للطلبة مبنى د is a point of interest in Egypt, contributing to the country's diverse cultural, historical, and natural landscape.",2812,
المدينة الجامعية مبنى و,27.1875722,31.1753395,أخرى,"المدينة الجامعية مبنى و is a point of interest in Egypt, contributing to the country's diverse cultural, historical, and natural landscape.",2813,
المدينة الجامعية للطلبة,27.1872943,31.1764156,أخرى,"المدينة الجامعية للطلبة is a point of interest in Egypt, contributing to the country's diverse cultural, historical, and natural landscape.",2814,
مبنى ج,27.1878396,31.1763042,أخرى,"مبنى ج is a point of interest in Egypt, contributing to the country's diverse cultural, historical, and natural landscape.",2815,
مبنى ب,27.1877613,31.1771667,أخرى,"مبنى ب is a point of interest in Egypt, contributing to the country's diverse cultural, historical, and natural landscape.",2816,
مبنى أ,27.1876191,31.1781104,أخرى,"مبنى أ is a point of interest in Egypt, contributing to the country's diverse cultural, historical, and natural landscape.",2817,
مبنى هـ,27.186341,31.1757149,أخرى,"مبنى هـ is a point of interest in Egypt, contributing to the country's diverse cultural, historical, and natural landscape.",2818,
مبنى قطاع 1,27.1874797,31.1784848,أخرى,"مبنى قطاع 1 is a point of interest in Egypt, contributing to the country's diverse cultural, historical, and natural landscape.",2819,
جراجات الجامعة,27.1877266,31.168172,أخرى,"جراجات الجامعة is a point of interest in Egypt, contributing to the country's diverse cultural, historical, and natural landscape.",2820,
شارع الصوالح,26.9354344,31.4051898,أخرى,"شارع الصوالح is a point of interest in Egypt, contributing to the country's diverse cultural, historical, and natural landscape.",2821,
شارع المداكير,26.9353925,31.4067375,أخرى,"شارع المداكير is a point of interest in Egypt, contributing to the country's diverse cultural, historical, and natural landscape.",2822,
قرية كيمان سعيد,26.9330791,31.4042786,أخرى,"قرية كيمان سعيد is a point of interest in Egypt, contributing to the country's diverse cultural, historical, and natural landscape.",2823,
شارع المداكير,26.9349972,31.4070381,أخرى,"شارع المداكير is a point of interest in Egypt, contributing to the country's diverse cultural, historical, and natural landscape.",2824,
مدخل أولاد الياس (القنطرة),26.940977,31.4036533,أخرى,"مدخل أولاد الياس (القنطرة) is a point of interest in Egypt, contributing to the country's diverse cultural, historical, and natural landscape.",2825,
البارود الغربى,26.9393558,31.40446,أخرى,"البارود الغربى is a point of interest in Egypt, contributing to the country's diverse cultural, historical, and natural landscape.",2826,
مبنى قطاع 2,27.1875416,31.1791414,أخرى,"مبنى قطاع 2 is a point of interest in Egypt, contributing to the country's diverse cultural, historical, and natural landscape.",2827,
المبني الإداري,27.1885061,31.172617,أخرى,"المبني الإداري is a point of interest in Egypt, contributing to the country's diverse cultural, historical, and natural landscape.",2828,
جراجات الجامعة,27.1881853,31.1701664,أخرى,"جراجات الجامعة is a point of interest in Egypt, contributing to the country's diverse cultural, historical, and natural landscape.",2829,
شارع المواضى,26.9348456,31.4039406,أخرى,"شارع المواضى is a point of interest in Egypt, contributing to the country's diverse cultural, historical, and natural landscape.",2830,
دوار عائلة الشوامخ,26.9341852,31.4044695,أخرى,"دوار عائلة الشوامخ is a point of interest in Egypt, contributing to the country's diverse cultural, historical, and natural landscape.",2831,
مركز شباب اولاد الياس,26.9379719,31.4025195,أخرى,"مركز شباب اولاد الياس is a point of interest in Egypt, contributing to the country's diverse cultural, historical, and natural landscape.",2832,
دوار عائلة المداكير,26.9354259,31.4066753,أخرى,"دوار عائلة المداكير is a point of interest in Egypt, contributing to the country's diverse cultural, historical, and natural landscape.",2833,
دوار عائلة البوابة,26.935632,31.4063851,أخرى,"دوار عائلة البوابة is a point of interest in Egypt, contributing to the country's diverse cultural, historical, and natural landscape.",2834,
فيلا العمدة محمد مصطفى,26.9378724,31.403302,أخرى,"فيلا العمدة محمد مصطفى is a point of interest in Egypt, contributing to the country's diverse cultural, historical, and natural landscape.",2835,
الشيخ عبداللاه,26.9355555,31.4066637,أخرى,"الشيخ عبداللاه is a point of interest in Egypt, contributing to the country's diverse cultural, historical, and natural landscape.",2836,
مبني ز,27.1866122,31.1764036,أخرى,"مبني ز is a point of interest in Egypt, contributing to the country's diverse cultural, historical, and natural landscape.",2837,
جنينة العواصى,26.9352357,31.4103766,أخرى,"جنينة العواصى is a point of interest in Egypt, contributing to the country's diverse cultural, historical, and natural landscape.",2838,
فيلا حسن شاكر افندى,26.9340155,31.4036904,أخرى,"فيلا حسن شاكر افندى is a point of interest in Egypt, contributing to the country's diverse cultural, historical, and natural landscape.",2839,
شارع المقابر,26.9335706,31.4081983,أخرى,"شارع المقابر is a point of interest in Egypt, contributing to the country's diverse cultural, historical, and natural landscape.",2840,
شارع الجسر الشرقى,26.9384566,31.4050942,أخرى,"شارع الجسر الشرقى is a point of interest in Egypt, contributing to the country's diverse cultural, historical, and natural landscape.",2841,
الشيخ عبيد,26.9371984,31.4062488,أخرى,"الشيخ عبيد is a point of interest in Egypt, contributing to the country's diverse cultural, historical, and natural landscape.",2842,
فندق الحسين,27.1807551,31.182473,إقامة,"فندق الحسين is a hotel and accommodation facility in Egypt, offering lodging services to travelers and tourists visiting the area.",2843,
Rifaah Rafih El Tahtauwei Statue,27.1855813,31.1749497,ثقافي,"Rifaah Rafih El Tahtauwei Statue is a cultural institution in Egypt that preserves and presents aspects of Egyptian heritage, history, and artistic traditions for visitors and researchers alike.",2844,
الحاج/ كمال احمد,27.1864385,31.1939812,أخرى,"الحاج/ كمال احمد is a point of interest in Egypt, contributing to the country's diverse cultural, historical, and natural landscape.",2845,
Al Badr,27.1806151,31.1888981,إقامة,"Al Badr is a hotel and accommodation facility in Egypt, offering lodging services to travelers and tourists visiting the area.",2846,
عزبة الهوارين,26.8895312,31.377976,أخرى,"عزبة الهوارين is a point of interest in Egypt, contributing to the country's diverse cultural, historical, and natural landscape.",2847,
محمد محمود الدقش,26.9065986,31.4340513,أخرى,"محمد محمود الدقش is a point of interest in Egypt, contributing to the country's diverse cultural, historical, and natural landscape.",2848,
فندق أبونا يسي,26.8145958,31.3555612,إقامة,"فندق أبونا يسي is a hotel and accommodation facility in Egypt, offering lodging services to travelers and tourists visiting the area.",2849,
مطعم كمونة,27.1866023,31.1939598,أخرى,"مطعم كمونة is a point of interest in Egypt, contributing to the country's diverse cultural, historical, and natural landscape.",2850,
مركز تدريب قوة من الاعالي,27.2191383,31.3362073,أخرى,"مركز تدريب قوة من الاعالي is a point of interest in Egypt, contributing to the country's diverse cultural, historical, and natural landscape.",2851,
شقة هالة,27.1682217,31.1887556,أخرى,"شقة هالة is a point of interest in Egypt, contributing to the country's diverse cultural, historical, and natural landscape.",2852,
كنيسة باقور الاخ مسعد,27.0946256,31.2944066,أخرى,"كنيسة باقور الاخ مسعد is a Christian church representing Egypt's rich Coptic heritage, which traces its roots to the earliest centuries of Christianity. Egypt's Coptic Christians maintain traditions dating back nearly 2,000 years.",2853,
نهصة قداسة باقور,27.0949652,31.2944753,أخرى,"نهصة قداسة باقور is a point of interest in Egypt, contributing to the country's diverse cultural, historical, and natural landscape.",2854,
كرازة كيمان سعيد,26.9306345,31.4048148,أخرى,"كرازة كيمان سعيد is a point of interest in Egypt, contributing to the country's diverse cultural, historical, and natural landscape.",2855,
ارسالية كندا,27.185645,31.1872522,أخرى,"ارسالية كندا is a point of interest in Egypt, contributing to the country's diverse cultural, historical, and natural landscape.",2856,
نعمة رسولية الساحل,27.0617163,31.3482452,أخرى,"نعمة رسولية الساحل is a point of interest in Egypt, contributing to the country's diverse cultural, historical, and natural landscape.",2857,
نهضة قداسة اسيوط,27.1841576,31.1823773,أخرى,"نهضة قداسة اسيوط is a point of interest in Egypt, contributing to the country's diverse cultural, historical, and natural landscape.",2858,
نهضة قداسة ابو تيج,27.0427181,31.3191873,أخرى,"نهضة قداسة ابو تيج is a point of interest in Egypt, contributing to the country's diverse cultural, historical, and natural landscape.",2859,
رسولية النخيلة,27.0182808,31.3432623,أخرى,"رسولية النخيلة is a point of interest in Egypt, contributing to the country's diverse cultural, historical, and natural landscape.",2860,
مثال ابو حجر,26.9200761,31.367976,أخرى,"مثال ابو حجر is a point of interest in Egypt, contributing to the country's diverse cultural, historical, and natural landscape.",2861,
رسولية البداري,26.9948543,31.4132863,أخرى,"رسولية البداري is a point of interest in Egypt, contributing to the country's diverse cultural, historical, and natural landscape.",2862,
كرازة صدفا,26.9665414,31.3765659,أخرى,"كرازة صدفا is a point of interest in Egypt, contributing to the country's diverse cultural, historical, and natural landscape.",2863,
Agyad,27.1796725,31.1853202,إقامة,"Agyad is a hotel and accommodation facility in Egypt, offering lodging services to travelers and tourists visiting the area.",2864,
Zahra Makah,27.1795939,31.1853778,إقامة,"Zahra Makah is a hotel and accommodation facility in Egypt, offering lodging services to travelers and tourists visiting the area.",2865,
Amoun,27.1808487,31.1872214,إقامة,"Amoun is a hotel and accommodation facility in Egypt, offering lodging services to travelers and tourists visiting the area.",2866,
انجيلية ابوتيج,27.0454657,31.3161634,أخرى,"انجيلية ابوتيج is a point of interest in Egypt, contributing to the country's diverse cultural, historical, and natural landscape.",2867,
Qusair al-Qadim,26.1544189,34.2438727,تاريخي,Qusair al-Qadim is an ancient Egyptian historical site that forms part of Egypt's extraordinary archaeological heritage. The site offers visitors a direct connection to the civilization that built one of the greatest empires of the ancient world.,2868,
Fanadir Hotel,26.092058,34.2885027,إقامة,"Fanadir Hotel is a hotel and accommodation facility in Egypt, offering lodging services to travelers and tourists visiting the area.",2869,
Mövenpick El Qusair,26.1545384,34.2468093,إقامة,"Mövenpick El Qusair is a hotel and accommodation facility in Egypt, offering lodging services to travelers and tourists visiting the area.",2870,
Flamenco Beach El Qusair,26.1653366,34.2416677,إقامة,"Flamenco Beach El Qusair is a hotel and accommodation facility in Egypt, offering lodging services to travelers and tourists visiting the area.",2871,
Soug Bahar,25.9823079,34.3473762,أخرى,"Soug Bahar is a point of interest in Egypt, contributing to the country's diverse cultural, historical, and natural landscape.",2872,
Seyala,26.1248583,33.9305949,تاريخي,Seyala is an ancient Egyptian historical site that forms part of Egypt's extraordinary archaeological heritage. The site offers visitors a direct connection to the civilization that built one of the greatest empires of the ancient world.,2873,
Hotel El Qoseir,26.1053647,34.2861396,إقامة,"Hotel El Qoseir is a hotel and accommodation facility in Egypt, offering lodging services to travelers and tourists visiting the area.",2874,
Flamenco Hausriff,26.1653439,34.2456192,أخرى,"Flamenco Hausriff is a point of interest in Egypt, contributing to the country's diverse cultural, historical, and natural landscape.",2875,
Dolphin,26.1512472,34.2472384,إقامة,"Dolphin is a hotel and accommodation facility in Egypt, offering lodging services to travelers and tourists visiting the area.",2876,
El Kahf,26.0225132,34.3247923,أخرى,"El Kahf is a point of interest in Egypt, contributing to the country's diverse cultural, historical, and natural landscape.",2877,
Abu Sawatir,26.2060079,34.2203693,أخرى,"Abu Sawatir is a point of interest in Egypt, contributing to the country's diverse cultural, historical, and natural landscape.",2878,
راضي,31.3572795,27.2461753,إقامة,"راضي is a hotel and accommodation facility in Egypt, offering lodging services to travelers and tourists visiting the area.",2879,
ميامي,31.3567898,27.2421345,إقامة,"ميامي is a hotel and accommodation facility in Egypt, offering lodging services to travelers and tourists visiting the area.",2880,
بيل أير,31.3551797,27.2390161,إقامة,"بيل أير is a hotel and accommodation facility in Egypt, offering lodging services to travelers and tourists visiting the area.",2881,
متحف كهف رومل,31.36562,27.2484349,ثقافي,"متحف كهف رومل is a cultural institution in Egypt that preserves and presents aspects of Egyptian heritage, history, and artistic traditions for visitors and researchers alike.",2882,
صقور,31.3528903,27.2406341,إقامة,"صقور is a hotel and accommodation facility in Egypt, offering lodging services to travelers and tourists visiting the area.",2883,
المشير أحمد بدوي,31.3580736,27.2214496,إقامة,"المشير أحمد بدوي is a hotel and accommodation facility in Egypt, offering lodging services to travelers and tourists visiting the area.",2884,
القصر,31.3578805,27.2208331,إقامة,"القصر is a hotel and accommodation facility in Egypt, offering lodging services to travelers and tourists visiting the area.",2885,
Heliopolis Sports Club Summer Resort,31.3712543,27.181399,إقامة,"Heliopolis Sports Club Summer Resort is a hotel and accommodation facility in Egypt, offering lodging services to travelers and tourists visiting the area.",2886,
مرسى مطروح,31.3562414,27.2396987,خدمات,مرسى مطروح is a service facility in Egypt that supports visitors and residents in the area.,2887,
Beau Site,31.3621912,27.2212305,إقامة,"Beau Site is a hotel and accommodation facility in Egypt, offering lodging services to travelers and tourists visiting the area.",2888,
Cleopatra Beach,31.3738114,27.1906029,أخرى,"Cleopatra Beach is a point of interest in Egypt, contributing to the country's diverse cultural, historical, and natural landscape.",2889,
al firoz,31.3554219,27.2332537,إقامة,"al firoz is a hotel and accommodation facility in Egypt, offering lodging services to travelers and tourists visiting the area.",2890,
محجر,31.4179709,26.873812,أخرى,"محجر is a point of interest in Egypt, contributing to the country's diverse cultural, historical, and natural landscape.",2891,
El Lido Hotel,31.3549162,27.2403129,إقامة,"El Lido Hotel is a hotel and accommodation facility in Egypt, offering lodging services to travelers and tourists visiting the area.",2892,
زهرة المدائن,31.3473771,27.2918574,أخرى,"زهرة المدائن is a point of interest in Egypt, contributing to the country's diverse cultural, historical, and natural landscape.",2893,
شارع اسكندرية. مرسي مطروح,31.3551678,27.240173,أخرى,"شارع اسكندرية. مرسي مطروح is a point of interest in Egypt, contributing to the country's diverse cultural, historical, and natural landscape.",2894,
شاطئ الغرام,31.3683209,27.2216747,أخرى,"شاطئ الغرام is a point of interest in Egypt, contributing to the country's diverse cultural, historical, and natural landscape.",2895,
جاردن عجيبه,31.4068229,27.0243177,أخرى,"جاردن عجيبه is a point of interest in Egypt, contributing to the country's diverse cultural, historical, and natural landscape.",2896,
شاطئ العوام,31.3576228,27.2304261,أخرى,"شاطئ العوام is a point of interest in Egypt, contributing to the country's diverse cultural, historical, and natural landscape.",2897,
حديقة كليوباترا,31.3534813,27.2289972,أخرى,"حديقة كليوباترا is a point of interest in Egypt, contributing to the country's diverse cultural, historical, and natural landscape.",2898,
فندق دوما,31.3542188,27.2342555,إقامة,"فندق دوما is a hotel and accommodation facility in Egypt, offering lodging services to travelers and tourists visiting the area.",2899,
Reem hotel,31.3568105,27.2331039,إقامة,"Reem hotel is a hotel and accommodation facility in Egypt, offering lodging services to travelers and tourists visiting the area.",2900,
Delmar,31.3569312,27.2320582,إقامة,"Delmar is a hotel and accommodation facility in Egypt, offering lodging services to travelers and tourists visiting the area.",2901,
Reem plaza,31.3568823,27.2327084,إقامة,"Reem plaza is a hotel and accommodation facility in Egypt, offering lodging services to travelers and tourists visiting the area.",2902,
الدربالي شاليهات لونج ايلاند,31.3643147,27.2667877,أخرى,"الدربالي شاليهات لونج ايلاند is a point of interest in Egypt, contributing to the country's diverse cultural, historical, and natural landscape.",2903,
Ain Birbiya,25.5226204,29.3194979,تاريخي,Ain Birbiya is an ancient Egyptian historical site that forms part of Egypt's extraordinary archaeological heritage. The site offers visitors a direct connection to the civilization that built one of the greatest empires of the ancient world.,2904,
Tomb of Kitanes,25.5537002,29.299891,ثقافي,Tomb of Kitanes is an ancient Egyptian historical site that forms part of Egypt's extraordinary archaeological heritage. The site offers visitors a direct connection to the civilization that built one of the greatest empires of the ancient world.,2905,
Abu Echera,23.8147933,35.7858758,أخرى,"Abu Echera is a point of interest in Egypt, contributing to the country's diverse cultural, historical, and natural landscape.",2906,
Sirnaka Island,23.8292123,35.808667,أخرى,"Sirnaka Island is a point of interest in Egypt, contributing to the country's diverse cultural, historical, and natural landscape.",2907,
New Marshal Hotel,30.8805943,31.4554526,إقامة,"New Marshal Hotel is a hotel and accommodation facility in Egypt, offering lodging services to travelers and tourists visiting the area.",2908,
Egypt Air,31.0429901,31.3950671,أخرى,"Egypt Air is a point of interest in Egypt, contributing to the country's diverse cultural, historical, and natural landscape.",2909,
حوازه خاصه🏠,31.1149381,31.5696885,ثقافي,"حوازه خاصه🏠 is a cultural institution in Egypt that preserves and presents aspects of Egyptian heritage, history, and artistic traditions for visitors and researchers alike.",2910,
عزبة بذلة (M.Ali.Tolba),31.1427505,31.8187715,أخرى,"عزبة بذلة (M.Ali.Tolba) is a point of interest in Egypt, contributing to the country's diverse cultural, historical, and natural landscape.",2911,
Mendes,30.9562518,31.5170889,تاريخي,Mendes is an ancient Egyptian historical site that forms part of Egypt's extraordinary archaeological heritage. The site offers visitors a direct connection to the civilization that built one of the greatest empires of the ancient world.,2912,
منزل السيد علي حجازى٠١١٤٠٣٠٢٩٧٩,31.0271348,31.6484919,أخرى,"منزل السيد علي حجازى٠١١٤٠٣٠٢٩٧٩ is a point of interest in Egypt, contributing to the country's diverse cultural, historical, and natural landscape.",2913,
تمثال أم كلثوم,30.8908667,31.45609,أخرى,"تمثال أم كلثوم is a point of interest in Egypt, contributing to the country's diverse cultural, historical, and natural landscape.",2914,
ميت طريف,31.0635817,31.658387,أخرى,"ميت طريف is a point of interest in Egypt, contributing to the country's diverse cultural, historical, and natural landscape.",2915,
العرين,30.7637926,31.7476172,خدمات,العرين is a service facility in Egypt that supports visitors and residents in the area.,2916,
العرين,30.7637159,31.7476003,أخرى,"العرين is a point of interest in Egypt, contributing to the country's diverse cultural, historical, and natural landscape.",2917,
مسجد الجزيرة بقريه ابوحموده,30.8253881,31.6831844,أخرى,مسجد الجزيرة بقريه ابوحموده is a mosque serving the local Muslim community and representing Egypt's Islamic architectural heritage. Egypt's mosques range from medieval masterpieces to modern places of worship.,2918,
مسجد قريه ابوحموده الكبير,30.8259688,31.6875075,أخرى,مسجد قريه ابوحموده الكبير is a mosque serving the local Muslim community and representing Egypt's Islamic architectural heritage. Egypt's mosques range from medieval masterpieces to modern places of worship.,2919,
منزل استاذه نشوي صالح,31.0450459,31.4127712,أخرى,"منزل استاذه نشوي صالح is a point of interest in Egypt, contributing to the country's diverse cultural, historical, and natural landscape.",2920,
صلاح يوسف شريف,30.7779255,31.5059147,أخرى,"صلاح يوسف شريف is a point of interest in Egypt, contributing to the country's diverse cultural, historical, and natural landscape.",2921,
عزبة مرتضى,30.7913994,31.7585817,أخرى,"عزبة مرتضى is a point of interest in Egypt, contributing to the country's diverse cultural, historical, and natural landscape.",2922,
Pi-Ramesses,30.7998239,31.8350476,تاريخي,Pi-Ramesses is an ancient Egyptian historical site that forms part of Egypt's extraordinary archaeological heritage. The site offers visitors a direct connection to the civilization that built one of the greatest empires of the ancient world.,2923,
Hermopolis Parva,30.9581008,31.4194301,تاريخي,Hermopolis Parva is an ancient Egyptian historical site that forms part of Egypt's extraordinary archaeological heritage. The site offers visitors a direct connection to the civilization that built one of the greatest empires of the ancient world.,2924,
Avaris/Ramesses,30.7860137,31.822848,تاريخي,Avaris/Ramesses is an ancient Egyptian historical site that forms part of Egypt's extraordinary archaeological heritage. The site offers visitors a direct connection to the civilization that built one of the greatest empires of the ancient world.,2925,
منزل,30.8849131,31.4635596,إقامة,"منزل is a hotel and accommodation facility in Egypt, offering lodging services to travelers and tourists visiting the area.",2926,
قرية حسانين الطنطاوي,31.0433163,31.6468202,أخرى,"قرية حسانين الطنطاوي is a point of interest in Egypt, contributing to the country's diverse cultural, historical, and natural landscape.",2927,
مدينة ديرب نجم,30.7389646,31.485079,أخرى,"مدينة ديرب نجم is a point of interest in Egypt, contributing to the country's diverse cultural, historical, and natural landscape.",2928,
مدينة ديرب نجم,30.7479611,31.459602,أخرى,"مدينة ديرب نجم is a point of interest in Egypt, contributing to the country's diverse cultural, historical, and natural landscape.",2929,
مقابر صافور,30.787508,31.4107264,تاريخي,مقابر صافور is an ancient Egyptian historical site that forms part of Egypt's extraordinary archaeological heritage. The site offers visitors a direct connection to the civilization that built one of the greatest empires of the ancient world.,2930,
Hamada,24.4383333,35.2131166,أخرى,"Hamada is a point of interest in Egypt, contributing to the country's diverse cultural, historical, and natural landscape.",2931,
Wadi Khashir,24.1842341,35.2347791,تاريخي,Wadi Khashir is an ancient Egyptian historical site that forms part of Egypt's extraordinary archaeological heritage. The site offers visitors a direct connection to the civilization that built one of the greatest empires of the ancient world.,2932,
Abu Ghalqa,24.3493385,35.0715546,تاريخي,Abu Ghalqa is an ancient Egyptian historical site that forms part of Egypt's extraordinary archaeological heritage. The site offers visitors a direct connection to the civilization that built one of the greatest empires of the ancient world.,2933,
Umm Kābū,24.5705208,34.8800101,خدمات,Umm Kābū is a service facility in Egypt that supports visitors and residents in the area.,2934,
Sartut,24.2798624,35.000938,خدمات,Sartut is a service facility in Egypt that supports visitors and residents in the area.,2935,
مريتا,30.2957132,31.7425204,إقامة,"مريتا is a hotel and accommodation facility in Egypt, offering lodging services to travelers and tourists visiting the area.",2936,
Zag arrive point,30.583336,31.5017863,أخرى,"Zag arrive point is a point of interest in Egypt, contributing to the country's diverse cultural, historical, and natural landscape.",2937,
Zag home,30.5842231,31.4949352,أخرى,"Zag home is a point of interest in Egypt, contributing to the country's diverse cultural, historical, and natural landscape.",2938,
Poke Stop,30.5912956,31.5068132,أخرى,"Poke Stop is a point of interest in Egypt, contributing to the country's diverse cultural, historical, and natural landscape.",2939,
منزل الاستاذ أحمد يوسف,30.5501388,31.782504,أخرى,"منزل الاستاذ أحمد يوسف is a point of interest in Egypt, contributing to the country's diverse cultural, historical, and natural landscape.",2940,
ميدان الجزيرة,30.5567553,31.7831615,أخرى,"ميدان الجزيرة is a point of interest in Egypt, contributing to the country's diverse cultural, historical, and natural landscape.",2941,
ميدان التحريات,30.55904,31.7833283,أخرى,"ميدان التحريات is a point of interest in Egypt, contributing to the country's diverse cultural, historical, and natural landscape.",2942,
Poke Stop,30.5899831,31.5066019,أخرى,"Poke Stop is a point of interest in Egypt, contributing to the country's diverse cultural, historical, and natural landscape.",2943,
Poke Stop,30.5904816,31.507262,أخرى,"Poke Stop is a point of interest in Egypt, contributing to the country's diverse cultural, historical, and natural landscape.",2944,
قاعة افراح ومناسبات ونادي رياضي,30.5408063,31.6782009,أخرى,"قاعة افراح ومناسبات ونادي رياضي is a point of interest in Egypt, contributing to the country's diverse cultural, historical, and natural landscape.",2945,
دار ضيافة عرب الفدان,30.5544381,31.6777295,أخرى,"دار ضيافة عرب الفدان is a point of interest in Egypt, contributing to the country's diverse cultural, historical, and natural landscape.",2946,
مكان الامتحانات,30.5850312,31.5248619,إقامة,"مكان الامتحانات is a hotel and accommodation facility in Egypt, offering lodging services to travelers and tourists visiting the area.",2947,
قريه منشأه شفيق,30.5155498,31.4229123,خدمات,قريه منشأه شفيق is a service facility in Egypt that supports visitors and residents in the area.,2948,
كفر عبد الله عزيزة,30.4743041,31.4346376,أخرى,"كفر عبد الله عزيزة is a point of interest in Egypt, contributing to the country's diverse cultural, historical, and natural landscape.",2949,
ش م ش,30.5819287,31.4890099,أخرى,"ش م ش is a point of interest in Egypt, contributing to the country's diverse cultural, historical, and natural landscape.",2950,
شق مف,30.5815177,31.4889493,أخرى,"شق مف is a point of interest in Egypt, contributing to the country's diverse cultural, historical, and natural landscape.",2951,
المنزل,30.5359907,31.4703162,إقامة,"المنزل is a hotel and accommodation facility in Egypt, offering lodging services to travelers and tourists visiting the area.",2952,
السوهاجى لقطع غيار السيارات /جيلى إيمجراند/اسبرانزا/بى واى دى/بريليانس.,30.2861573,31.7172615,أخرى,"السوهاجى لقطع غيار السيارات /جيلى إيمجراند/اسبرانزا/بى واى دى/بريليانس. is a point of interest in Egypt, contributing to the country's diverse cultural, historical, and natural landscape.",2953,
ساحة ابو خليل,30.5832681,31.507054,أخرى,"ساحة ابو خليل is a point of interest in Egypt, contributing to the country's diverse cultural, historical, and natural landscape.",2954,
الأندلسية للصناعات الغذائية,30.2856949,31.7921647,ثقافي,"الأندلسية للصناعات الغذائية is a cultural institution in Egypt that preserves and presents aspects of Egyptian heritage, history, and artistic traditions for visitors and researchers alike.",2955,
كفر عياد البلد,30.4755593,31.6519131,أخرى,"كفر عياد البلد is a point of interest in Egypt, contributing to the country's diverse cultural, historical, and natural landscape.",2956,
منزل حسن عليوه,30.4260903,31.5623448,أخرى,"منزل حسن عليوه is a point of interest in Egypt, contributing to the country's diverse cultural, historical, and natural landscape.",2957,
مهاب,30.3136745,31.7652605,أخرى,"مهاب is a point of interest in Egypt, contributing to the country's diverse cultural, historical, and natural landscape.",2958,
Per-Sopdu,30.5534768,31.607844,تاريخي,Per-Sopdu is an ancient Egyptian historical site that forms part of Egypt's extraordinary archaeological heritage. The site offers visitors a direct connection to the civilization that built one of the greatest empires of the ancient world.,2959,
الظاهرية,30.5634491,31.7599071,أخرى,"الظاهرية is a point of interest in Egypt, contributing to the country's diverse cultural, historical, and natural landscape.",2960,
فيلا الحلفاوى,30.3345939,31.6807532,أخرى,"فيلا الحلفاوى is a point of interest in Egypt, contributing to the country's diverse cultural, historical, and natural landscape.",2961,
ميدان لولوة,30.3324623,31.6819766,أخرى,"ميدان لولوة is a point of interest in Egypt, contributing to the country's diverse cultural, historical, and natural landscape.",2962,
فيلا الحلفاوى,30.3347584,31.6799424,أخرى,"فيلا الحلفاوى is a point of interest in Egypt, contributing to the country's diverse cultural, historical, and natural landscape.",2963,
فيلا الحلفاوى,30.3345517,31.6807884,أخرى,"فيلا الحلفاوى is a point of interest in Egypt, contributing to the country's diverse cultural, historical, and natural landscape.",2964,
شارع عباد الرحمن الحى 28 مجاورة 5,30.3337008,31.6820529,أخرى,"شارع عباد الرحمن الحى 28 مجاورة 5 is a point of interest in Egypt, contributing to the country's diverse cultural, historical, and natural landscape.",2965,
شارع الحاج عامر سلامه,30.6396017,31.4904053,أخرى,"شارع الحاج عامر سلامه is a point of interest in Egypt, contributing to the country's diverse cultural, historical, and natural landscape.",2966,
مقر عموديه كفر النمر وميت زافر,30.6396836,31.4902433,أخرى,"مقر عموديه كفر النمر وميت زافر is a point of interest in Egypt, contributing to the country's diverse cultural, historical, and natural landscape.",2967,
كمباوند دار مصر,30.3362588,31.7263379,أخرى,"كمباوند دار مصر is a point of interest in Egypt, contributing to the country's diverse cultural, historical, and natural landscape.",2968,
ڤيلا م / محمود شريف,30.3445516,31.6732442,أخرى,"ڤيلا م / محمود شريف is a point of interest in Egypt, contributing to the country's diverse cultural, historical, and natural landscape.",2969,
الحي ١٧ مج ٢ قط ٢٣ طارق عبد الحميد,30.3680952,31.7290217,أخرى,"الحي ١٧ مج ٢ قط ٢٣ طارق عبد الحميد is a point of interest in Egypt, contributing to the country's diverse cultural, historical, and natural landscape.",2970,
بغدادى أباظه,30.5151678,31.596028,أخرى,"بغدادى أباظه is a point of interest in Egypt, contributing to the country's diverse cultural, historical, and natural landscape.",2971,
Diamond,30.3146425,31.7417687,إقامة,"Diamond is a hotel and accommodation facility in Egypt, offering lodging services to travelers and tourists visiting the area.",2972,
صينية ميزو mizu,30.2913373,31.7456276,أخرى,"صينية ميزو mizu is a point of interest in Egypt, contributing to the country's diverse cultural, historical, and natural landscape.",2973,
القصبة,31.1475,27.468889,أخرى,"القصبة is a point of interest in Egypt, contributing to the country's diverse cultural, historical, and natural landscape.",2974,
قرية جزر ميامي,31.2661029,27.371893,إقامة,"قرية جزر ميامي is a hotel and accommodation facility in Egypt, offering lodging services to travelers and tourists visiting the area.",2975,
مسجد,31.5998365,25.9289266,أخرى,مسجد is a mosque serving the local Muslim community and representing Egypt's Islamic architectural heritage. Egypt's mosques range from medieval masterpieces to modern places of worship.,2976,
نجع القطعان بوالغليظة,31.4977202,26.2335331,أخرى,"نجع القطعان بوالغليظة is a point of interest in Egypt, contributing to the country's diverse cultural, historical, and natural landscape.",2977,
EDEN CAMP,27.6291015,30.3146595,إقامة,"EDEN CAMP is a hotel and accommodation facility in Egypt, offering lodging services to travelers and tourists visiting the area.",2978,
النصب التذكارى للأمير كمال الدين حسين Monument to Prince Kamal el Din,22.6957117,25.872389,أخرى,"النصب التذكارى للأمير كمال الدين حسين Monument to Prince Kamal el Din is a point of interest in Egypt, contributing to the country's diverse cultural, historical, and natural landscape.",2979,
منجم سرمتاي,21.9988107,36.375974,أخرى,"منجم سرمتاي is a point of interest in Egypt, contributing to the country's diverse cultural, historical, and natural landscape.",2980,
תצפית לבקעת קדש ברנע,30.521286,34.5313644,أخرى,"תצפית לבקעת קדש ברנע is a point of interest in Egypt, contributing to the country's diverse cultural, historical, and natural landscape.",2981,
"אנדרטת סמ""ר ירון מאיה ז""ל",30.4383256,34.5614143,أخرى,"אנדרטת סמ""ר ירון מאיה ז""ל is a point of interest in Egypt, contributing to the country's diverse cultural, historical, and natural landscape.",2982,
كمين المثلث ١٣ احتياطى لصان,30.4012006,34.4410404,إقامة,"كمين المثلث ١٣ احتياطى لصان is a hotel and accommodation facility in Egypt, offering lodging services to travelers and tourists visiting the area.",2983,
كمين ١٤ عماره الصواصين احتياطى,30.5290164,34.4578669,إقامة,"كمين ١٤ عماره الصواصين احتياطى is a hotel and accommodation facility in Egypt, offering lodging services to travelers and tourists visiting the area.",2984,
الطريق الى وادى لصان,30.4023961,34.4420595,إقامة,"الطريق الى وادى لصان is a hotel and accommodation facility in Egypt, offering lodging services to travelers and tourists visiting the area.",2985,
جبل عريف الناقه,30.3999495,34.4419604,إقامة,"جبل عريف الناقه is a hotel and accommodation facility in Egypt, offering lodging services to travelers and tourists visiting the area.",2986,
الطريق الى بير المائين,30.4014495,34.4426691,إقامة,"الطريق الى بير المائين is a hotel and accommodation facility in Egypt, offering lodging services to travelers and tourists visiting the area.",2987,
مدخل عين قديس,30.5905434,34.5093093,إقامة,"مدخل عين قديس is a hotel and accommodation facility in Egypt, offering lodging services to travelers and tourists visiting the area.",2988,
وادى ام هشيمه,30.6191492,34.4801694,إقامة,"وادى ام هشيمه is a hotel and accommodation facility in Egypt, offering lodging services to travelers and tourists visiting the area.",2989,
قريه بئر معين,30.3678857,34.5582742,إقامة,"قريه بئر معين is a hotel and accommodation facility in Egypt, offering lodging services to travelers and tourists visiting the area.",2990,
مدخل العلامه الدوليه٤٨,30.5817413,34.4628958,إقامة,"مدخل العلامه الدوليه٤٨ is a hotel and accommodation facility in Egypt, offering lodging services to travelers and tourists visiting the area.",2991,
مدخل بير معين,30.3903142,34.5344298,إقامة,"مدخل بير معين is a hotel and accommodation facility in Egypt, offering lodging services to travelers and tourists visiting the area.",2992,
العلامه الدوليه ٤٦,30.5918125,34.5115471,إقامة,"العلامه الدوليه ٤٦ is a hotel and accommodation facility in Egypt, offering lodging services to travelers and tourists visiting the area.",2993,
كمين لصان  صاعقه,30.4238269,34.4835534,إقامة,"كمين لصان  صاعقه is a hotel and accommodation facility in Egypt, offering lodging services to travelers and tourists visiting the area.",2994,
נתנאל יהלומי,30.5257987,34.5289906,أخرى,"נתנאל יהלומי is a point of interest in Egypt, contributing to the country's diverse cultural, historical, and natural landscape.",2995,
"אנדרטת ה""פוגה""",30.5303929,34.5220458,أخرى,"אנדרטת ה""פוגה"" is a point of interest in Egypt, contributing to the country's diverse cultural, historical, and natural landscape.",2996,
Wreck of Sabri Baba 1,22.6275143,36.5598872,أخرى,"Wreck of Sabri Baba 1 is a point of interest in Egypt, contributing to the country's diverse cultural, historical, and natural landscape.",2997,
فندق نايل تريجر سوهاج,26.5569548,31.7053413,إقامة,"فندق نايل تريجر سوهاج is a hotel and accommodation facility in Egypt, offering lodging services to travelers and tourists visiting the area.",2998,
فندق الاندلس,26.5507538,31.6990896,إقامة,"فندق الاندلس is a hotel and accommodation facility in Egypt, offering lodging services to travelers and tourists visiting the area.",2999,
Athribis (Upper Egypt),26.5113586,31.6653555,تاريخي,Athribis (Upper Egypt) is an ancient Egyptian historical site that forms part of Egypt's extraordinary archaeological heritage. The site offers visitors a direct connection to the civilization that built one of the greatest empires of the ancient world.,3000,
فندق دهب,26.5511421,31.7000784,إقامة,"فندق دهب is a hotel and accommodation facility in Egypt, offering lodging services to travelers and tourists visiting the area.",3001,
Egiptian Obelisk,26.5600525,31.7064608,أخرى,"Egiptian Obelisk is a point of interest in Egypt, contributing to the country's diverse cultural, historical, and natural landscape.",3002,
Merritt Temple of Amun,26.5654214,31.7462625,أخرى,"Merritt Temple of Amun is an ancient Egyptian temple site representing the country's rich religious and architectural heritage. These sacred spaces served as centers of worship, ritual, and economic activity in the ancient world.",3003,
فندق السلام,26.5502233,31.6999617,إقامة,"فندق السلام is a hotel and accommodation facility in Egypt, offering lodging services to travelers and tourists visiting the area.",3004,
Al Safa Hotel,26.5612995,31.6984195,إقامة,"Al Safa Hotel is a hotel and accommodation facility in Egypt, offering lodging services to travelers and tourists visiting the area.",3005,
فيلا عياد عيد حبيب واولاده,26.3865885,31.6828805,ثقافي,"فيلا عياد عيد حبيب واولاده is a cultural institution in Egypt that preserves and presents aspects of Egyptian heritage, history, and artistic traditions for visitors and researchers alike.",3006,
Awlad Azzaz Site,26.5479692,31.5968821,تاريخي,Awlad Azzaz Site is an ancient Egyptian historical site that forms part of Egypt's extraordinary archaeological heritage. The site offers visitors a direct connection to the civilization that built one of the greatest empires of the ancient world.,3007,
محجر الضبع,26.7394602,31.6396964,ثقافي,"محجر الضبع is a cultural institution in Egypt that preserves and presents aspects of Egyptian heritage, history, and artistic traditions for visitors and researchers alike.",3008,
سكن الكوامل,26.4457324,31.6680588,ثقافي,"سكن الكوامل is a cultural institution in Egypt that preserves and presents aspects of Egyptian heritage, history, and artistic traditions for visitors and researchers alike.",3009,
Tomb of the Mayor of Athribis,26.5101559,31.6644884,تاريخي,Tomb of the Mayor of Athribis is an ancient Egyptian historical site that forms part of Egypt's extraordinary archaeological heritage. The site offers visitors a direct connection to the civilization that built one of the greatest empires of the ancient world.,3010,
Zodiac tomb,26.5092436,31.6656757,تاريخي,Zodiac tomb is an ancient Egyptian historical site that forms part of Egypt's extraordinary archaeological heritage. The site offers visitors a direct connection to the civilization that built one of the greatest empires of the ancient world.,3011,
Temple of Ptolemy IX (Physkon),26.510337,31.6657441,تاريخي,Temple of Ptolemy IX (Physkon) is an ancient Egyptian historical site that forms part of Egypt's extraordinary archaeological heritage. The site offers visitors a direct connection to the civilization that built one of the greatest empires of the ancient world.,3012,
Abo Elwafa,26.5510427,31.7000248,إقامة,"Abo Elwafa is a hotel and accommodation facility in Egypt, offering lodging services to travelers and tourists visiting the area.",3013,
Alfanar Azur,26.5482505,31.7027272,إقامة,"Alfanar Azur is a hotel and accommodation facility in Egypt, offering lodging services to travelers and tourists visiting the area.",3014,
Aman Palace Hotel,26.551407,31.7002838,إقامة,"Aman Palace Hotel is a hotel and accommodation facility in Egypt, offering lodging services to travelers and tourists visiting the area.",3015,
فندق ميريت امون,26.5592661,31.7087548,إقامة,"فندق ميريت امون is a hotel and accommodation facility in Egypt, offering lodging services to travelers and tourists visiting the area.",3016,
Desert Safari Home,28.3496776,28.8894116,إقامة,"Desert Safari Home is a hotel and accommodation facility in Egypt, offering lodging services to travelers and tourists visiting the area.",3017,
Old Oasis Hotel,28.3536925,28.8646702,إقامة,"Old Oasis Hotel is a hotel and accommodation facility in Egypt, offering lodging services to travelers and tourists visiting the area.",3018,
Sandrose Hotel,28.336509,28.8520837,إقامة,"Sandrose Hotel is a hotel and accommodation facility in Egypt, offering lodging services to travelers and tourists visiting the area.",3019,
منتجع واحه الباويطي,28.3772748,28.8923008,إقامة,"منتجع واحه الباويطي is a hotel and accommodation facility in Egypt, offering lodging services to travelers and tourists visiting the area.",3020,
English Mountain Main Entrance,28.3526725,28.9073447,أخرى,"English Mountain Main Entrance is a point of interest in Egypt, contributing to the country's diverse cultural, historical, and natural landscape.",3021,
Ahmed Safari Camp,28.3478866,28.8221995,إقامة,"Ahmed Safari Camp is a hotel and accommodation facility in Egypt, offering lodging services to travelers and tourists visiting the area.",3022,
Black Desert viewpoint,28.1393228,28.7417391,أخرى,"Black Desert viewpoint is a point of interest in Egypt, contributing to the country's diverse cultural, historical, and natural landscape.",3023,
Badry Sahara Camp,28.371985,28.8927009,إقامة,"Badry Sahara Camp is a hotel and accommodation facility in Egypt, offering lodging services to travelers and tourists visiting the area.",3024,
English houses (ruins),28.3572877,28.9020985,أخرى,"English houses (ruins) is a point of interest in Egypt, contributing to the country's diverse cultural, historical, and natural landscape.",3025,
Ecolouge,28.3590698,28.8810561,إقامة,"Ecolouge is a hotel and accommodation facility in Egypt, offering lodging services to travelers and tourists visiting the area.",3026,
Ruins,28.3529324,28.8646652,أخرى,"Ruins is a point of interest in Egypt, contributing to the country's diverse cultural, historical, and natural landscape.",3027,
Temple to Alexander the Great,28.3420962,28.8223275,أخرى,"Temple to Alexander the Great is an ancient Egyptian temple site representing the country's rich religious and architectural heritage. These sacred spaces served as centers of worship, ritual, and economic activity in the ancient world.",3028,
واحة بكار,28.3332892,28.8495912,إقامة,"واحة بكار is a hotel and accommodation facility in Egypt, offering lodging services to travelers and tourists visiting the area.",3029,
صخرة العامود Pillar Rock,27.1277594,26.4802198,أخرى,"صخرة العامود Pillar Rock is a point of interest in Egypt, contributing to the country's diverse cultural, historical, and natural landscape.",3030,
חמוקי ניצנה,30.8548234,34.4142522,أخرى,"חמוקי ניצנה is a point of interest in Egypt, contributing to the country's diverse cultural, historical, and natural landscape.",3031,
مدق رايح يمين و شمال,30.9059484,34.2207413,إقامة,"مدق رايح يمين و شمال is a hotel and accommodation facility in Egypt, offering lodging services to travelers and tourists visiting the area.",3032,
"סוכת יוסי יפה ז""ל",30.8585284,34.4121322,خارجي وطبيعي,"סוכת יוסי יפה ז""ל is an outdoor natural or recreational area in Egypt, offering visitors the opportunity to experience the country's diverse landscapes from the Nile Valley to the desert and Mediterranean coast.",3033,
יוסי יפה,30.8677,34.4046,أخرى,"יוסי יפה is a point of interest in Egypt, contributing to the country's diverse cultural, historical, and natural landscape.",3034,
احتياطى جنوب الخزان ٨٠,30.8100576,34.220475,إقامة,"احتياطى جنوب الخزان ٨٠ is a hotel and accommodation facility in Egypt, offering lodging services to travelers and tourists visiting the area.",3035,
نقطه الخزان,30.813746,34.1923606,إقامة,"نقطه الخزان is a hotel and accommodation facility in Egypt, offering lodging services to travelers and tourists visiting the area.",3036,
كمين ام قطف ٢٨,30.8410564,34.2464526,إقامة,"كمين ام قطف ٢٨ is a hotel and accommodation facility in Egypt, offering lodging services to travelers and tourists visiting the area.",3037,
كمين شمال ام قطف ٣٨,30.8446905,34.2449898,إقامة,"كمين شمال ام قطف ٣٨ is a hotel and accommodation facility in Egypt, offering lodging services to travelers and tourists visiting the area.",3038,
مدخل قريه ام قطف,30.8434637,34.2532089,إقامة,"مدخل قريه ام قطف is a hotel and accommodation facility in Egypt, offering lodging services to travelers and tourists visiting the area.",3039,
كمين شرق ام قطف ٨٤,30.8506149,34.2705612,إقامة,"كمين شرق ام قطف ٨٤ is a hotel and accommodation facility in Egypt, offering lodging services to travelers and tourists visiting the area.",3040,
كمين معسكر سطع ٢٣,30.8834188,34.3308138,إقامة,"كمين معسكر سطع ٢٣ is a hotel and accommodation facility in Egypt, offering lodging services to travelers and tourists visiting the area.",3041,
خندق,30.8819119,34.3467849,إقامة,"خندق is a hotel and accommodation facility in Egypt, offering lodging services to travelers and tourists visiting the area.",3042,
كمين ام شيحان ١١,30.8191993,34.1675838,إقامة,"كمين ام شيحان ١١ is a hotel and accommodation facility in Egypt, offering lodging services to travelers and tourists visiting the area.",3043,
كمين نقطه ١٧٤,30.8220366,34.2157856,إقامة,"كمين نقطه ١٧٤ is a hotel and accommodation facility in Egypt, offering lodging services to travelers and tourists visiting the area.",3044,
كمين شرق ام بسيس,30.8609797,34.2884507,إقامة,"كمين شرق ام بسيس is a hotel and accommodation facility in Egypt, offering lodging services to travelers and tourists visiting the area.",3045,
كمين وادى العمرو ١٣,30.8830315,34.3616189,إقامة,"كمين وادى العمرو ١٣ is a hotel and accommodation facility in Egypt, offering lodging services to travelers and tourists visiting the area.",3046,
كمين معيد ضلفه,30.7569846,34.2346996,إقامة,"كمين معيد ضلفه is a hotel and accommodation facility in Egypt, offering lodging services to travelers and tourists visiting the area.",3047,
كمين ضلفه ٨٩,30.7590975,34.2377276,إقامة,"كمين ضلفه ٨٩ is a hotel and accommodation facility in Egypt, offering lodging services to travelers and tourists visiting the area.",3048,
كمين  ام بسيس ٢٤,30.8545062,34.2808517,إقامة,"كمين  ام بسيس ٢٤ is a hotel and accommodation facility in Egypt, offering lodging services to travelers and tourists visiting the area.",3049,
طريق العريش,30.8059078,34.2399137,إقامة,"طريق العريش is a hotel and accommodation facility in Egypt, offering lodging services to travelers and tourists visiting the area.",3050,
كمين احتياطى ام قطف ٣٧,30.8011706,34.2410703,إقامة,"كمين احتياطى ام قطف ٣٧ is a hotel and accommodation facility in Egypt, offering lodging services to travelers and tourists visiting the area.",3051,
كمين غرب الاستطلاع ٦٣,30.8720013,34.3095141,إقامة,"كمين غرب الاستطلاع ٦٣ is a hotel and accommodation facility in Egypt, offering lodging services to travelers and tourists visiting the area.",3052,
منفذ العوجه ن ٢٥,30.884809,34.3922467,إقامة,"منفذ العوجه ن ٢٥ is a hotel and accommodation facility in Egypt, offering lodging services to travelers and tourists visiting the area.",3053,
كمين الضيقه ١٣٧,30.7524751,34.1219284,إقامة,"كمين الضيقه ١٣٧ is a hotel and accommodation facility in Egypt, offering lodging services to travelers and tourists visiting the area.",3054,
مدخل الوادى,30.7613482,34.130965,إقامة,"مدخل الوادى is a hotel and accommodation facility in Egypt, offering lodging services to travelers and tourists visiting the area.",3055,
تعلب ١٦,30.8431784,34.1181082,إقامة,"تعلب ١٦ is a hotel and accommodation facility in Egypt, offering lodging services to travelers and tourists visiting the area.",3056,
الغرقده,30.8010859,33.9985152,إقامة,"الغرقده is a hotel and accommodation facility in Egypt, offering lodging services to travelers and tourists visiting the area.",3057,
عمر ١٤,30.8348047,34.1133934,إقامة,"عمر ١٤ is a hotel and accommodation facility in Egypt, offering lodging services to travelers and tourists visiting the area.",3058,
مدق,30.7796558,34.366047,إقامة,"مدق is a hotel and accommodation facility in Egypt, offering lodging services to travelers and tourists visiting the area.",3059,
مدق للصابحه,30.762538,34.3808881,إقامة,"مدق للصابحه is a hotel and accommodation facility in Egypt, offering lodging services to travelers and tourists visiting the area.",3060,
مدق للمخزن,30.9122492,34.2147276,إقامة,"مدق للمخزن is a hotel and accommodation facility in Egypt, offering lodging services to travelers and tourists visiting the area.",3061,
الصبحه ١ رقم ١٧,30.7196337,34.4142102,إقامة,"الصبحه ١ رقم ١٧ is a hotel and accommodation facility in Egypt, offering lodging services to travelers and tourists visiting the area.",3062,
المدق التركى,30.7471201,34.2249094,إقامة,"المدق التركى is a hotel and accommodation facility in Egypt, offering lodging services to travelers and tourists visiting the area.",3063,
احتياطى ام شيحان,30.7965966,34.1621482,إقامة,"احتياطى ام شيحان is a hotel and accommodation facility in Egypt, offering lodging services to travelers and tourists visiting the area.",3064,
وادى بينتول,30.7604813,34.1333147,إقامة,"وادى بينتول is a hotel and accommodation facility in Egypt, offering lodging services to travelers and tourists visiting the area.",3065,
كمين التدخل السريع ٢٤١ كريم المرشدى,30.7632143,34.1340908,إقامة,"كمين التدخل السريع ٢٤١ كريم المرشدى is a hotel and accommodation facility in Egypt, offering lodging services to travelers and tourists visiting the area.",3066,
تعلب ١٧,30.8426843,34.1398688,إقامة,"تعلب ١٧ is a hotel and accommodation facility in Egypt, offering lodging services to travelers and tourists visiting the area.",3067,
مالك١١,30.8229031,34.0453858,إقامة,"مالك١١ is a hotel and accommodation facility in Egypt, offering lodging services to travelers and tourists visiting the area.",3068,
مالك ٩,30.8033567,34.0048117,إقامة,"مالك ٩ is a hotel and accommodation facility in Egypt, offering lodging services to travelers and tourists visiting the area.",3069,
مالك ٦,30.7659852,33.959733,إقامة,"مالك ٦ is a hotel and accommodation facility in Egypt, offering lodging services to travelers and tourists visiting the area.",3070,
مدق للصابحه,30.7380112,34.3818904,إقامة,"مدق للصابحه is a hotel and accommodation facility in Egypt, offering lodging services to travelers and tourists visiting the area.",3071,
حقل الغام م ا وحقل م د,30.8162232,34.2856927,إقامة,"حقل الغام م ا وحقل م د is a hotel and accommodation facility in Egypt, offering lodging services to travelers and tourists visiting the area.",3072,
مدق للمحزن,30.9120184,34.2168783,إقامة,"مدق للمحزن is a hotel and accommodation facility in Egypt, offering lodging services to travelers and tourists visiting the area.",3073,
مدق للمخزن,30.9122138,34.2109265,إقامة,"مدق للمخزن is a hotel and accommodation facility in Egypt, offering lodging services to travelers and tourists visiting the area.",3074,
مدق للمخزن,30.9140262,34.1987407,إقامة,"مدق للمخزن is a hotel and accommodation facility in Egypt, offering lodging services to travelers and tourists visiting the area.",3075,
مخزن عبوات و مخلفات,30.914223,34.1866485,إقامة,"مخزن عبوات و مخلفات is a hotel and accommodation facility in Egypt, offering lodging services to travelers and tourists visiting the area.",3076,
احتياطى العمرو ٢٧,30.8670708,34.3618065,إقامة,"احتياطى العمرو ٢٧ is a hotel and accommodation facility in Egypt, offering lodging services to travelers and tourists visiting the area.",3077,
تعلب ١٨ ج ٢ ميد,30.8355437,34.1556523,إقامة,"تعلب ١٨ ج ٢ ميد is a hotel and accommodation facility in Egypt, offering lodging services to travelers and tourists visiting the area.",3078,
محطه مياه ابو عقيله,30.8428514,34.122169,إقامة,"محطه مياه ابو عقيله is a hotel and accommodation facility in Egypt, offering lodging services to travelers and tourists visiting the area.",3079,
مالك١٣,30.8294094,34.0764431,إقامة,"مالك١٣ is a hotel and accommodation facility in Egypt, offering lodging services to travelers and tourists visiting the area.",3080,
مالك ٣,30.7557353,33.9354531,إقامة,"مالك ٣ is a hotel and accommodation facility in Egypt, offering lodging services to travelers and tourists visiting the area.",3081,
مدق,30.7925782,34.3594499,إقامة,"مدق is a hotel and accommodation facility in Egypt, offering lodging services to travelers and tourists visiting the area.",3082,
مدق للشعوب,30.7558392,34.3825579,إقامة,"مدق للشعوب is a hotel and accommodation facility in Egypt, offering lodging services to travelers and tourists visiting the area.",3083,
تقاطع وشجره ع الشمال,30.9004024,34.2210798,إقامة,"تقاطع وشجره ع الشمال is a hotel and accommodation facility in Egypt, offering lodging services to travelers and tourists visiting the area.",3084,
مفترق المدقات شمال عمرو يمين شعوب,30.8067312,34.3364724,إقامة,"مفترق المدقات شمال عمرو يمين شعوب is a hotel and accommodation facility in Egypt, offering lodging services to travelers and tourists visiting the area.",3085,
مدق للشعوب,30.8062976,34.3408485,إقامة,"مدق للشعوب is a hotel and accommodation facility in Egypt, offering lodging services to travelers and tourists visiting the area.",3086,
مزرعه صغيره راحه وتجهيز,30.7287737,34.1279668,إقامة,"مزرعه صغيره راحه وتجهيز is a hotel and accommodation facility in Egypt, offering lodging services to travelers and tourists visiting the area.",3087,
مركز طب الاسره,30.8326847,34.260014,إقامة,"مركز طب الاسره is a hotel and accommodation facility in Egypt, offering lodging services to travelers and tourists visiting the area.",3088,
مدخل ام سوره,30.7751864,34.154827,إقامة,"مدخل ام سوره is a hotel and accommodation facility in Egypt, offering lodging services to travelers and tourists visiting the area.",3089,
مدق,30.799554,34.3570367,إقامة,"مدق is a hotel and accommodation facility in Egypt, offering lodging services to travelers and tourists visiting the area.",3090,
مدق,30.7706661,34.3813928,إقامة,"مدق is a hotel and accommodation facility in Egypt, offering lodging services to travelers and tourists visiting the area.",3091,
مدق للمخزن,30.9129896,34.2055539,إقامة,"مدق للمخزن is a hotel and accommodation facility in Egypt, offering lodging services to travelers and tourists visiting the area.",3092,
قاعده دوريات المظلات ١٣٧,30.7524965,34.1218976,إقامة,"قاعده دوريات المظلات ١٣٧ is a hotel and accommodation facility in Egypt, offering lodging services to travelers and tourists visiting the area.",3093,
مدخل وادى ام سوره,30.7776207,34.1634482,إقامة,"مدخل وادى ام سوره is a hotel and accommodation facility in Egypt, offering lodging services to travelers and tourists visiting the area.",3094,
مالك ١٠,30.8183066,34.0264367,إقامة,"مالك ١٠ is a hotel and accommodation facility in Egypt, offering lodging services to travelers and tourists visiting the area.",3095,
مالك ٣,30.750391,33.9218503,إقامة,"مالك ٣ is a hotel and accommodation facility in Egypt, offering lodging services to travelers and tourists visiting the area.",3096,
مدرسه الحسيسه ترابين,30.8173435,34.3120529,إقامة,"مدرسه الحسيسه ترابين is a hotel and accommodation facility in Egypt, offering lodging services to travelers and tourists visiting the area.",3097,
انتهاء الاسفلت,30.808755,34.3233002,إقامة,"انتهاء الاسفلت is a hotel and accommodation facility in Egypt, offering lodging services to travelers and tourists visiting the area.",3098,
مدق للمخزن,30.9143006,34.1866928,إقامة,"مدق للمخزن is a hotel and accommodation facility in Egypt, offering lodging services to travelers and tourists visiting the area.",3099,
مالك١٢,30.8256536,34.060332,إقامة,"مالك١٢ is a hotel and accommodation facility in Egypt, offering lodging services to travelers and tourists visiting the area.",3100,
מצפור בר-לב,30.8572183,34.4059093,أخرى,"מצפור בר-לב is a point of interest in Egypt, contributing to the country's diverse cultural, historical, and natural landscape.",3101,
Nitzana Border Crossing,30.8823729,34.3949771,أخرى,"Nitzana Border Crossing is a point of interest in Egypt, contributing to the country's diverse cultural, historical, and natural landscape.",3102,
معركة مغضبة,30.96161,33.9632184,أخرى,"معركة مغضبة is a point of interest in Egypt, contributing to the country's diverse cultural, historical, and natural landscape.",3103,
الصبحه ٢ رقم,30.7330959,34.4246103,إقامة,"الصبحه ٢ رقم is a hotel and accommodation facility in Egypt, offering lodging services to travelers and tourists visiting the area.",3104,
مخزن الزخيره,30.7495727,34.4598047,إقامة,"مخزن الزخيره is a hotel and accommodation facility in Egypt, offering lodging services to travelers and tourists visiting the area.",3105,
mfo 85,30.752267,34.449988,إقامة,"mfo 85 is a hotel and accommodation facility in Egypt, offering lodging services to travelers and tourists visiting the area.",3106,
מצפה יפתח גורני,30.842294,34.4222446,أخرى,"מצפה יפתח גורני is a point of interest in Egypt, contributing to the country's diverse cultural, historical, and natural landscape.",3107,
